Frame,Nase_X,Nase_Y,Nase_Z,Nase_visibility,l_Auge_X,l_Auge_Y,l_Auge_Z,l_Auge_visibility,r_Auge_X,r_Auge_Y,r_Auge_Z,r_Auge_visibility,l_Ohr_X,l_Ohr_Y,l_Ohr_Z,l_Ohr_visibility,r_Ohr_X,r_Ohr_Y,r_Ohr_Z,r_Ohr_visibility,LShoulderRoll_X,LShoulderRoll_Y,LShoulderRoll_Z,LShoulderRoll_visibility,RShoulderRoll_X,RShoulderRoll_Y,RShoulderRoll_Z,RShoulderRoll_visibility,LElbowRoll_X,LElbowRoll_Y,LElbowRoll_Z,LElbowRoll_visibility,RElbowRoll_X,RElbowRoll_Y,RElbowRoll_Z,RElbowRoll_visibility,LWrist_X,LWrist_Y,LWrist_Z,LWrist_visibility,RWrist_X,RWrist_Y,RWrist_Z,RWrist_visibility,LHipRoll_X,LHipRoll_Y,LHipRoll_Z,LHipRoll_visibility,RHipRoll_X,RHipRoll_Y,RHipRoll_Z,RHipRoll_visibility,LKnee_X,LKnee_Y,LKnee_Z,LKnee_visibility,RKnee_X,RKnee_Y,RKnee_Z,RKnee_visibility,LAnkle_X,LAnkle_Y,LAnkle_Z,LAnkle_visibility,RAnkle_X,RAnkle_Y,RAnkle_Z,RAnkle_visibility
1,-0.03219732642173767,-0.6426129937171936,-0.34468311071395874,0.9997921586036682,-0.00487310066819191,-0.6597760319709778,-0.31838494539260864,0.9994779229164124,-0.031072018668055534,-0.6685870885848999,-0.3522735834121704,0.9996770620346069,0.0731133222579956,-0.6404595375061035,-0.22471943497657776,0.9997931122779846,-0.07467992603778839,-0.6036614775657654,-0.20958572626113892,0.9994296431541443,0.1654175966978073,-0.4568765461444855,-0.11011572182178497,0.9999681711196899,-0.14625060558319092,-0.5172556042671204,-0.03426814079284668,0.99989914894104,0.20277594029903412,-0.2391829639673233,-0.07658375799655914,0.9983494281768799,-0.14150968194007874,-0.2042587399482727,-0.0474841482937336,0.9902493357658386,0.18668974936008453,-0.003588799387216568,-0.0629943236708641,0.9978971481323242,-0.16158586740493774,0.007688680663704872,-0.1252092570066452,0.9943144917488098,0.09550260752439499,0.0033591934479773045,0.01781008206307888,0.9997171759605408,-0.09354136139154434,-0.007262962404638529,-0.01629767194390297,0.999671459197998,0.09099716693162918,0.4154781997203827,-0.018250588327646255,0.9516966938972473,-0.04367135465145111,0.329241544008255,0.02001888118684292,0.9105882048606873,0.10048222541809082,0.7472304701805115,0.17638200521469116,0.760187566280365,-0.06183447316288948,0.7081761360168457,0.1958530694246292,0.7786521315574646
2,-0.034425415098667145,-0.6414422392845154,-0.34774768352508545,0.9997759461402893,-0.007229876704514027,-0.6590127348899841,-0.323074609041214,0.9994319677352905,-0.033369362354278564,-0.6679260730743408,-0.35649487376213074,0.9996569752693176,0.07090497761964798,-0.6400632262229919,-0.23221275210380554,0.9997662901878357,-0.0778152346611023,-0.6037293672561646,-0.21537534892559052,0.9993877410888672,0.16481555998325348,-0.457190603017807,-0.11580823361873627,0.9999644160270691,-0.14644622802734375,-0.517763614654541,-0.04151148721575737,0.9998936057090759,0.20152650773525238,-0.23979845643043518,-0.08878178149461746,0.9982238411903381,-0.15365242958068848,-0.20454317331314087,-0.05204617977142334,0.9900426864624023,0.1825324445962906,-0.004372912459075451,-0.07280509918928146,0.997572660446167,-0.17477639019489288,0.007374895736575127,-0.12647870182991028,0.9940905570983887,0.09521476179361343,0.0033475924283266068,0.017606794834136963,0.9997122287750244,-0.0932072177529335,-0.007222973741590977,-0.01609179750084877,0.9996693134307861,0.09251696616411209,0.41232627630233765,-0.010241103358566761,0.951991081237793,-0.042518630623817444,0.32715165615081787,0.03275952488183975,0.9102301597595215,0.10063893347978592,0.7397087812423706,0.18616794049739838,0.7654659152030945,-0.06157403811812401,0.7049551010131836,0.2116471529006958,0.7834914326667786
3,-0.03548789769411087,-0.6413054466247559,-0.34877902269363403,0.9997714757919312,-0.008123248815536499,-0.6589789986610413,-0.32465994358062744,0.9994232654571533,-0.0342603400349617,-0.6679201722145081,-0.3577655255794525,0.999652624130249,0.07046247273683548,-0.6400303840637207,-0.234695166349411,0.9997590780258179,-0.0785796195268631,-0.6042922735214233,-0.21676990389823914,0.9993711113929749,0.1645623743534088,-0.45736831426620483,-0.11860347539186478,0.9999626278877258,-0.14648638665676117,-0.5185115337371826,-0.04247166961431503,0.9998884797096252,0.200384721159935,-0.24005034565925598,-0.09274489432573318,0.9982127547264099,-0.15734823048114777,-0.20475603640079498,-0.05222157761454582,0.9898431301116943,0.18163152039051056,-0.00550798187032342,-0.07541212439537048,0.9975185394287109,-0.17864052951335907,0.007268920540809631,-0.12649434804916382,0.993852436542511,0.09505906701087952,0.003312761429697275,0.017387358471751213,0.9997121691703796,-0.09301305562257767,-0.007142374292016029,-0.015865134075284004,0.9996693730354309,0.09439949691295624,0.4094619154930115,-0.002962562022730708,0.9533187747001648,-0.04049680754542351,0.3254895806312561,0.03776811063289642,0.9122406840324402,0.10101139545440674,0.7326276302337646,0.1993912309408188,0.7731102705001831,-0.05832627788186073,0.7012755870819092,0.22108475863933563,0.7905799746513367
4,-0.035525619983673096,-0.640592634677887,-0.3487952947616577,0.9997566342353821,-0.008196940645575523,-0.6584804654121399,-0.3246089518070221,0.9993825554847717,-0.034414324909448624,-0.6674414277076721,-0.3577324151992798,0.9996324181556702,0.07037173956632614,-0.6398211717605591,-0.2344113141298294,0.9997355341911316,-0.07947277277708054,-0.6042948961257935,-0.21664901077747345,0.9993287920951843,0.1646192967891693,-0.4573819637298584,-0.11817881464958191,0.9999595284461975,-0.14654801785945892,-0.5186892151832581,-0.04379454627633095,0.9998835325241089,0.200372576713562,-0.24001286923885345,-0.09195799380540848,0.9981222152709961,-0.15896376967430115,-0.20476338267326355,-0.05549678951501846,0.9898279905319214,0.18154394626617432,-0.006251244805753231,-0.07505416125059128,0.9973561763763428,-0.1793845295906067,0.007264794781804085,-0.13021115958690643,0.9937883019447327,0.09502879530191422,0.0033010069746524096,0.017483368515968323,0.9997130036354065,-0.0929722860455513,-0.00709935836493969,-0.015938524156808853,0.9996721148490906,0.09643872827291489,0.40854477882385254,6.822800969530363e-06,0.9541236758232117,-0.040145017206668854,0.3253193199634552,0.03842330724000931,0.9135860800743103,0.10297150164842606,0.7307190299034119,0.2019578069448471,0.7799103856086731,-0.058355968445539474,0.6996879577636719,0.22496242821216583,0.7965397238731384
5,-0.03613261878490448,-0.6390977501869202,-0.34972381591796875,0.9997515678405762,-0.008689364418387413,-0.6572830080986023,-0.3257926404476166,0.9993664026260376,-0.03494810685515404,-0.6663374900817871,-0.35868605971336365,0.9996258616447449,0.07030336558818817,-0.6389320492744446,-0.23535314202308655,0.9997227787971497,-0.07979725301265717,-0.60422283411026,-0.2171483337879181,0.9993067979812622,0.1646212786436081,-0.45703282952308655,-0.11799956113100052,0.9999576210975647,-0.14655090868473053,-0.518947422504425,-0.044312696903944016,0.9998818039894104,0.20037661492824554,-0.23914004862308502,-0.09171334654092789,0.9981054663658142,-0.16109581291675568,-0.2048637419939041,-0.05541964992880821,0.9899302124977112,0.18169257044792175,-0.006211745087057352,-0.07284948229789734,0.9972981810569763,-0.18118883669376373,0.007634665817022324,-0.13027311861515045,0.9937498569488525,0.09501389414072037,0.0032909277360886335,0.017800303176045418,0.999713122844696,-0.09295184910297394,-0.007070410531014204,-0.016240347176790237,0.9996750950813293,0.0988365188241005,0.4085845649242401,0.00031545449746772647,0.9544599652290344,-0.0397762767970562,0.3253064453601837,0.03729834035038948,0.9153773784637451,0.10423412173986435,0.73073810338974,0.20175622403621674,0.7819880843162537,-0.058157384395599365,0.6996495127677917,0.22383815050125122,0.8004290461540222
6,-0.03800100088119507,-0.6390485763549805,-0.349511057138443,0.9997527003288269,-0.010661264881491661,-0.6572743654251099,-0.32574722170829773,0.9993669390678406,-0.03690105304121971,-0.6663187146186829,-0.35852372646331787,0.9996287226676941,0.06891297549009323,-0.6389280557632446,-0.23520159721374512,0.9997189044952393,-0.08116043359041214,-0.6042912006378174,-0.21696628630161285,0.9993053078651428,0.16437257826328278,-0.4570659399032593,-0.11785738170146942,0.9999563097953796,-0.1467159539461136,-0.519166111946106,-0.044084712862968445,0.9998806715011597,0.2002989500761032,-0.2392212301492691,-0.09112098067998886,0.9980974197387695,-0.16204608976840973,-0.20498435199260712,-0.05420587584376335,0.9899088144302368,0.18172504007816315,-0.0065961359068751335,-0.07272191345691681,0.9972336888313293,-0.18148109316825867,0.007528793532401323,-0.12914299964904785,0.993661105632782,0.09491579234600067,0.0032753674313426018,0.017729274928569794,0.9997086524963379,-0.09284276515245438,-0.007042544428259134,-0.016173724085092545,0.9996727108955383,0.09897016733884811,0.40839678049087524,0.00016750377835705876,0.9541417956352234,-0.03847305104136467,0.3248925507068634,0.03664680942893028,0.9149925112724304,0.10526461899280548,0.730862021446228,0.20059171319007874,0.7822796702384949,-0.055830880999565125,0.6997289657592773,0.22240230441093445,0.8013765215873718
7,-0.04119586572051048,-0.6387327909469604,-0.349742591381073,0.9997478127479553,-0.013680248521268368,-0.657089114189148,-0.3262185752391815,0.9993546605110168,-0.039840199053287506,-0.6661096811294556,-0.35872364044189453,0.999622106552124,0.06731657683849335,-0.6387845873832703,-0.23680631816387177,0.9997106194496155,-0.08237626403570175,-0.6042323708534241,-0.21707379817962646,0.9992867708206177,0.16387604176998138,-0.45709511637687683,-0.11898121237754822,0.9999552965164185,-0.14698061347007751,-0.5191776752471924,-0.044052574783563614,0.9998796582221985,0.1999124139547348,-0.23938843607902527,-0.09165642410516739,0.998062014579773,-0.1644275188446045,-0.20513583719730377,-0.05327102541923523,0.9899106025695801,0.18154123425483704,-0.007220048923045397,-0.07270729541778564,0.9971448183059692,-0.18275685608386993,0.007417535409331322,-0.1273849606513977,0.993619441986084,0.09485330432653427,0.0032398647163063288,0.017680879682302475,0.9997130036354065,-0.09277170896530151,-0.006973267067223787,-0.01612260192632675,0.9996791481971741,0.09930060803890228,0.4074642062187195,0.00029750296380370855,0.9549100399017334,-0.038503699004650116,0.3248312771320343,0.03671937435865402,0.9165977835655212,0.1053263321518898,0.7283366322517395,0.2026904672384262,0.7869977951049805,-0.05586908012628555,0.6985387206077576,0.22337216138839722,0.8057423830032349
8,-0.04123993590474129,-0.6387842893600464,-0.34983718395233154,0.9997529983520508,-0.013713394291698933,-0.6572097539901733,-0.3262622356414795,0.9993687272071838,-0.03995808586478233,-0.6662004590034485,-0.3587320148944855,0.9996307492256165,0.06732898205518723,-0.638863742351532,-0.23665574193000793,0.9997153282165527,-0.08260040730237961,-0.6043671369552612,-0.21696612238883972,0.9992961883544922,0.16400304436683655,-0.4571627974510193,-0.11869800835847855,0.9999549388885498,-0.14699098467826843,-0.5193408131599426,-0.04377082735300064,0.9998793601989746,0.20139966905117035,-0.23936183750629425,-0.09090927988290787,0.9980908036231995,-0.16419799625873566,-0.20559287071228027,-0.05219471827149391,0.9900543093681335,0.18214647471904755,-0.007258344441652298,-0.07182943820953369,0.9971708655357361,-0.1825544387102127,0.006989603862166405,-0.1272704303264618,0.9936541318893433,0.0948474183678627,0.003221523016691208,0.017708737403154373,0.9997203350067139,-0.09276306629180908,-0.0069341398775577545,-0.016141675412654877,0.9996882081031799,0.10088089108467102,0.4074243903160095,0.0005416152416728437,0.9567161798477173,-0.03847239166498184,0.32471808791160583,0.03644831106066704,0.9201371669769287,0.10555924475193024,0.7271327972412109,0.20656158030033112,0.7955746650695801,-0.05585673823952675,0.6978647112846375,0.2237948626279831,0.8144675493240356
9,-0.0412079356610775,-0.6387656927108765,-0.3499775826931,0.9997466802597046,-0.013680503703653812,-0.6572049260139465,-0.3263840973377228,0.9993522763252258,-0.039941318333148956,-0.6661980152130127,-0.3588778078556061,0.9996216893196106,0.06730784475803375,-0.6388504505157471,-0.2366405874490738,0.9997047781944275,-0.08280571550130844,-0.6044413447380066,-0.21711817383766174,0.9992716908454895,0.16396640241146088,-0.4572083055973053,-0.11861312389373779,0.9999537467956543,-0.1470777541399002,-0.519361138343811,-0.04372374340891838,0.9998769164085388,0.20128145813941956,-0.23934921622276306,-0.09070394188165665,0.998084306716919,-0.16540639102458954,-0.2056000679731369,-0.05143492668867111,0.9900487661361694,0.18216829001903534,-0.007199220359325409,-0.0708485022187233,0.9971429705619812,-0.18282686173915863,0.007084586191922426,-0.12521031498908997,0.993553876876831,0.09482596069574356,0.003156691789627075,0.017683709040284157,0.999722957611084,-0.09273646026849747,-0.006825571414083242,-0.016112476587295532,0.9996918439865112,0.10388912260532379,0.40729737281799316,0.001403897418640554,0.9576907157897949,-0.03760134056210518,0.32472655177116394,0.036792926490306854,0.9217868447303772,0.10790017247200012,0.7263424396514893,0.2093443125486374,0.7994964122772217,-0.05449705570936203,0.6978756189346313,0.2251160442829132,0.8190050721168518
10,-0.04087163880467415,-0.6375642418861389,-0.3500351011753082,0.9997455477714539,-0.013496405445039272,-0.656143069267273,-0.3263826072216034,0.9993487596511841,-0.039815209805965424,-0.6650578379631042,-0.3589728772640228,0.9996207356452942,0.06722931563854218,-0.638191282749176,-0.23631010949611664,0.9997010827064514,-0.08326799422502518,-0.6039648652076721,-0.2172156572341919,0.9992636442184448,0.16388913989067078,-0.45707592368125916,-0.11769907921552658,0.9999529719352722,-0.14780093729496002,-0.519017219543457,-0.0437905378639698,0.9998751282691956,0.20128366351127625,-0.23868706822395325,-0.09018770605325699,0.9980749487876892,-0.16513706743717194,-0.20382541418075562,-0.051720719784498215,0.9900758266448975,0.1822889745235443,-0.00669713132083416,-0.07072567194700241,0.9971326589584351,-0.18261928856372833,0.0075767128728330135,-0.12632690370082855,0.9935815334320068,0.0948266088962555,0.0030880782287567854,0.017906930297613144,0.9997210502624512,-0.0927310585975647,-0.006740703713148832,-0.016321733593940735,0.9996901154518127,0.1041206642985344,0.4074501395225525,0.0016225377330556512,0.9582600593566895,-0.03716113790869713,0.32541757822036743,0.0338546521961689,0.9231051802635193,0.10827874392271042,0.7265923023223877,0.20858363807201385,0.8034626245498657,-0.05455775186419487,0.698311448097229,0.22338277101516724,0.8231481909751892
11,-0.03630412742495537,-0.6371062397956848,-0.35010719299316406,0.9997440576553345,-0.009228215552866459,-0.6556425094604492,-0.326363742351532,0.9993385672569275,-0.035825006663799286,-0.6645895838737488,-0.3590097427368164,0.9996185898780823,0.06976313889026642,-0.6376527547836304,-0.2357700914144516,0.9996933341026306,-0.08183698356151581,-0.6036149263381958,-0.21726949512958527,0.9992568492889404,0.16553646326065063,-0.4568454325199127,-0.11600837856531143,0.9999518394470215,-0.14754413068294525,-0.5189884305000305,-0.04445507377386093,0.9998757839202881,0.20259730517864227,-0.23844870924949646,-0.08644527941942215,0.9980146288871765,-0.16685357689857483,-0.20472939312458038,-0.05463245138525963,0.9902893900871277,0.18343430757522583,-0.00627494603395462,-0.06667638570070267,0.997018575668335,-0.18324624001979828,0.007357101887464523,-0.13157208263874054,0.9936516880989075,0.09483127295970917,0.003052873769775033,0.018392741680145264,0.9997221231460571,-0.0927334874868393,-0.006693500559777021,-0.01677655056118965,0.9996938705444336,0.10517225414514542,0.40695998072624207,0.0023883350659161806,0.9581647515296936,-0.0371520109474659,0.3246077597141266,0.03378543257713318,0.9234479069709778,0.11003389954566956,0.7259538173675537,0.20934924483299255,0.8037469983100891,-0.05458127707242966,0.6973977088928223,0.22286978363990784,0.8245086669921875
12,-0.02764865942299366,-0.6385467648506165,-0.3319881558418274,0.9997613430023193,-0.00040690123569220304,-0.6570543050765991,-0.30768731236457825,0.9993835091590881,-0.026274923235177994,-0.666105329990387,-0.34054240584373474,0.9996436834335327,0.07715067267417908,-0.638573944568634,-0.21650773286819458,0.9997130632400513,-0.07251962274312973,-0.6052351593971252,-0.19978085160255432,0.9993022084236145,0.16908451914787292,-0.4568401575088501,-0.09875064343214035,0.9999527931213379,-0.1438746303319931,-0.5241249203681946,-0.024597473442554474,0.9998769164085388,0.20588533580303192,-0.23797160387039185,-0.07081305980682373,0.9980239868164062,-0.184477761387825,-0.2286759912967682,-0.038518041372299194,0.9903655052185059,0.18635614216327667,-0.0056276763789355755,-0.05324447900056839,0.997102677822113,-0.23464354872703552,-0.030706286430358887,-0.12443068623542786,0.9936527013778687,0.09483195096254349,0.0031563525553792715,0.01851360872387886,0.9997081756591797,-0.09272290766239166,-0.006821914575994015,-0.016901753842830658,0.9996781349182129,0.10541824251413345,0.40964946150779724,0.0012986379442736506,0.9584836363792419,-0.033397428691387177,0.3239538073539734,0.022072533145546913,0.9252715110778809,0.11104018986225128,0.7318634986877441,0.19647997617721558,0.8063144087791443,-0.04458364471793175,0.7006475329399109,0.20159302651882172,0.8270881772041321
13,-0.023131664842367172,-0.6370432376861572,-0.2916131317615509,0.9997825622558594,0.0037204178515821695,-0.6559118032455444,-0.26688122749328613,0.9994372725486755,-0.022331496700644493,-0.664928674697876,-0.2993553876876831,0.9996744990348816,0.08018655329942703,-0.6382938623428345,-0.17186494171619415,0.9997372627258301,-0.07164740562438965,-0.6050588488578796,-0.15698020160198212,0.9993589520454407,0.16946764290332794,-0.4555259048938751,-0.0658322423696518,0.9999539256095886,-0.14379292726516724,-0.5321018695831299,0.03142617642879486,0.9998791813850403,0.20895777642726898,-0.23330433666706085,-0.04462818801403046,0.9979336261749268,-0.24738332629203796,-0.2847793698310852,0.005571313202381134,0.9902827739715576,0.18679484724998474,0.004577156156301498,-0.026765568181872368,0.9970982670783997,-0.3876129686832428,-0.18631717562675476,-0.1148964986205101,0.9940119385719299,0.09464824199676514,0.0036193658597767353,0.016218384727835655,0.9996773600578308,-0.09244699031114578,-0.00738353468477726,-0.01432027854025364,0.9996492266654968,0.10516814887523651,0.411062091588974,-0.010356075130403042,0.9559928178787231,-0.03157489746809006,0.3232206702232361,0.015292814932763577,0.9221907258033752,0.11092279106378555,0.7390062212944031,0.17108173668384552,0.7952144742012024,-0.04491586238145828,0.7025254964828491,0.17920273542404175,0.8207018971443176
14,-0.020375706255435944,-0.6288186311721802,-0.28317466378211975,0.9997932314872742,0.0063667199574410915,-0.6488329768180847,-0.259306937456131,0.9994632601737976,-0.020535608753561974,-0.6583771705627441,-0.29211321473121643,0.9996809959411621,0.08192933350801468,-0.6319597363471985,-0.16400936245918274,0.9997514486312866,-0.07194299250841141,-0.6003457903862,-0.14921483397483826,0.9993455410003662,0.17111653089523315,-0.4459138512611389,-0.06250698119401932,0.999950110912323,-0.14783784747123718,-0.5385274887084961,0.02571043185889721,0.9998136758804321,0.21538130939006805,-0.21806098520755768,-0.04256248101592064,0.9974864721298218,-0.28194621205329895,-0.38550254702568054,-0.0652707889676094,0.9840555787086487,0.19786538183689117,0.019534161314368248,-0.02833022177219391,0.9969447255134583,-0.43880119919776917,-0.46207910776138306,-0.27791672945022583,0.993635356426239,0.09496564418077469,0.0034510022960603237,0.01636592485010624,0.9996100068092346,-0.09272201359272003,-0.007352350279688835,-0.014348848722875118,0.999531626701355,0.1042524054646492,0.40651199221611023,-0.010125751607120037,0.9352070689201355,-0.029353326186537743,0.3217165172100067,0.014089180156588554,0.8881309628486633,0.1079852283000946,0.7375825643539429,0.17409111559391022,0.7630907297134399,-0.04511461779475212,0.6983073949813843,0.18140071630477905,0.7915675044059753
15,-0.019383562728762627,-0.6216383576393127,-0.2801918685436249,0.9998013973236084,0.006420655641704798,-0.6429535150527954,-0.25586768984794617,0.9994876980781555,-0.02099977433681488,-0.6514202952384949,-0.28942790627479553,0.9996819496154785,0.08177968859672546,-0.6276344060897827,-0.15770025551319122,0.9997655749320984,-0.07617241144180298,-0.5884180068969727,-0.14537549018859863,0.9993311762809753,0.1722397804260254,-0.4386539161205292,-0.044919393956661224,0.9999410510063171,-0.147825226187706,-0.5432804822921753,0.023564018309116364,0.9996810555458069,0.2198432981967926,-0.2018565982580185,-0.03377426415681839,0.9957453608512878,-0.27524465322494507,-0.5109001994132996,-0.17855343222618103,0.9828411936759949,0.2194814532995224,0.030569419264793396,-0.028546558693051338,0.9961895942687988,-0.371457576751709,-0.7064506411552429,-0.3817618787288666,0.9937034845352173,0.09500836580991745,0.001965462928637862,0.022748759016394615,0.9995291233062744,-0.09276024997234344,-0.006534163374453783,-0.02011958137154579,0.9994186162948608,0.10304991155862808,0.403378427028656,0.0006362280109897256,0.9091386198997498,-0.03119581565260887,0.32160329818725586,0.010001699440181255,0.8597506284713745,0.10782599449157715,0.7315083742141724,0.18269219994544983,0.7448322176933289,-0.04927326738834381,0.6917057633399963,0.18486247956752777,0.7738631367683411
16,-0.01907758042216301,-0.6161604523658752,-0.2650996744632721,0.9997889399528503,0.005991727113723755,-0.6379305720329285,-0.2400958389043808,0.9994751811027527,-0.02136608585715294,-0.6444182395935059,-0.27316221594810486,0.9996316432952881,0.0807550847530365,-0.623436450958252,-0.14437024295330048,0.9997658133506775,-0.07854946702718735,-0.5731285810470581,-0.13093821704387665,0.9991949200630188,0.17377711832523346,-0.42551177740097046,-0.036561962217092514,0.9999276399612427,-0.14717064797878265,-0.5450952649116516,0.017832547426223755,0.9994727969169617,0.2195015698671341,-0.19048936665058136,-0.03626081719994545,0.9935503005981445,-0.2599508762359619,-0.5717380046844482,-0.19616419076919556,0.9831979870796204,0.22330725193023682,0.03213119879364967,-0.030354073271155357,0.9936944842338562,-0.20244598388671875,-0.7901557087898254,-0.3621317446231842,0.992577850818634,0.09496888518333435,0.00023023321409709752,0.023501981049776077,0.9993436932563782,-0.09275030344724655,-0.005359665025025606,-0.02090599201619625,0.9991961121559143,0.10324572026729584,0.4021189212799072,0.0004541677772067487,0.8584806323051453,-0.030053898692131042,0.3263195753097534,-0.006695964839309454,0.8131417632102966,0.11729923635721207,0.7344644665718079,0.16400831937789917,0.6978234648704529,-0.04376523196697235,0.6946547031402588,0.15461789071559906,0.7234330177307129
17,-0.02033797651529312,-0.6166401505470276,-0.25035086274147034,0.9997411966323853,0.0007953764870762825,-0.6391231417655945,-0.22305463254451752,0.9993851780891418,-0.02706187404692173,-0.6452455520629883,-0.25705668330192566,0.9994668960571289,0.07318472117185593,-0.6249971389770508,-0.12667812407016754,0.999721348285675,-0.08798390626907349,-0.5736849904060364,-0.11597047746181488,0.9986686706542969,0.16942252218723297,-0.4276832044124603,-0.023218441754579544,0.9999051690101624,-0.1445680409669876,-0.5532060861587524,0.010738260112702847,0.9991281032562256,0.21700789034366608,-0.19511348009109497,-0.0220824982970953,0.9915988445281982,-0.2286282777786255,-0.5977811217308044,-0.1685047298669815,0.983801007270813,0.22065718472003937,0.019898613914847374,0.0009469139040447772,0.9902278184890747,-0.05628275126218796,-0.7613571286201477,-0.31151220202445984,0.9870209693908691,0.0934029072523117,-0.0013094003079459071,0.023517046123743057,0.9992236495018005,-0.09160584956407547,-0.004002689849585295,-0.020988594740629196,0.9990597367286682,0.10296779870986938,0.39755281805992126,0.01026671938598156,0.8003823161125183,-0.030503666028380394,0.32627519965171814,-0.0037271366454660892,0.7586901187896729,0.11691806465387344,0.7339991331100464,0.16766013205051422,0.6437812447547913,-0.04431513696908951,0.6956982612609863,0.15183915197849274,0.666844367980957
18,-0.01945502683520317,-0.619296133518219,-0.22032202780246735,0.9996086359024048,0.0006892894743941724,-0.6413784623146057,-0.19199706614017487,0.999078631401062,-0.027049526572227478,-0.6455882787704468,-0.22599318623542786,0.9990383386611938,0.07095671445131302,-0.625313401222229,-0.09937188774347305,0.9995708465576172,-0.08785556256771088,-0.5729115009307861,-0.09189523011445999,0.9975595474243164,0.16868089139461517,-0.42514413595199585,7.489730342058465e-05,0.9998732805252075,-0.13725057244300842,-0.5569099187850952,0.017344050109386444,0.9988015294075012,0.21673133969306946,-0.1983560174703598,0.004542064853012562,0.9894835948944092,-0.20398133993148804,-0.6221587657928467,-0.15196745097637177,0.9844027161598206,0.2207576334476471,0.01316479779779911,0.033529315143823624,0.9871748685836792,-0.02427796833217144,-0.7607753276824951,-0.16199272871017456,0.9806005358695984,0.09296508878469467,-0.001838944386690855,0.02398272231221199,0.9990935325622559,-0.0913347527384758,-0.003648801241070032,-0.021655626595020294,0.9989222288131714,0.1032731905579567,0.3956930339336395,0.011267527006566525,0.7400735020637512,-0.03133416920900345,0.32618507742881775,-0.003146073780953884,0.7021742463111877,0.11699192225933075,0.7356357574462891,0.1696477085351944,0.5892770886421204,-0.0503186397254467,0.6958884596824646,0.15599967539310455,0.6097972989082336
19,-0.01955556496977806,-0.612463116645813,-0.2762380540370941,0.9996015429496765,0.0008476979564875364,-0.6338416934013367,-0.24866259098052979,0.9990882873535156,-0.026982879266142845,-0.6385146975517273,-0.2820165157318115,0.9989904165267944,0.07302913814783096,-0.6171383261680603,-0.1501304656267166,0.9995799660682678,-0.0876384824514389,-0.5629163384437561,-0.13466675579547882,0.9973844885826111,0.17007414996623993,-0.4176734387874603,-0.04055653512477875,0.9998635053634644,-0.13661426305770874,-0.5562800765037537,-0.02314188703894615,0.9985777735710144,0.21645809710025787,-0.1967317909002304,-0.0524987131357193,0.9881107807159424,-0.21371769905090332,-0.6452732086181641,-0.18224437534809113,0.9849364161491394,0.21918374300003052,0.012672615237534046,-0.034698355942964554,0.9842390418052673,-0.0948621854186058,-0.8396626710891724,-0.25372594594955444,0.9761483669281006,0.09276624023914337,-0.0027847294695675373,0.023935813456773758,0.9990094304084778,-0.09115742146968842,-0.002765870885923505,-0.021622376516461372,0.9988327622413635,0.10420426726341248,0.3945417106151581,0.010922301560640335,0.7082317471504211,-0.031966909766197205,0.3267035484313965,-0.003858147421851754,0.6767814755439758,0.11864792555570602,0.7351056337356567,0.16520778834819794,0.5616697072982788,-0.04963971674442291,0.6948598623275757,0.15563294291496277,0.5776746869087219
20,-0.015783194452524185,-0.597569465637207,-0.32709312438964844,0.9996187686920166,0.008008543401956558,-0.615779459476471,-0.3021593391895294,0.9991390705108643,-0.01865558698773384,-0.6240846514701843,-0.3345309793949127,0.9990226626396179,0.08309802412986755,-0.5891653895378113,-0.20873256027698517,0.9996064901351929,-0.07610728591680527,-0.5506483316421509,-0.18840008974075317,0.9974462389945984,0.17129535973072052,-0.39255592226982117,-0.09402238577604294,0.9998584389686584,-0.13463611900806427,-0.5558552145957947,-0.052159231156110764,0.9984797239303589,0.21663381159305573,-0.18377134203910828,-0.08566713333129883,0.9880619645118713,-0.22898393869400024,-0.6588696241378784,-0.17817911505699158,0.9854280948638916,0.21862667798995972,0.01785975508391857,-0.05976293236017227,0.9837151169776917,-0.19448703527450562,-0.8970460891723633,-0.2689698040485382,0.9761483073234558,0.0927567183971405,-0.003327073296532035,0.023898936808109283,0.9989331960678101,-0.09112124145030975,-0.0023593627847731113,-0.021605191752314568,0.9987488985061646,0.10795515775680542,0.39427450299263,0.0067749908193945885,0.6978830695152283,-0.0327908955514431,0.32805535197257996,-0.0056967767886817455,0.6704132556915283,0.1257932186126709,0.7335342764854431,0.1616017073392868,0.5482472777366638,-0.049918223172426224,0.6951992511749268,0.15506431460380554,0.5651980638504028
21,-0.008197573013603687,-0.5948570370674133,-0.3326990306377411,0.9996288418769836,0.016850154846906662,-0.6131101846694946,-0.30699682235717773,0.999169647693634,-0.009937425144016743,-0.6215680241584778,-0.34026068449020386,0.9990419745445251,0.08912446349859238,-0.588377058506012,-0.20914578437805176,0.9996210336685181,-0.07247854769229889,-0.5505012273788452,-0.1952579915523529,0.9974679946899414,0.1715250164270401,-0.3967286944389343,-0.09539873152971268,0.9998475313186646,-0.13486528396606445,-0.5555126070976257,-0.05139676481485367,0.9983273148536682,0.2165117710828781,-0.18494148552417755,-0.08457482606172562,0.9874314069747925,-0.2566288113594055,-0.6329337358474731,-0.17144843935966492,0.9854856133460999,0.21744590997695923,0.018989380449056625,-0.0625794306397438,0.9830018877983093,-0.3162924349308014,-0.8530474305152893,-0.28022852540016174,0.9766530394554138,0.09268073737621307,-0.0038747452199459076,0.023866403847932816,0.9988616108894348,-0.09096740186214447,-0.0018040125723928213,-0.021581245586276054,0.9986575245857239,0.10442743450403214,0.39246666431427,-0.0007252435316331685,0.7012971043586731,-0.036994509398937225,0.3250071704387665,-0.0065539199858903885,0.6683989763259888,0.1209428608417511,0.7303337454795837,0.15163294970989227,0.549774706363678,-0.055900104343891144,0.6900491118431091,0.1529773622751236,0.5631216168403625
22,-0.004621071275323629,-0.5914115905761719,-0.3281588852405548,0.9996390342712402,0.01974017359316349,-0.6097307801246643,-0.3030158579349518,0.9991942048072815,-0.006043172907084227,-0.617769718170166,-0.33642932772636414,0.9990682601928711,0.08947547525167465,-0.5862616300582886,-0.20765887200832367,0.9996275901794434,-0.06924363970756531,-0.5473580360412598,-0.19569829106330872,0.997499406337738,0.17096753418445587,-0.3985655605792999,-0.09661102294921875,0.9998407363891602,-0.13406367599964142,-0.55265873670578,-0.048815421760082245,0.9982962012290955,0.2164132297039032,-0.1866869330406189,-0.08320235460996628,0.985107958316803,-0.26197338104248047,-0.6222261786460876,-0.1633695513010025,0.9845218658447266,0.21450483798980713,0.018859144300222397,-0.05933519825339317,0.979329526424408,-0.3297049403190613,-0.8315819501876831,-0.2706802487373352,0.9765169024467468,0.09235761314630508,-0.0043722051195800304,0.023838313296437263,0.9987517595291138,-0.09053187072277069,-0.0014227400533854961,-0.02155228704214096,0.9985487461090088,0.09850849956274033,0.3910396695137024,-0.013910781592130661,0.6859008073806763,-0.03956245258450508,0.3209499716758728,-0.012593396939337254,0.6444304585456848,0.10209348052740097,0.7303581237792969,0.12173984199762344,0.5321118235588074,-0.05948212370276451,0.6873042583465576,0.1373244822025299,0.5413345694541931
23,-0.005436660721898079,-0.5860857367515564,-0.3464484214782715,0.9996403455734253,0.01878897286951542,-0.6041753888130188,-0.3225858509540558,0.9992072582244873,-0.007251860108226538,-0.6119992136955261,-0.3554769456386566,0.999077558517456,0.08921578526496887,-0.580592930316925,-0.23043778538703918,0.9996291995048523,-0.06965124607086182,-0.5406403541564941,-0.2157709002494812,0.9974799156188965,0.1685423105955124,-0.3968735337257385,-0.11932509392499924,0.9998310208320618,-0.13421620428562164,-0.5457764863967896,-0.065046027302742,0.9982370138168335,0.21496441960334778,-0.1879860907793045,-0.1087280735373497,0.9835043549537659,-0.2558008134365082,-0.6174116730690002,-0.17163234949111938,0.9842569231987,0.2136193960905075,0.017888635396957397,-0.0823233351111412,0.976038932800293,-0.29231029748916626,-0.8367079496383667,-0.273855984210968,0.9765139222145081,0.09187711030244827,-0.0050084348767995834,0.02362125925719738,0.9986116290092468,-0.09002377837896347,-0.0008780639618635178,-0.02131950668990612,0.9984134435653687,0.09786996990442276,0.39066052436828613,-0.015437187626957893,0.6714784502983093,-0.0414031557738781,0.3209926187992096,-0.011496536433696747,0.6232786178588867,0.09896220266819,0.730215847492218,0.12145639955997467,0.5171915292739868,-0.060716480016708374,0.6876267194747925,0.138824924826622,0.5216448903083801
24,-0.009985907934606075,-0.5867112278938293,-0.3271459639072418,0.9995655417442322,0.013325709849596024,-0.6046667098999023,-0.3033497631549835,0.9990790486335754,-0.011820296756923199,-0.6127224564552307,-0.33471643924713135,0.9988791346549988,0.08269238471984863,-0.5815569162368774,-0.21636991202831268,0.9995605945587158,-0.07186925411224365,-0.5421009659767151,-0.19844156503677368,0.9968047142028809,0.16470706462860107,-0.4034422039985657,-0.11832702159881592,0.9998169541358948,-0.1345592886209488,-0.547065019607544,-0.06117349490523338,0.9979611039161682,0.2139901965856552,-0.19950725138187408,-0.10044503211975098,0.9824085235595703,-0.23339903354644775,-0.6185647249221802,-0.17336887121200562,0.9837623834609985,0.2127847522497177,-0.003087557153776288,-0.0758729875087738,0.9739709496498108,-0.1853877454996109,-0.8310124278068542,-0.270892471075058,0.9729402661323547,0.09150891751050949,-0.006250740960240364,0.023598002269864082,0.9984939694404602,-0.08969384431838989,0.00034871118259616196,-0.021295057609677315,0.9982569217681885,0.09442584961652756,0.38920557498931885,-0.0160412285476923,0.6561052203178406,-0.0441136509180069,0.3222881555557251,-0.014323472045361996,0.6013695597648621,0.09262005239725113,0.7305265665054321,0.11271245032548904,0.4991392493247986,-0.06620295345783234,0.6920220851898193,0.1256851702928543,0.4973037540912628
25,-0.01401947159320116,-0.5982427597045898,-0.282054603099823,0.9994205236434937,0.007224629633128643,-0.6163759827613831,-0.25566503405570984,0.9987547993659973,-0.017673969268798828,-0.6229467988014221,-0.2880919575691223,0.9985063672065735,0.07343980669975281,-0.5926893353462219,-0.16668818891048431,0.9993301033973694,-0.07838045060634613,-0.5484291911125183,-0.15512318909168243,0.9955881237983704,0.15606194734573364,-0.41152969002723694,-0.07259904593229294,0.9997801184654236,-0.13412533700466156,-0.5521752834320068,-0.035969216376543045,0.9976982474327087,0.20966403186321259,-0.20875203609466553,-0.06531408429145813,0.9797187447547913,-0.19162967801094055,-0.6273841857910156,-0.13921648263931274,0.9833265542984009,0.2126176953315735,-0.010731673799455166,-0.03505996614694595,0.9693589806556702,-0.0762823298573494,-0.8025423884391785,-0.17609244585037231,0.9686937928199768,0.09080073237419128,-0.006872199475765228,0.023580925539135933,0.9983781576156616,-0.08908772468566895,0.0009961646283045411,-0.02127699740231037,0.9981435537338257,0.09450928121805191,0.3861119747161865,-0.011840295977890491,0.6225422024726868,-0.04535514488816261,0.32176512479782104,-0.0135036651045084,0.5648951530456543,0.09390667080879211,0.7292706966400146,0.11987379938364029,0.46615323424339294,-0.06641390919685364,0.6920849680900574,0.12836094200611115,0.46150606870651245
26,-0.017348287627100945,-0.5989552736282349,-0.2843917906284332,0.9993902444839478,0.002805072348564863,-0.6172087788581848,-0.2582433223724365,0.9986873865127563,-0.021517787128686905,-0.6238135099411011,-0.2909605801105499,0.9984164237976074,0.0674537941813469,-0.5939427614212036,-0.16892573237419128,0.9992765188217163,-0.0815931111574173,-0.5495123267173767,-0.15713436901569366,0.9952192306518555,0.14970840513706207,-0.4117843508720398,-0.07284080237150192,0.999768853187561,-0.13359658420085907,-0.5518680214881897,-0.03554319962859154,0.9975830912590027,0.2074539214372635,-0.21233849227428436,-0.06406290829181671,0.9789077043533325,-0.1735934466123581,-0.6222302317619324,-0.13149230182170868,0.9826182723045349,0.21273234486579895,-0.011372985318303108,-0.02596605196595192,0.9667633175849915,-0.04771950840950012,-0.783028244972229,-0.15552553534507751,0.9622732400894165,0.08988656848669052,-0.00723980413749814,0.023377425968647003,0.9982839822769165,-0.08828555047512054,0.001329913386143744,-0.021082384511828423,0.9980376362800598,0.09387095272541046,0.3858489692211151,-0.010164204053580761,0.582618236541748,-0.04823243245482445,0.3221893906593323,-0.01288830116391182,0.5245457887649536,0.0938359722495079,0.730871856212616,0.12211556732654572,0.4294922351837158,-0.0681547001004219,0.6963541507720947,0.12673474848270416,0.42353829741477966
27,-0.018822968006134033,-0.5994496941566467,-0.28036168217658997,0.9994034767150879,0.0013983208918944001,-0.6177344918251038,-0.25384846329689026,0.9987156987190247,-0.023366037756204605,-0.6243981122970581,-0.2866896986961365,0.9984576106071472,0.06719774007797241,-0.5945323705673218,-0.16273993253707886,0.999280571937561,-0.08351638168096542,-0.5503262281417847,-0.15085171163082123,0.9953043460845947,0.14925235509872437,-0.41192349791526794,-0.061510756611824036,0.9997560381889343,-0.13361507654190063,-0.5517293810844421,-0.033376794308423996,0.9975451827049255,0.2050544023513794,-0.2120344638824463,-0.05218920484185219,0.9765679240226746,-0.1780073642730713,-0.6226746439933777,-0.1390271931886673,0.9828783869743347,0.21024958789348602,-0.01062762551009655,-0.014459880068898201,0.9621819853782654,-0.07126590609550476,-0.808940052986145,-0.16803854703903198,0.9613833427429199,0.08962053060531616,-0.00766127509996295,0.02369963377714157,0.9981301426887512,-0.0880800411105156,0.0017107442254200578,-0.02138618193566799,0.9978963136672974,0.09373949468135834,0.3802981376647949,-0.010026221163570881,0.5499534010887146,-0.04866030812263489,0.3208538889884949,-0.01964503899216652,0.49303340911865234,0.09426020830869675,0.7303943037986755,0.10826338827610016,0.39972859621047974,-0.06851241737604141,0.696528434753418,0.11584058403968811,0.39101290702819824
28,-0.019469833001494408,-0.5799137949943542,-0.3520001471042633,0.9994348883628845,0.001444619963876903,-0.5973968505859375,-0.32867079973220825,0.9987969994544983,-0.023289460688829422,-0.6057409048080444,-0.3605317175388336,0.9985394477844238,0.0707208439707756,-0.5726726651191711,-0.24070246517658234,0.9993285536766052,-0.08068539947271347,-0.5347570180892944,-0.2177765667438507,0.9955155253410339,0.15002776682376862,-0.38888365030288696,-0.12641580402851105,0.9997591376304626,-0.12957337498664856,-0.5430185794830322,-0.07336897403001785,0.9975224733352661,0.20419903099536896,-0.18814584612846375,-0.11813957244157791,0.9766565561294556,-0.18356895446777344,-0.6306926608085632,-0.17345641553401947,0.9820417761802673,0.2042364925146103,0.002140698954463005,-0.08628519624471664,0.9618468284606934,-0.12619763612747192,-0.8532818555831909,-0.23994050920009613,0.9602178931236267,0.08931143581867218,-0.007612624205648899,0.023079097270965576,0.9980562329292297,-0.0877346396446228,0.0016387266805395484,-0.020863059908151627,0.997795820236206,0.09417926520109177,0.3807266354560852,-0.018332062289118767,0.5396220088005066,-0.04820386692881584,0.3209764063358307,-0.019203364849090576,0.47953277826309204,0.09670408070087433,0.7304728031158447,0.08935903012752533,0.395052045583725,-0.06837388873100281,0.6958392262458801,0.1174611747264862,0.37818339467048645
29,-0.009443496353924274,-0.5769904851913452,-0.35395050048828125,0.9994379281997681,0.013733256608247757,-0.5947161912918091,-0.331045001745224,0.9988144040107727,-0.010754929855465889,-0.6029177904129028,-0.3637793958187103,0.9985585808753967,0.08166931569576263,-0.5719680786132812,-0.24167554080486298,0.999337375164032,-0.07008921355009079,-0.5335758924484253,-0.22518327832221985,0.9955491423606873,0.15570223331451416,-0.39039891958236694,-0.1281764656305313,0.9997519850730896,-0.12411689758300781,-0.5409579873085022,-0.07539934664964676,0.997491180896759,0.20495787262916565,-0.18556782603263855,-0.12171116471290588,0.9753202199935913,-0.1940399408340454,-0.627973198890686,-0.17292143404483795,0.9808359146118164,0.2042378932237625,0.007408942561596632,-0.0963081642985344,0.9600037336349487,-0.24961860477924347,-0.8526368737220764,-0.2539255917072296,0.9613747000694275,0.08918068557977676,-0.00765219796448946,0.023102913051843643,0.9980010390281677,-0.08750118315219879,0.0016605076380074024,-0.020895006135106087,0.9977391958236694,0.09677810966968536,0.38091757893562317,-0.02257387340068817,0.545559287071228,-0.0469835102558136,0.32121551036834717,-0.020171726122498512,0.4808956980705261,0.09788253903388977,0.730367124080658,0.09160149097442627,0.4034060537815094,-0.06624197214841843,0.6957278847694397,0.1135561540722847,0.38318341970443726
30,-0.0021912422962486744,-0.57957524061203,-0.34965255856513977,0.9994704723358154,0.022253669798374176,-0.597556471824646,-0.325445294380188,0.9988870620727539,-0.0023469962179660797,-0.6055691242218018,-0.35839226841926575,0.9986491203308105,0.08948443084955215,-0.5750964879989624,-0.23789742588996887,0.9993761777877808,-0.06377983838319778,-0.5350127816200256,-0.2183002531528473,0.9958206415176392,0.16146087646484375,-0.39134156703948975,-0.12737873196601868,0.9997552633285522,-0.12089267373085022,-0.5415433645248413,-0.07100070267915726,0.997568666934967,0.21143139898777008,-0.18694624304771423,-0.11463821679353714,0.9751449823379517,-0.20358924567699432,-0.6271749138832092,-0.16274985671043396,0.9806268215179443,0.20613586902618408,0.007362257223576307,-0.08741328865289688,0.9608050584793091,-0.2955467104911804,-0.8430858254432678,-0.2507113218307495,0.9636444449424744,0.08915609866380692,-0.0077215200290083885,0.023219695314764977,0.9980229735374451,-0.08740807324647903,0.0017134250374510884,-0.020961927250027657,0.9977706074714661,0.0971660166978836,0.3810974955558777,-0.027363767847418785,0.564568281173706,-0.045977845788002014,0.321328729391098,-0.028442637994885445,0.49634620547294617,0.09820995479822159,0.7309536337852478,0.09247591346502304,0.41978880763053894,-0.06571563333272934,0.6957700848579407,0.10701629519462585,0.3977493345737457
31,-0.002949282294139266,-0.580575168132782,-0.3435095548629761,0.9995037913322449,0.021667400375008583,-0.5988171696662903,-0.31937968730926514,0.9989587068557739,-0.0032642961014062166,-0.606902539730072,-0.3520077168941498,0.9987386465072632,0.09064355492591858,-0.5771532654762268,-0.229546919465065,0.999412477016449,-0.06443913280963898,-0.5364535450935364,-0.212131530046463,0.9960898160934448,0.16246397793293,-0.39419469237327576,-0.11967325210571289,0.9997559785842896,-0.12131544202566147,-0.5418325662612915,-0.06766519695520401,0.9976319074630737,0.21176926791667938,-0.19136019051074982,-0.10898551344871521,0.973991870880127,-0.2095688283443451,-0.6291126608848572,-0.15647205710411072,0.9805111885070801,0.20664289593696594,-0.0008650681702420115,-0.08295710384845734,0.9600323438644409,-0.2813863456249237,-0.8537420034408569,-0.2437143623828888,0.9655978083610535,0.08915941417217255,-0.007772380486130714,0.02268095873296261,0.9979310035705566,-0.08739139139652252,0.0017691833199933171,-0.020360656082630157,0.9977063536643982,0.09266846626996994,0.3782772719860077,-0.026869596913456917,0.5612159371376038,-0.048755936324596405,0.31614965200424194,-0.013966734521090984,0.4854881465435028,0.09574337303638458,0.7126172780990601,0.1039404422044754,0.4028664827346802,-0.06993893533945084,0.6819978952407837,0.14624960720539093,0.38083234429359436
32,-0.013819513842463493,-0.5814647674560547,-0.3498677611351013,0.9995256662368774,0.011161604896187782,-0.5997830629348755,-0.3269529342651367,0.9990129470825195,-0.013594387099146843,-0.6078236699104309,-0.35818517208099365,0.9987965226173401,0.0849163755774498,-0.5784889459609985,-0.23906907439231873,0.9994411468505859,-0.06944959610700607,-0.5378772020339966,-0.21713702380657196,0.9962450265884399,0.15994058549404144,-0.3946493864059448,-0.13169603049755096,0.9997578263282776,-0.12355677783489227,-0.5418292284011841,-0.06978940218687057,0.9976183772087097,0.20937113463878632,-0.19666318595409393,-0.12633943557739258,0.9744225740432739,-0.21066255867481232,-0.6305697560310364,-0.15893441438674927,0.9808683395385742,0.20593370497226715,-0.008878929540514946,-0.09513091295957565,0.9602912068367004,-0.2506979703903198,-0.8591029047966003,-0.241082102060318,0.9660661220550537,0.08902452141046524,-0.007988886907696724,0.021068600937724113,0.9977973699569702,-0.08725874871015549,0.0019749717321246862,-0.01882912963628769,0.9975818395614624,0.09083566814661026,0.3776783347129822,-0.025512320920825005,0.5549295544624329,-0.05373943969607353,0.31633102893829346,0.0013450863771140575,0.47516393661499023,0.09437093138694763,0.7098821401596069,0.10821494460105896,0.38921985030174255,-0.07298904657363892,0.6826767325401306,0.1523805558681488,0.36686524748802185
33,-0.020943472161889076,-0.5953381657600403,-0.30952754616737366,0.9994773864746094,0.0019592544995248318,-0.6139956712722778,-0.286788672208786,0.9989224672317505,-0.022087277844548225,-0.6210703253746033,-0.3165280818939209,0.9986636638641357,0.07394769042730331,-0.5936502814292908,-0.2056249976158142,0.9993849992752075,-0.07425393909215927,-0.5488393306732178,-0.18051622807979584,0.9957700967788696,0.15598246455192566,-0.4145697355270386,-0.11492906510829926,0.9997588992118835,-0.12605445086956024,-0.5473397970199585,-0.04896070063114166,0.9975398778915405,0.2093450129032135,-0.2186555564403534,-0.12167003750801086,0.9747828245162964,-0.2101980596780777,-0.6289052963256836,-0.15782585740089417,0.9807817935943604,0.20633235573768616,-0.027393009513616562,-0.09080938249826431,0.9608327746391296,-0.14558999240398407,-0.8377246856689453,-0.23320259153842926,0.9634684324264526,0.0881870687007904,-0.008416380733251572,0.02024087868630886,0.9977453947067261,-0.08648186177015305,0.0024813443887978792,-0.017917608842253685,0.9975060820579529,0.08977031707763672,0.3782980740070343,-0.02452125959098339,0.5408094525337219,-0.055239979177713394,0.3186909854412079,0.0007014627917669713,0.4567534625530243,0.09336112439632416,0.7111532688140869,0.10791308432817459,0.37301456928253174,-0.07264614850282669,0.6916607022285461,0.14502418041229248,0.34766340255737305
34,-0.022383365780115128,-0.6143844127655029,-0.25412455201148987,0.9993482828140259,-0.0028129611164331436,-0.6333652138710022,-0.22949601709842682,0.9986888766288757,-0.02513779141008854,-0.6386287808418274,-0.2600766122341156,0.998254120349884,0.06341803818941116,-0.6097986698150635,-0.14812324941158295,0.9992663264274597,-0.07892235368490219,-0.5592438578605652,-0.13245315849781036,0.9945245385169983,0.15146149694919586,-0.4258560538291931,-0.059753213077783585,0.9997549653053284,-0.1274103969335556,-0.5508630275726318,-0.0025618879590183496,0.9971995949745178,0.21049568057060242,-0.2314378023147583,-0.05558043718338013,0.9750669598579407,-0.21014747023582458,-0.6280211806297302,-0.07228504866361618,0.9782204627990723,0.2119542360305786,-0.033233851194381714,-0.0035047915298491716,0.9618271589279175,-0.10744384676218033,-0.7779568433761597,-0.06557205319404602,0.9440481662750244,0.08817661553621292,-0.008444436825811863,0.020229702815413475,0.9977706074714661,-0.08646643161773682,0.002522980095818639,-0.01791497692465782,0.997478187084198,0.0910046398639679,0.3782442510128021,-0.010909254662692547,0.5278704166412354,-0.057404860854148865,0.3159867525100708,0.0006326534203253686,0.4422144889831543,0.09646075963973999,0.7123112678527832,0.13202455639839172,0.3569638133049011,-0.07238397747278214,0.6904622912406921,0.14336730539798737,0.33208057284355164
35,-0.026051286607980728,-0.6127922534942627,-0.2554197907447815,0.9993106126785278,-0.005059146787971258,-0.6319049000740051,-0.23241494596004486,0.9986079335212708,-0.028936799615621567,-0.6379658579826355,-0.26203057169914246,0.9981067776679993,0.0636950135231018,-0.6095681190490723,-0.15312980115413666,0.9992194175720215,-0.08240706473588943,-0.5618982315063477,-0.13943135738372803,0.9939115047454834,0.15122272074222565,-0.4275681674480438,-0.06282981485128403,0.9997512698173523,-0.1371995359659195,-0.5528424978256226,-0.003945543896406889,0.997062087059021,0.20945605635643005,-0.23403602838516235,-0.0609455406665802,0.9754737019538879,-0.2401580661535263,-0.6248361468315125,-0.1193016991019249,0.9788321256637573,0.21171598136425018,-0.03675105422735214,-0.018848966807127,0.962093710899353,-0.13139547407627106,-0.7798335552215576,-0.1504400372505188,0.9399613738059998,0.08816764503717422,-0.008501840755343437,0.020171934738755226,0.9977283477783203,-0.08646193891763687,0.002671820344403386,-0.017851855605840683,0.9974071979522705,0.09056977927684784,0.3783401846885681,-0.0036165097262710333,0.5089014172554016,-0.05783639848232269,0.3158979117870331,0.0007759958389215171,0.4272986650466919,0.09625063091516495,0.7125226259231567,0.13663771748542786,0.3425300717353821,-0.07263260334730148,0.6906831860542297,0.14290328323841095,0.31825336813926697
36,-0.024443864822387695,-0.6115463972091675,-0.2651502788066864,0.9993266463279724,-0.0007999288500286639,-0.6306028366088867,-0.2415243685245514,0.9986345171928406,-0.025994226336479187,-0.6370508074760437,-0.27304235100746155,0.9981274604797363,0.07337359338998795,-0.6087494492530823,-0.1617068201303482,0.9992378950119019,-0.07910390198230743,-0.5661134123802185,-0.1481764316558838,0.9939370155334473,0.15453600883483887,-0.4272844195365906,-0.06716986745595932,0.9997518062591553,-0.13913370668888092,-0.5560739636421204,-0.005958260968327522,0.9970738887786865,0.2119036763906479,-0.23213551938533783,-0.06511566042900085,0.9758075475692749,-0.2786574065685272,-0.6241694092750549,-0.11093533039093018,0.9797429442405701,0.2116088569164276,-0.03164723888039589,-0.02653558924794197,0.9628978371620178,-0.23320582509040833,-0.8062629103660583,-0.16475896537303925,0.9439000487327576,0.08814871311187744,-0.008483395911753178,0.01863747090101242,0.9976433515548706,-0.08642347902059555,0.002678333083167672,-0.016377659514546394,0.997313916683197,0.09018686413764954,0.3778988718986511,-0.004207322373986244,0.5009669065475464,-0.057214684784412384,0.3154836595058441,0.009556871838867664,0.4179449677467346,0.09565827995538712,0.7132492661476135,0.1355244219303131,0.3368372321128845,-0.07167843729257584,0.686298668384552,0.15657779574394226,0.31086936593055725
37,-0.022101329639554024,-0.614609956741333,-0.2709312438964844,0.9993454217910767,0.004307294264435768,-0.6335265636444092,-0.24772535264492035,0.9986696243286133,-0.022134600207209587,-0.6419207453727722,-0.27955394983291626,0.9981697797775269,0.080649234354496,-0.6115424633026123,-0.1679348647594452,0.9992585778236389,-0.07671340554952621,-0.5760772228240967,-0.15284518897533417,0.994035542011261,0.1594495326280594,-0.4299471974372864,-0.07053937017917633,0.9997410178184509,-0.14364473521709442,-0.5580548048019409,-0.007581457495689392,0.9969542622566223,0.2131495177745819,-0.2304704785346985,-0.06797358393669128,0.9763766527175903,-0.2989985942840576,-0.6070834398269653,-0.11294601857662201,0.9803375601768494,0.20959194004535675,-0.030231067910790443,-0.03473057597875595,0.9641308188438416,-0.33149316906929016,-0.805669367313385,-0.1971033811569214,0.9470390677452087,0.08863159269094467,-0.008455902338027954,0.01850017160177231,0.9975723624229431,-0.08678703010082245,0.002685774816200137,-0.016208913177251816,0.9972147941589355,0.09025003015995026,0.37941616773605347,-0.004475997760891914,0.5082429647445679,-0.057011160999536514,0.31554391980171204,0.011662197299301624,0.42353305220603943,0.0957065001130104,0.7128444910049438,0.1444527953863144,0.34064847230911255,-0.07156121730804443,0.6837608218193054,0.16429920494556427,0.31791621446609497
38,-0.018943917006254196,-0.6162477731704712,-0.2775404453277588,0.9993707537651062,0.010021209716796875,-0.6355008482933044,-0.25376367568969727,0.9987181425094604,-0.018105383962392807,-0.6450117826461792,-0.28532713651657104,0.9982466101646423,0.08824244886636734,-0.6141971945762634,-0.16586922109127045,0.9992896914482117,-0.07325293123722076,-0.5824028253555298,-0.14860214293003082,0.994290292263031,0.16702580451965332,-0.4330660104751587,-0.06409428268671036,0.999741792678833,-0.1453545242547989,-0.5578685998916626,-0.0046086092479527,0.9970256686210632,0.22000467777252197,-0.2300335019826889,-0.06736016273498535,0.9772709608078003,-0.30176952481269836,-0.5515596270561218,-0.12493421137332916,0.9809558391571045,0.2111191749572754,-0.02734784036874771,-0.046916570514440536,0.9665255546569824,-0.3216974437236786,-0.7416696548461914,-0.2774673402309418,0.9514912962913513,0.08961466699838638,-0.00828696507960558,0.01891382224857807,0.9975930452346802,-0.08761677145957947,0.002599328989163041,-0.016482671722769737,0.9972138404846191,0.0890343114733696,0.3822505474090576,-0.008463087491691113,0.5274537205696106,-0.05533231794834137,0.3155753016471863,0.010203729383647442,0.44187167286872864,0.09415144473314285,0.7133662104606628,0.14477305114269257,0.3595803380012512,-0.06710170209407806,0.6839506030082703,0.16540086269378662,0.33998656272888184
39,-0.01891252212226391,-0.6236022710800171,-0.2792833745479584,0.9994044303894043,0.010203024372458458,-0.6432320475578308,-0.2554342448711395,0.9987826347351074,-0.018056627362966537,-0.6539950966835022,-0.2871636152267456,0.9983453154563904,0.08822057396173477,-0.621429443359375,-0.16489532589912415,0.9993298649787903,-0.0729956179857254,-0.5915417075157166,-0.14692968130111694,0.9946189522743225,0.16680940985679626,-0.4426303505897522,-0.061850566416978836,0.9997537732124329,-0.14756366610527039,-0.5577014088630676,-0.002074484247714281,0.9971843361854553,0.22376640141010284,-0.23862282931804657,-0.05930958315730095,0.9785023331642151,-0.3178049623966217,-0.4994390308856964,-0.1311434507369995,0.9813774824142456,0.25347399711608887,-0.03220180422067642,-0.04169236868619919,0.9693048000335693,-0.29251232743263245,-0.6586084365844727,-0.2981317639350891,0.9557506442070007,0.08960668742656708,-0.008059614337980747,0.018964333459734917,0.9976454377174377,-0.08759468048810959,0.0024750863667577505,-0.01650860905647278,0.9972280859947205,0.08797936141490936,0.3840124011039734,0.0006424877210520208,0.5489067435264587,-0.052409444004297256,0.31468257308006287,0.012214592657983303,0.46373167634010315,0.0906195268034935,0.7143561244010925,0.15743236243724823,0.39361920952796936,-0.06554079055786133,0.6845115423202515,0.18056541681289673,0.37347760796546936
40,-0.02336336486041546,-0.6248038411140442,-0.25769883394241333,0.9994334578514099,0.007617889903485775,-0.6444336771965027,-0.23487938940525055,0.9988349676132202,-0.021381938830018044,-0.6556785106658936,-0.26852715015411377,0.9984531402587891,0.08551488816738129,-0.6230879426002502,-0.14179261028766632,0.9993600845336914,-0.07431314885616302,-0.5953675508499146,-0.1254729926586151,0.9950347542762756,0.16615481674671173,-0.4499729871749878,-0.036198053508996964,0.9997532963752747,-0.1511286348104477,-0.5574550628662109,0.010316065512597561,0.9974116683006287,0.24397198855876923,-0.284311980009079,-0.1063280999660492,0.9732625484466553,-0.3236636817455292,-0.4437231719493866,-0.13126888871192932,0.9807964563369751,0.3390302360057831,-0.19442017376422882,-0.24888576567173004,0.9688642024993896,-0.28830835223197937,-0.5663548111915588,-0.3274810314178467,0.9596371650695801,0.08952514082193375,-0.007250100839883089,0.01895199529826641,0.9976162910461426,-0.0874364972114563,0.0016759340651333332,-0.016450874507427216,0.9972693920135498,0.08697950839996338,0.3941850960254669,0.00010649261093931273,0.5495028495788574,-0.042901117354631424,0.3230852484703064,0.012737675569951534,0.4678986072540283,0.08445169776678085,0.74041748046875,0.15723277628421783,0.41561904549598694,-0.06377631425857544,0.7077183723449707,0.17885060608386993,0.3945160210132599
41,-0.021217448636889458,-0.6240367293357849,-0.26366373896598816,0.9994260668754578,0.007676621433347464,-0.6438063383102417,-0.24086584150791168,0.9987513422966003,-0.021140538156032562,-0.6547128558158875,-0.27367648482322693,0.9985173344612122,0.07879608869552612,-0.6220623850822449,-0.14625602960586548,0.9993249177932739,-0.07652968168258667,-0.5927994251251221,-0.13394099473953247,0.9953696727752686,0.16594761610031128,-0.4595549404621124,-0.026535285636782646,0.9997468590736389,-0.155568465590477,-0.5456511974334717,0.00715230219066143,0.9976294040679932,0.31116873025894165,-0.3767358660697937,-0.10299217700958252,0.9733771681785583,-0.31220024824142456,-0.3717844486236572,-0.16204480826854706,0.9785574674606323,0.3862885534763336,-0.48620373010635376,-0.23977896571159363,0.9715238809585571,-0.23965592682361603,-0.4523864686489105,-0.38281720876693726,0.9633854627609253,0.09047670662403107,-0.007161588408052921,0.02638091705739498,0.997430145740509,-0.08805472403764725,0.0014935312792658806,-0.023806476965546608,0.9971182942390442,0.08541695773601532,0.3969109058380127,0.006399964913725853,0.5463905334472656,-0.03384379297494888,0.32339808344841003,-0.0013834419660270214,0.4610341787338257,0.07693367451429367,0.7511083483695984,0.1826891303062439,0.4334104359149933,-0.06239019334316254,0.7098403573036194,0.17630869150161743,0.4121313691139221
42,-0.01717614382505417,-0.6306672096252441,-0.21281270682811737,0.9988492131233215,0.007664799224585295,-0.6496313810348511,-0.18812775611877441,0.9968347549438477,-0.020120106637477875,-0.6593953371047974,-0.22703532874584198,0.9977254867553711,0.0723813995718956,-0.6306564211845398,-0.09613791108131409,0.9986111521720886,-0.07661539316177368,-0.5971564054489136,-0.10319478809833527,0.9942196011543274,0.1650204062461853,-0.496021032333374,-0.0023908577859401703,0.9996557235717773,-0.15583504736423492,-0.5414055585861206,0.04120343178510666,0.9975515604019165,0.32092800736427307,-0.5777603387832642,-0.05001186951994896,0.9749760031700134,-0.28799113631248474,-0.3230663239955902,-0.12789314985275269,0.9644586443901062,0.3459177017211914,-0.7893317937850952,-0.08633685857057571,0.9734721779823303,-0.2120940089225769,-0.3746875524520874,-0.3487109839916229,0.9595121145248413,0.09037425369024277,-0.005726378411054611,0.026264650747179985,0.9974150657653809,-0.08801907300949097,0.00024645047960802913,-0.023750822991132736,0.99699866771698,0.08476350456476212,0.3973098397254944,0.005865621380507946,0.5671722292900085,-0.03190198913216591,0.3223031759262085,-0.004884021822363138,0.46381229162216187,0.07701089978218079,0.7488940358161926,0.17724396288394928,0.4449765980243683,-0.06229810789227486,0.7083797454833984,0.17543920874595642,0.4165053963661194
43,-0.020834455266594887,-0.629231870174408,-0.1774716079235077,0.9987490177154541,0.0014712967677041888,-0.6482070684432983,-0.14900337159633636,0.996545672416687,-0.02457074634730816,-0.6579010486602783,-0.1850668489933014,0.997744619846344,0.06746216863393784,-0.6291377544403076,-0.05281390622258186,0.9985169768333435,-0.08006272464990616,-0.5962557792663574,-0.05108467489480972,0.9944823384284973,0.15866239368915558,-0.5079251527786255,0.019932111725211143,0.9996089935302734,-0.1619904339313507,-0.5266193151473999,0.09276483952999115,0.9976885914802551,0.3194732367992401,-0.7014263272285461,-0.02636953443288803,0.9769691228866577,-0.2668476104736328,-0.25495645403862,-0.034165192395448685,0.9543393850326538,0.22417689859867096,-0.9081090092658997,0.049821849912405014,0.9731026887893677,-0.20802298188209534,-0.2585408687591553,-0.2321041077375412,0.9573870301246643,0.09032824635505676,-0.0026521249674260616,0.023359831422567368,0.9968507289886475,-0.08802589774131775,-0.0022429008968174458,-0.021209074184298515,0.9962363839149475,0.07945854961872101,0.3991074562072754,-0.011762266047298908,0.5898503661155701,-0.031232718378305435,0.32779932022094727,-0.0073613496497273445,0.46886804699897766,0.06660743802785873,0.7465714812278748,0.16766467690467834,0.45382198691368103,-0.06275315582752228,0.7159186005592346,0.17653295397758484,0.4151763617992401
44,-0.02575824223458767,-0.632260262966156,-0.20363749563694,0.9986200332641602,-0.007143751718103886,-0.6500178575515747,-0.17558062076568604,0.9961222410202026,-0.033026617020368576,-0.6580849885940552,-0.21199126541614532,0.997755765914917,0.05660536512732506,-0.6317471265792847,-0.07794315367937088,0.9982998371124268,-0.08841226994991302,-0.595058798789978,-0.07568204402923584,0.9947322607040405,0.14954212307929993,-0.5206388235092163,0.003037994494661689,0.999330997467041,-0.16430781781673431,-0.5110930800437927,0.06630854308605194,0.9976311326026917,0.23777152597904205,-0.7327907681465149,-0.09304861724376678,0.9790666103363037,-0.2286873310804367,-0.2178107649087906,-0.06353054940700531,0.945255696773529,0.05342909321188927,-0.8809897899627686,0.022123362869024277,0.9681705236434937,-0.21163910627365112,-0.1580417901277542,-0.2810220718383789,0.9567587971687317,0.0899791568517685,-0.001314458786509931,0.023101884871721268,0.9965113401412964,-0.0879497155547142,-0.003594842040911317,-0.021032579243183136,0.9958855509757996,0.07532580941915512,0.40398868918418884,-0.0015641434583812952,0.6218324899673462,-0.035736240446567535,0.3295484483242035,-0.007857322692871094,0.49652302265167236,0.06385018676519394,0.7489240765571594,0.16704656183719635,0.48588401079177856,-0.0809813141822815,0.7152696847915649,0.1681126207113266,0.4385981261730194
45,-0.029897836968302727,-0.6351136565208435,-0.20480787754058838,0.9986847043037415,-0.012594528496265411,-0.651896059513092,-0.17488250136375427,0.9962814450263977,-0.03784344717860222,-0.6582760214805603,-0.21098290383815765,0.9979140758514404,0.05260983109474182,-0.635631263256073,-0.07882729172706604,0.9983469247817993,-0.08911795914173126,-0.5942270159721375,-0.07097924500703812,0.9951744079589844,0.14943142235279083,-0.5261333584785461,-0.0016165217384696007,0.9992947578430176,-0.16385968029499054,-0.5018350481987,0.07236473262310028,0.9977933168411255,0.2047666311264038,-0.7553974390029907,-0.10202847421169281,0.9811285734176636,-0.2017793357372284,-0.1928812563419342,0.01456444151699543,0.9470198750495911,0.005722833331674337,-0.8448712229728699,-0.0040770648047327995,0.9654466509819031,-0.2136010229587555,-0.05562477186322212,-0.13549084961414337,0.959285318851471,0.08946117758750916,0.0012953224359080195,0.017468860372900963,0.9961714148521423,-0.08771432191133499,-0.006060558836907148,-0.01627049222588539,0.9956567883491516,0.07308274507522583,0.4112228751182556,-0.009427675977349281,0.6517804861068726,-0.0457739494740963,0.3298629820346832,-0.005376096349209547,0.5218876600265503,0.06508222222328186,0.7513043880462646,0.1471933275461197,0.5114467144012451,-0.09706971049308777,0.7147115468978882,0.16085782647132874,0.45376384258270264
46,-0.03444827347993851,-0.6343216300010681,-0.20898260176181793,0.9987820982933044,-0.017381394281983376,-0.651099443435669,-0.18275292217731476,0.9965401291847229,-0.04208507388830185,-0.6577385663986206,-0.21777109801769257,0.9980943202972412,0.04908784106373787,-0.6353588104248047,-0.08856251090765,0.9984473586082458,-0.09138710051774979,-0.5939537286758423,-0.08040658384561539,0.9956230521202087,0.147385835647583,-0.5297207832336426,-0.006649578921496868,0.9992650151252747,-0.1635209172964096,-0.5024716854095459,0.06258577853441238,0.9979591369628906,0.20745205879211426,-0.7660435438156128,-0.10167821496725082,0.9829868078231812,-0.186105877161026,-0.18595236539840698,0.020032068714499474,0.9498051404953003,0.029473740607500076,-0.868482768535614,-0.0007802419131621718,0.9642882943153381,-0.21458406746387482,0.008505257777869701,-0.07793137431144714,0.961439311504364,0.08806521445512772,0.002910884330049157,0.016465678811073303,0.9958558082580566,-0.08669476956129074,-0.007485470734536648,-0.015536094084382057,0.9954707026481628,0.07493532449007034,0.41189420223236084,-0.009402651339769363,0.6805334091186523,-0.04675490781664848,0.329662561416626,0.004430694039911032,0.5460119843482971,0.06601930409669876,0.743142306804657,0.14852632582187653,0.5399510264396667,-0.10144428163766861,0.711148202419281,0.1734045445919037,0.47114771604537964
47,-0.04598493129014969,-0.6320756077766418,-0.22652345895767212,0.9988699555397034,-0.029323967173695564,-0.6481014490127563,-0.19545511901378632,0.9967769980430603,-0.054125916212797165,-0.6537644863128662,-0.23216252028942108,0.9982549548149109,0.040231458842754364,-0.6344244480133057,-0.09482118487358093,0.9985491037368774,-0.10311757028102875,-0.5901695489883423,-0.08676338940858841,0.9960278868675232,0.14538590610027313,-0.523212194442749,-0.011066051200032234,0.999271810054779,-0.16706067323684692,-0.4927648901939392,0.058740150183439255,0.9981144666671753,0.2137901782989502,-0.756827175617218,-0.12298056483268738,0.984663724899292,-0.19615770876407623,-0.1607012152671814,0.028382113203406334,0.9516972899436951,0.07939987629652023,-0.8959753513336182,-0.02228165604174137,0.9653530716896057,-0.22231736779212952,0.0370553582906723,-0.05616758391261101,0.9624804258346558,0.08777286857366562,0.003971859347075224,0.015033106319606304,0.9959927201271057,-0.0865086019039154,-0.008288976736366749,-0.014386923983693123,0.9956659078598022,0.0752098336815834,0.4113406836986542,-0.01282005850225687,0.7101888060569763,-0.04981581121683121,0.329489141702652,0.011987615376710892,0.5801692008972168,0.06576596945524216,0.7309525012969971,0.15777985751628876,0.5771036148071289,-0.11005659401416779,0.7042834758758545,0.19681735336780548,0.5043830275535583
48,-0.053428951650857925,-0.6316494345664978,-0.2625095844268799,0.9989410042762756,-0.04090708866715431,-0.6477662920951843,-0.23327791690826416,0.9969699382781982,-0.06322457641363144,-0.6532092094421387,-0.2734546959400177,0.9983945488929749,0.022195948287844658,-0.6342930197715759,-0.13672852516174316,0.9986351132392883,-0.1177949607372284,-0.5873153209686279,-0.14237534999847412,0.9963886141777039,0.1384998857975006,-0.5223022699356079,-0.044573646038770676,0.9992872476577759,-0.16975517570972443,-0.49210020899772644,0.014084613882005215,0.9982424378395081,0.272521048784256,-0.7070074677467346,-0.1485324651002884,0.986050009727478,-0.1953427940607071,-0.1666724532842636,0.0033650195691734552,0.9498624205589294,0.20686127245426178,-0.8855684995651245,-0.13338430225849152,0.9674410223960876,-0.22630509734153748,0.04446086660027504,-0.06113433092832565,0.9604604244232178,0.08709342777729034,0.003999779466539621,0.014874793589115143,0.9962451457977295,-0.08583227545022964,-0.008331933058798313,-0.014289213344454765,0.995951235294342,0.07491249591112137,0.4028461277484894,-0.012740002013742924,0.7369160652160645,-0.050622303038835526,0.32617703080177307,0.030965277925133705,0.6109914779663086,0.06165248528122902,0.7157878279685974,0.17286498844623566,0.6107861399650574,-0.10907556116580963,0.6954864263534546,0.22086693346500397,0.5367980599403381
49,-0.059139519929885864,-0.6303519010543823,-0.29883241653442383,0.9989988207817078,-0.048025090247392654,-0.6472185850143433,-0.2723826467990875,0.9971237182617188,-0.0689050555229187,-0.6518169641494751,-0.3112349808216095,0.9985145330429077,0.015945540741086006,-0.633823573589325,-0.17720578610897064,0.9987061023712158,-0.12561006844043732,-0.5832811594009399,-0.18386058509349823,0.9967004060745239,0.1322488784790039,-0.5189213752746582,-0.08595962822437286,0.9993316531181335,-0.16986297070980072,-0.4909544289112091,-0.014829440973699093,0.9983804225921631,0.3076070249080658,-0.664969801902771,-0.14642217755317688,0.9872527122497559,-0.19243112206459045,-0.1769057810306549,-0.008601405657827854,0.9499423503875732,0.36699095368385315,-0.8396477103233337,-0.15461400151252747,0.9704644680023193,-0.23845858871936798,0.03984396904706955,-0.0842568427324295,0.9615047574043274,0.0868203416466713,0.0037808199413120747,0.01351035013794899,0.996538519859314,-0.08549552410840988,-0.008074249140918255,-0.012722272425889969,0.9962650537490845,0.07263895869255066,0.3922158181667328,-0.0127636743709445,0.7601256370544434,-0.05051887780427933,0.3236047029495239,0.03808226436376572,0.6357550024986267,0.0529683493077755,0.7099797129631042,0.19184276461601257,0.6383206844329834,-0.10892796516418457,0.6890274286270142,0.23143015801906586,0.5643476843833923
50,-0.0575629323720932,-0.6303004026412964,-0.3204877972602844,0.9990429878234863,-0.04498720169067383,-0.6477103233337402,-0.29371899366378784,0.9972167611122131,-0.0662727952003479,-0.6521995067596436,-0.3312724232673645,0.9986113905906677,0.020246393978595734,-0.634344220161438,-0.19526588916778564,0.998731255531311,-0.12301194667816162,-0.5831640362739563,-0.20090849697589874,0.9969544410705566,0.13342957198619843,-0.5165915489196777,-0.09788817912340164,0.9993705749511719,-0.16961821913719177,-0.49301087856292725,-0.02944270521402359,0.9985119700431824,0.3415185809135437,-0.6373000741004944,-0.13846716284751892,0.9883277416229248,-0.19143100082874298,-0.1845434308052063,-0.014827988110482693,0.9518666863441467,0.474225789308548,-0.78572016954422,-0.14275948703289032,0.9732045531272888,-0.25308775901794434,0.03166152909398079,-0.09473423659801483,0.9637128114700317,0.08669202774763107,0.0034020468592643738,0.013222210109233856,0.9968170523643494,-0.0853247344493866,-0.007595837581902742,-0.01226169802248478,0.9965652823448181,0.07336999475955963,0.3843805193901062,-0.012763758189976215,0.7800227403640747,-0.050449032336473465,0.32101863622665405,0.0384845957159996,0.655720055103302,0.052360355854034424,0.7084007263183594,0.19647371768951416,0.6592470407485962,-0.10686507821083069,0.6861557960510254,0.2298208326101303,0.5858801603317261
51,-0.056525204330682755,-0.6304290294647217,-0.31768643856048584,0.9990625977516174,-0.042649343609809875,-0.648029625415802,-0.29092955589294434,0.9972233772277832,-0.06529705226421356,-0.6525260806083679,-0.3275187909603119,0.99867844581604,0.022189022973179817,-0.6343169212341309,-0.19412419199943542,0.9987142086029053,-0.1219552606344223,-0.5829389095306396,-0.19595108926296234,0.9971538186073303,0.13650736212730408,-0.515264630317688,-0.09773155301809311,0.9994041323661804,-0.16308844089508057,-0.4943346679210663,-0.02693328447639942,0.998630940914154,0.3543225824832916,-0.6243387460708618,-0.1348903626203537,0.9892709255218506,-0.1875513643026352,-0.18649975955486298,-0.019990140572190285,0.95328688621521,0.49568745493888855,-0.7677100300788879,-0.1329592615365982,0.9756292104721069,-0.2659008800983429,0.025850562378764153,-0.10233056545257568,0.9657834768295288,0.08661503344774246,0.0033509694039821625,0.012659603729844093,0.9970645308494568,-0.08523427695035934,-0.007498490624129772,-0.01145991776138544,0.9968320727348328,0.07389923185110092,0.38254043459892273,-0.014813032932579517,0.795971691608429,-0.05036228150129318,0.3209007680416107,0.038837455213069916,0.668738842010498,0.05307847261428833,0.7085264325141907,0.1936592310667038,0.6700016856193542,-0.10517176240682602,0.6850208044052124,0.22885514795780182,0.5957895517349243
52,-0.054274123162031174,-0.6287435293197632,-0.3208598792552948,0.9990658164024353,-0.04141702502965927,-0.6463401317596436,-0.2940201759338379,0.9971874356269836,-0.0626455545425415,-0.6508431434631348,-0.33073508739471436,0.9987261891365051,0.026178816333413124,-0.632984459400177,-0.19770953059196472,0.9986811876296997,-0.11722387373447418,-0.5803216695785522,-0.19798552989959717,0.997321367263794,0.13963322341442108,-0.5140063166618347,-0.10140271484851837,0.9994281530380249,-0.15630345046520233,-0.49391987919807434,-0.028949690982699394,0.9987329840660095,0.3455342948436737,-0.6222501993179321,-0.13570334017276764,0.9901065230369568,-0.18813087046146393,-0.1859649270772934,-0.031121190637350082,0.9537318348884583,0.4406266212463379,-0.7942500710487366,-0.1407267153263092,0.9777770042419434,-0.27628615498542786,0.02365921065211296,-0.10410387814044952,0.9670844078063965,0.08645365387201309,0.00328884762711823,0.012680470943450928,0.9972884654998779,-0.08505524694919586,-0.0074548847042024136,-0.011465744115412235,0.9970759749412537,0.07418414950370789,0.3831212520599365,-0.014745526015758514,0.8117108345031738,-0.048954077064991,0.32083168625831604,0.03851725906133652,0.686138391494751,0.053820349276065826,0.7095715403556824,0.19425803422927856,0.6873733401298523,-0.10092182457447052,0.6846174597740173,0.22464106976985931,0.612783670425415
53,-0.04688103869557381,-0.6313927173614502,-0.30103442072868347,0.9990458488464355,-0.03561757132411003,-0.6479504108428955,-0.27259114384651184,0.9970496296882629,-0.05548401176929474,-0.6525686383247375,-0.3120592534542084,0.9987407326698303,0.029122181236743927,-0.6333908438682556,-0.18507373332977295,0.9986163973808289,-0.10916907340288162,-0.5808030962944031,-0.19275452196598053,0.9974517822265625,0.14174044132232666,-0.5130850076675415,-0.09439646452665329,0.9994376301765442,-0.15246473252773285,-0.49478402733802795,-0.02436279132962227,0.9988123178482056,0.3352298140525818,-0.633030891418457,-0.15131933987140656,0.990810215473175,-0.1856900453567505,-0.18812404572963715,-0.0423240102827549,0.952459454536438,0.4082348048686981,-0.8365161418914795,-0.166494220495224,0.9794446229934692,-0.27655452489852905,0.0201297365128994,-0.11384556442499161,0.9678375720977783,0.08620791882276535,0.0036240837071090937,0.012670338153839111,0.9974825978279114,-0.08480498194694519,-0.007843613624572754,-0.011467560194432735,0.9972901344299316,0.0739516019821167,0.3866247236728668,-0.01460847444832325,0.8228043913841248,-0.046086668968200684,0.32041728496551514,0.03692382946610451,0.691413164138794,0.056871119886636734,0.7103378176689148,0.19222433865070343,0.6902645230293274,-0.09710894525051117,0.6839867830276489,0.22162766754627228,0.6104675531387329
54,-0.036243848502635956,-0.6347638368606567,-0.2885269522666931,0.9991170167922974,-0.024418635293841362,-0.6506000757217407,-0.2578946352005005,0.9972622394561768,-0.04531160369515419,-0.6549885869026184,-0.30028584599494934,0.9988405108451843,0.033127736300230026,-0.6351797580718994,-0.16510792076587677,0.9987163543701172,-0.1040734350681305,-0.5831133723258972,-0.1826593428850174,0.9976720809936523,0.1477658599615097,-0.5129711627960205,-0.08512572944164276,0.9994667768478394,-0.15259887278079987,-0.49495023488998413,-0.020039396360516548,0.9988929033279419,0.3356335461139679,-0.6439468860626221,-0.1766435205936432,0.9916768074035645,-0.18501318991184235,-0.18787454068660736,-0.043667204678058624,0.953027069568634,0.27278202772140503,-0.8228943943977356,-0.19057108461856842,0.981080949306488,-0.2760535180568695,0.017271457239985466,-0.12645404040813446,0.9695097208023071,0.08601667732000351,0.004140203818678856,0.012700362130999565,0.9976119995117188,-0.08460846543312073,-0.00843739788979292,-0.011600089259445667,0.997426450252533,0.07446223497390747,0.3950166404247284,-0.01747448928654194,0.8369492292404175,-0.04537143558263779,0.3206949532032013,0.03571004047989845,0.7063595652580261,0.06452596187591553,0.7185013294219971,0.17947807908058167,0.7042282223701477,-0.09602031111717224,0.6876163482666016,0.21993686258792877,0.6219960451126099
55,-0.034747496247291565,-0.6430345773696899,-0.26220816373825073,0.9991745948791504,-0.021554280072450638,-0.6577258706092834,-0.23066315054893494,0.9974278807640076,-0.04313118755817413,-0.6620059609413147,-0.2706182599067688,0.9989221692085266,0.036634162068367004,-0.6398825645446777,-0.1389504224061966,0.9987969994544983,-0.09792152792215347,-0.589195966720581,-0.14420200884342194,0.9978658556938171,0.162364199757576,-0.5130765438079834,-0.05807599425315857,0.9994900822639465,-0.15255850553512573,-0.4969416856765747,-0.001656330656260252,0.9989756941795349,0.3396373391151428,-0.6656637191772461,-0.17553886771202087,0.9924955368041992,-0.18176214396953583,-0.1905440390110016,-0.032453082501888275,0.9559866189956665,0.21187812089920044,-0.8090164065361023,-0.17609162628650665,0.9821655750274658,-0.2745901346206665,0.006709553766995668,-0.12615802884101868,0.9718694686889648,0.08602431416511536,0.005263290833681822,0.012724904343485832,0.9976990818977356,-0.08465484529733658,-0.009650050662457943,-0.011775375343859196,0.9975398182868958,0.08007680624723434,0.39947056770324707,-0.018538357689976692,0.8506107926368713,-0.045382309705019,0.32014724612236023,0.03476131334900856,0.723408579826355,0.07393795996904373,0.721500039100647,0.17326566576957703,0.7197954058647156,-0.09575187414884567,0.6881793141365051,0.21851804852485657,0.6338927149772644
56,-0.03445277735590935,-0.6494198441505432,-0.2561414837837219,0.9992191791534424,-0.02009119838476181,-0.663701593875885,-0.22498473525047302,0.9975511431694031,-0.04194347560405731,-0.6683638691902161,-0.26433950662612915,0.9989846348762512,0.0386778861284256,-0.643792450428009,-0.13353894650936127,0.9988558888435364,-0.09527236968278885,-0.5959926843643188,-0.13662202656269073,0.9980255961418152,0.1660614013671875,-0.5130173563957214,-0.05075499415397644,0.9995139837265015,-0.15261076390743256,-0.501278281211853,0.004152671433985233,0.9990514516830444,0.3437163233757019,-0.6563835740089417,-0.1759909987449646,0.9932265281677246,-0.1785552203655243,-0.19318251311779022,-0.020986108109354973,0.9583213329315186,0.2203124463558197,-0.8016688823699951,-0.17671513557434082,0.9834257364273071,-0.26491454243659973,0.007511706557124853,-0.10603229701519012,0.9736853837966919,0.08598309010267258,0.005400374997407198,0.01298149861395359,0.9978266954421997,-0.08462217450141907,-0.009779413230717182,-0.01231215987354517,0.9976861476898193,0.08308226615190506,0.40096786618232727,-0.018468722701072693,0.8626582622528076,-0.044645410031080246,0.32014530897140503,0.0343303307890892,0.7384412884712219,0.07678978890180588,0.7229676842689514,0.1733081042766571,0.7305173873901367,-0.09374742954969406,0.6909682154655457,0.21763379871845245,0.6433036923408508
57,-0.03833908587694168,-0.6535047292709351,-0.246285080909729,0.999215304851532,-0.023417454212903976,-0.6677690744400024,-0.2173045426607132,0.997478723526001,-0.04473024234175682,-0.6726779341697693,-0.25576290488243103,0.9989928007125854,0.03681602329015732,-0.6473487019538879,-0.12867480516433716,0.9988054633140564,-0.09652682393789291,-0.6007513403892517,-0.13095146417617798,0.9980947971343994,0.16325680911540985,-0.5128732919692993,-0.04886595532298088,0.9995251297950745,-0.1526317298412323,-0.506367027759552,0.013571739196777344,0.9991143941879272,0.3426748216152191,-0.597612738609314,-0.17088904976844788,0.9937427043914795,-0.17431768774986267,-0.19404134154319763,-0.014436774887144566,0.9575445652008057,0.2515842616558075,-0.773948073387146,-0.19757920503616333,0.9845548868179321,-0.2511459290981293,0.004257303662598133,-0.09771443903446198,0.9745123982429504,0.08556698262691498,0.005249992478638887,0.012911989353597164,0.997961163520813,-0.08409380167722702,-0.009658618830144405,-0.012260382063686848,0.9978402256965637,0.08303520083427429,0.40087318420410156,-0.01843932643532753,0.8676449060440063,-0.04004304111003876,0.31952449679374695,0.03937936946749687,0.734215497970581,0.07649873942136765,0.723289966583252,0.17540472745895386,0.7215912342071533,-0.09123586118221283,0.6899192333221436,0.2260223776102066,0.6346830129623413
58,-0.04793545976281166,-0.652172863483429,-0.2675777077674866,0.9992360472679138,-0.03093763068318367,-0.6666330695152283,-0.2401578575372696,0.9974989295005798,-0.05300281196832657,-0.672368049621582,-0.27903491258621216,0.9990371465682983,0.03156263008713722,-0.6458690166473389,-0.14333684742450714,0.9987725019454956,-0.10771621763706207,-0.6000248789787292,-0.15185533463954926,0.9981988072395325,0.1477867066860199,-0.506202220916748,-0.049711551517248154,0.9995253086090088,-0.15941202640533447,-0.5063722729682922,0.0019027510425075889,0.9991765022277832,0.34012120962142944,-0.5221598148345947,-0.1431300789117813,0.9938059449195862,-0.17594191431999207,-0.19514383375644684,-0.024931451305747032,0.9581892490386963,0.3407129645347595,-0.7015531063079834,-0.19354858994483948,0.9852145314216614,-0.25011521577835083,0.007832628674805164,-0.10426092892885208,0.975238025188446,0.08547889441251755,0.0035750081297010183,0.015195000916719437,0.9980709552764893,-0.0839226022362709,-0.00802589487284422,-0.014126528054475784,0.9979808926582336,0.08298280835151672,0.399646520614624,-0.015366862528026104,0.8688725233078003,-0.04010288044810295,0.31976160407066345,0.03244787082076073,0.7312874794006348,0.07393110543489456,0.7218204736709595,0.19059836864471436,0.7079208493232727,-0.09119365364313126,0.6885300874710083,0.22498923540115356,0.6281368732452393
59,-0.05476605147123337,-0.6497336626052856,-0.2835448980331421,0.9992414712905884,-0.03563934937119484,-0.6643059849739075,-0.25668326020240784,0.99744713306427,-0.05809570103883743,-0.6715208292007446,-0.2946587800979614,0.9990641474723816,0.030020052567124367,-0.6418945789337158,-0.15685921907424927,0.9986894130706787,-0.11202926933765411,-0.599470317363739,-0.16428956389427185,0.9982702732086182,0.14245399832725525,-0.4953285753726959,-0.04994325339794159,0.9995306134223938,-0.16265970468521118,-0.5063773393630981,-0.007206939626485109,0.9992399215698242,0.3393210172653198,-0.4866284430027008,-0.11885073781013489,0.9938653111457825,-0.17619085311889648,-0.19658292829990387,-0.035102374851703644,0.9594517946243286,0.3869365453720093,-0.6579016447067261,-0.18849317729473114,0.9859867691993713,-0.2526921033859253,0.005478679668158293,-0.12207328528165817,0.9764320850372314,0.0854063630104065,0.002376158256083727,0.016830798238515854,0.9981927275657654,-0.08381468802690506,-0.006789675913751125,-0.01538020558655262,0.9981284141540527,0.08329766243696213,0.3986121416091919,-0.005645701661705971,0.8653600215911865,-0.03885035589337349,0.31976625323295593,0.029892783612012863,0.7232028841972351,0.07318661361932755,0.7197486162185669,0.20707020163536072,0.6909517645835876,-0.08763653039932251,0.6853252649307251,0.22435319423675537,0.6193493008613586
60,-0.0541963130235672,-0.646993100643158,-0.2906116247177124,0.9992714524269104,-0.03509810194373131,-0.6618005633354187,-0.2637840211391449,0.9975077509880066,-0.05761730298399925,-0.6696207523345947,-0.30117854475975037,0.9991085529327393,0.03163904324173927,-0.6401336789131165,-0.1641749143600464,0.9986801743507385,-0.11142413318157196,-0.599342942237854,-0.16789059340953827,0.9983699321746826,0.1426268070936203,-0.4901667833328247,-0.05245126783847809,0.9995334148406982,-0.16248434782028198,-0.506501317024231,-0.009476837702095509,0.9992967247962952,0.3390754163265228,-0.48236605525016785,-0.12039227038621902,0.993924081325531,-0.19174566864967346,-0.19978094100952148,-0.03942914307117462,0.960748016834259,0.3771201968193054,-0.6608492136001587,-0.20693238079547882,0.9865666627883911,-0.284618616104126,0.0039581358432769775,-0.12840110063552856,0.9772768020629883,0.08538782596588135,0.0020278464071452618,0.017317594960331917,0.9983009099960327,-0.08379469811916351,-0.006459332071244717,-0.01580897346138954,0.9982634782791138,0.08325369656085968,0.39857614040374756,-0.003975196275860071,0.8661692142486572,-0.03756466507911682,0.31981006264686584,0.029000408947467804,0.725702702999115,0.0748949721455574,0.7196643948554993,0.21035099029541016,0.6827378273010254,-0.0808328166604042,0.6851118206977844,0.22325275838375092,0.6187689304351807
61,-0.04569656401872635,-0.6455551385879517,-0.22808392345905304,0.9993151426315308,-0.02673397772014141,-0.6610043048858643,-0.2020609825849533,0.9976158142089844,-0.04844500869512558,-0.6690315008163452,-0.23896802961826324,0.9991593360900879,0.03965049609541893,-0.6398683786392212,-0.11111871898174286,0.9987261295318604,-0.09979409724473953,-0.5989868640899658,-0.11130859702825546,0.9984639883041382,0.14887496829032898,-0.48970577120780945,-0.020606352016329765,0.9995352625846863,-0.15912461280822754,-0.5111615061759949,0.04225585609674454,0.9993368983268738,0.3454408347606659,-0.5098181366920471,-0.10693757236003876,0.9938777685165405,-0.22654137015342712,-0.23484943807125092,-0.03091462142765522,0.9578883051872253,0.3666638135910034,-0.674905002117157,-0.20091992616653442,0.9867613911628723,-0.3610134422779083,-0.09515484422445297,-0.15755608677864075,0.9759106636047363,0.08539848029613495,0.002060024766251445,0.017360718920826912,0.9983571767807007,-0.0837809294462204,-0.006547181401401758,-0.015829863026738167,0.9983347058296204,0.07652107626199722,0.40053316950798035,-0.020532110705971718,0.8566207885742188,-0.03433015197515488,0.3207796812057495,0.0061147576197981834,0.7130893468856812,0.07143206149339676,0.7260576486587524,0.17196722328662872,0.6545370817184448,-0.07557354867458344,0.6852248311042786,0.18915605545043945,0.60068279504776
62,-0.028102189302444458,-0.6396734118461609,-0.20163610577583313,0.9992076754570007,-0.011314709670841694,-0.6562530994415283,-0.17661958932876587,0.9971187114715576,-0.033690061420202255,-0.6640864610671997,-0.21505509316921234,0.9989451169967651,0.05001617595553398,-0.6376135945320129,-0.08562081307172775,0.9985659122467041,-0.09149694442749023,-0.5970448851585388,-0.09037309139966965,0.9979844689369202,0.16107036173343658,-0.4955666661262512,-0.0006859517889097333,0.9994979500770569,-0.15922415256500244,-0.513668954372406,0.060230955481529236,0.9990976452827454,0.36331579089164734,-0.5781572461128235,-0.07244039326906204,0.9932544827461243,-0.25941094756126404,-0.2954990565776825,-0.05459674820303917,0.9173282980918884,0.34736397862434387,-0.749900758266449,-0.11942418664693832,0.9866986870765686,-0.4032231569290161,-0.3432188928127289,-0.25583258271217346,0.9688213467597961,0.08738726377487183,0.002055134391412139,0.01947704516351223,0.9983596801757812,-0.08562533557415009,-0.0065697552636265755,-0.017496265470981598,0.9982251524925232,0.0763426348567009,0.4009751081466675,-0.026897087693214417,0.834230363368988,-0.03447370231151581,0.32114341855049133,-0.005519622005522251,0.6756304502487183,0.06662201881408691,0.7279053926467896,0.16057085990905762,0.6161879897117615,-0.07563702762126923,0.6887027621269226,0.18517068028450012,0.5677911043167114
63,-0.021310463547706604,-0.6203884482383728,-0.19466045498847961,0.9991657137870789,-0.003690937999635935,-0.6393133997917175,-0.16973771154880524,0.9968809485435486,-0.028411952778697014,-0.6471132040023804,-0.20963841676712036,0.9988559484481812,0.05722480267286301,-0.6288304924964905,-0.07401477545499802,0.9984996914863586,-0.09152766317129135,-0.5894724726676941,-0.08066555857658386,0.997868001461029,0.16425272822380066,-0.49908944964408875,0.010881861671805382,0.9993088841438293,-0.16408556699752808,-0.5220927000045776,0.05975388363003731,0.9987406134605408,0.36189043521881104,-0.616370677947998,-0.08152588456869125,0.9918065667152405,-0.29686808586120605,-0.4337676167488098,-0.10244975984096527,0.9128010272979736,0.26491209864616394,-0.7758868932723999,-0.12021296471357346,0.9861379861831665,-0.4003174602985382,-0.5956271886825562,-0.279670387506485,0.9712008237838745,0.09153301268815994,0.0012458738638088107,0.02205829508602619,0.9982834458351135,-0.0896831676363945,-0.006311885546892881,-0.019963793456554413,0.9981251955032349,0.07545121759176254,0.4015481472015381,-0.0262251365929842,0.81046062707901,-0.034855473786592484,0.32099300622940063,-0.009186080656945705,0.6500280499458313,0.0618206262588501,0.7356008291244507,0.15736530721187592,0.5992701649665833,-0.07532250136137009,0.6956281065940857,0.1821163147687912,0.5590986609458923
64,-0.02278662472963333,-0.6233899593353271,-0.1803426891565323,0.9991493225097656,-0.005045072175562382,-0.6411783695220947,-0.15405967831611633,0.9968670010566711,-0.028829103335738182,-0.6493398547172546,-0.18740814924240112,0.9987614750862122,0.06273697316646576,-0.6280045509338379,-0.0657818391919136,0.9985475540161133,-0.08781356364488602,-0.5893484950065613,-0.05168946459889412,0.9978459477424622,0.1654910147190094,-0.4944315552711487,0.025034617632627487,0.9991329908370972,-0.15925957262516022,-0.5447471141815186,0.08747728168964386,0.9984750151634216,0.33242863416671753,-0.6391017436981201,-0.05049900710582733,0.9924178719520569,-0.2967197299003601,-0.5953705310821533,0.005600824486464262,0.920696496963501,0.1943177878856659,-0.7803115248680115,0.05965867638587952,0.9850069880485535,-0.3279154598712921,-0.8028106093406677,0.006775588262826204,0.9735646843910217,0.09141822159290314,0.0011320768389850855,0.01859787106513977,0.9981602430343628,-0.08955390751361847,-0.006318892352283001,-0.017709247767925262,0.9980626702308655,0.07726258784532547,0.4011473059654236,-0.024478299543261528,0.8044472336769104,-0.038158658891916275,0.32099422812461853,-0.006445627193897963,0.6511104106903076,0.08051522821187973,0.7367281913757324,0.16248267889022827,0.5946053862571716,-0.07272254675626755,0.6976525783538818,0.18937799334526062,0.5559297204017639
65,-0.02359888143837452,-0.6314825415611267,-0.1495903730392456,0.9991550445556641,-0.006135324947535992,-0.647770881652832,-0.11908741295337677,0.996957540512085,-0.02934078872203827,-0.6551455855369568,-0.14964550733566284,0.9987061023712158,0.06389827281236649,-0.6281059980392456,-0.031849343329668045,0.9986311197280884,-0.08732838928699493,-0.5887326002120972,-0.013226065784692764,0.9978751540184021,0.16703467071056366,-0.48518431186676025,0.06643596291542053,0.9991012215614319,-0.152104452252388,-0.5567530393600464,0.11138983070850372,0.9984087347984314,0.32028937339782715,-0.6514521241188049,0.011135561391711235,0.9929985404014587,-0.27947327494621277,-0.6602304577827454,0.07550441473722458,0.9278197288513184,0.1753140389919281,-0.7757065892219543,0.2024974673986435,0.9720903635025024,-0.19339612126350403,-0.841707170009613,0.1425389051437378,0.9735129475593567,0.09116964042186737,0.0010998297948390245,0.01680905371904373,0.99800705909729,-0.0894513726234436,-0.006353648379445076,-0.016750864684581757,0.9979733824729919,0.07778163999319077,0.39920321106910706,-0.019030917435884476,0.7856669425964355,-0.03803088888525963,0.3189726173877716,0.003271280787885189,0.6281166672706604,0.0876319631934166,0.7364488840103149,0.1646505892276764,0.5696957111358643,-0.07172228395938873,0.6970462203025818,0.19868771731853485,0.5235033631324768
66,-0.01343616470694542,-0.6358445882797241,-0.15165266394615173,0.9989158511161804,0.0028730120975524187,-0.6508833765983582,-0.13178017735481262,0.996088981628418,-0.022049928084015846,-0.6574230194091797,-0.15357868373394012,0.9977598786354065,0.06610125303268433,-0.6293144822120667,-0.049517225474119186,0.99836665391922,-0.08701158314943314,-0.5879513621330261,-0.018284065648913383,0.9964532852172852,0.16659173369407654,-0.48604774475097656,0.05714002251625061,0.999029815196991,-0.15034212172031403,-0.5649094581604004,0.06492192298173904,0.9978727698326111,0.31619781255722046,-0.6366615891456604,-0.091818667948246,0.99339759349823,-0.2734423279762268,-0.6637489199638367,-0.039627108722925186,0.934111475944519,0.1830674260854721,-0.7170019149780273,0.022808073088526726,0.9657071232795715,-0.13359396159648895,-0.8111537098884583,0.025148069486021996,0.9697028398513794,0.08989335596561432,0.000147609316627495,0.016822781413793564,0.9978783130645752,-0.08848747611045837,-0.005313144531100988,-0.01682734303176403,0.9978440999984741,0.07965894788503647,0.3999052047729492,-0.014135879464447498,0.7450054287910461,-0.036985334008932114,0.31898730993270874,0.012472044676542282,0.5877403020858765,0.09022088348865509,0.7395622134208679,0.17879794538021088,0.5292105078697205,-0.0719277635216713,0.6974581480026245,0.21356725692749023,0.48280882835388184
67,-0.015105699189007282,-0.6358444094657898,-0.166707381606102,0.998746931552887,0.0012687313137575984,-0.6509132385253906,-0.13967588543891907,0.9956157803535461,-0.02324240654706955,-0.6573618650436401,-0.17047235369682312,0.9971901774406433,0.06542307883501053,-0.6291888952255249,-0.048551298677921295,0.9982839226722717,-0.08714672923088074,-0.5859552621841431,-0.034923188388347626,0.9957315325737,0.1663728505373001,-0.4864393472671509,0.051204949617385864,0.9989756941795349,-0.14988164603710175,-0.5648542642593384,0.07590659707784653,0.9974783658981323,0.3170742690563202,-0.6422785520553589,-0.04628864303231239,0.993884265422821,-0.26676836609840393,-0.6522396206855774,-0.006203839555382729,0.9394916892051697,0.20171910524368286,-0.726809024810791,0.07275332510471344,0.962698757648468,-0.13731758296489716,-0.8052851557731628,0.04265744239091873,0.9648858308792114,0.08951327204704285,-0.000260867178440094,0.016749519854784012,0.9977797269821167,-0.08830595016479492,-0.004961908329278231,-0.016807695850729942,0.9977282881736755,0.07973372936248779,0.3991311490535736,-0.011679498478770256,0.7300232648849487,-0.03460481017827988,0.31897658109664917,0.015360260382294655,0.568936288356781,0.09030888229608536,0.7391746640205383,0.1898086816072464,0.508076548576355,-0.069322369992733,0.6972166895866394,0.2193208485841751,0.45762568712234497
68,-0.016077402979135513,-0.6294734477996826,-0.16676202416419983,0.9987239241600037,0.0001561256794957444,-0.6451830267906189,-0.1395604908466339,0.9955610632896423,-0.023669663816690445,-0.6519343852996826,-0.17232368886470795,0.9971520304679871,0.06528592109680176,-0.6244519352912903,-0.046671684831380844,0.9982960820198059,-0.08736661076545715,-0.5828250646591187,-0.038086965680122375,0.995756208896637,0.16560326516628265,-0.4865821301937103,0.05632942542433739,0.9988133907318115,-0.14925992488861084,-0.5654327869415283,0.09719952195882797,0.9972029328346252,0.32902321219444275,-0.6387625336647034,0.0013406674843281507,0.993669867515564,-0.2668832540512085,-0.6486527919769287,0.038569241762161255,0.9439716935157776,0.23407316207885742,-0.7743434309959412,0.09589197486639023,0.9624939560890198,-0.17847409844398499,-0.8417754173278809,0.07385445386171341,0.9660162329673767,0.0893818661570549,-0.00042700994526967406,0.01635603979229927,0.9976783394813538,-0.08823906630277634,-0.00493046548217535,-0.016436131671071053,0.9976522326469421,0.08002275228500366,0.3980017900466919,-0.00802084431052208,0.7092623114585876,-0.03435128554701805,0.32010120153427124,0.015479390509426594,0.5543195605278015,0.08969275653362274,0.7401828765869141,0.19006067514419556,0.4816385507583618,-0.06388908624649048,0.6978490352630615,0.21551652252674103,0.4347171187400818
69,-0.016859645023941994,-0.6157536506652832,-0.22531262040138245,0.9985604882240295,-0.0005205814959481359,-0.6332454681396484,-0.20409837365150452,0.9949901103973389,-0.023991519585251808,-0.6408113241195679,-0.23856045305728912,0.9967964291572571,0.0661267414689064,-0.6172070503234863,-0.11821260303258896,0.9981045722961426,-0.08623562753200531,-0.5765525102615356,-0.10689152777194977,0.9952051043510437,0.16550670564174652,-0.4870798885822296,-0.011757244355976582,0.9986976981163025,-0.14920911192893982,-0.5621551275253296,0.0418621301651001,0.9967079758644104,0.3346666693687439,-0.6363117694854736,-0.007567473221570253,0.9906845092773438,-0.2851952016353607,-0.625507652759552,-0.043142419308423996,0.9409876465797424,0.32890719175338745,-0.8159657120704651,0.007493722718209028,0.962701141834259,-0.3041157126426697,-0.8433138728141785,-0.08998898416757584,0.9652491211891174,0.08960086107254028,-0.001977771520614624,0.017409801483154297,0.9976692199707031,-0.08833625912666321,-0.003933185711503029,-0.01709851622581482,0.9976152181625366,0.0800347551703453,0.3929581642150879,-0.006188046187162399,0.6851444840431213,-0.034848522394895554,0.3201073408126831,0.007574629038572311,0.5401062369346619,0.08729014545679092,0.7399370670318604,0.18977229297161102,0.4725281596183777,-0.06130266934633255,0.6997597813606262,0.20123037695884705,0.4331441819667816
70,-0.017354074865579605,-0.6056509613990784,-0.30325794219970703,0.9984807968139648,-0.0007837334997020662,-0.6240065097808838,-0.2840023338794708,0.994606614112854,-0.024116288870573044,-0.6322876811027527,-0.32115110754966736,0.9966488480567932,0.06575766950845718,-0.6106716990470886,-0.19629041850566864,0.9978991746902466,-0.08631641417741776,-0.5711652040481567,-0.19379191100597382,0.9948481917381287,0.16375789046287537,-0.4873791038990021,-0.0841498076915741,0.9986661076545715,-0.15231405198574066,-0.5600960850715637,-0.03080252930521965,0.9966203570365906,0.3407830595970154,-0.6291569471359253,-0.07196022570133209,0.9886740446090698,-0.31451258063316345,-0.6030284762382507,-0.11512502282857895,0.9395304918289185,0.40022721886634827,-0.8079333305358887,-0.08393051475286484,0.9633634686470032,-0.4040694534778595,-0.7931753993034363,-0.2074696123600006,0.9659234285354614,0.0898434966802597,-0.003597254864871502,0.01963665522634983,0.9976246953010559,-0.08843138068914413,-0.0026741784531623125,-0.01864694245159626,0.9975521564483643,0.07902684807777405,0.3884081244468689,0.0010981484083458781,0.6677952408790588,-0.04254087805747986,0.319505512714386,0.0024631971027702093,0.5289959907531738,0.07779986411333084,0.739738941192627,0.18953369557857513,0.4764961898326874,-0.0676446184515953,0.6996386647224426,0.19336505234241486,0.4402271807193756
71,-0.017500771209597588,-0.6082586050033569,-0.30409616231918335,0.9985061287879944,-0.0002820827648974955,-0.6260969638824463,-0.28304949402809143,0.9946551322937012,-0.02356567792594433,-0.6338930130004883,-0.3201970160007477,0.9967252612113953,0.06578687578439713,-0.61156165599823,-0.19335906207561493,0.9978626370429993,-0.08602665364742279,-0.5721698999404907,-0.19294601678848267,0.994867205619812,0.16361583769321442,-0.4900604784488678,-0.08770674467086792,0.9986820816993713,-0.15467271208763123,-0.5587905049324036,-0.03428139537572861,0.9966489672660828,0.34675857424736023,-0.6144821047782898,-0.08822794258594513,0.9881114363670349,-0.3230281174182892,-0.583334743976593,-0.11550534516572952,0.9403111338615417,0.432375967502594,-0.7995546460151672,-0.10331777483224869,0.965855062007904,-0.4511006772518158,-0.7606869339942932,-0.2118149846792221,0.9680016040802002,0.09010876715183258,-0.005021525546908379,0.02059362083673477,0.9975547790527344,-0.08853650093078613,-0.0014346451498568058,-0.019249359145760536,0.9974520802497864,0.07312764972448349,0.38090160489082336,0.0016058251494541764,0.6503241062164307,-0.045260537415742874,0.3174196779727936,-0.0005553223891183734,0.51592618227005,0.06429646164178848,0.7351070642471313,0.18932485580444336,0.47239550948143005,-0.06775317341089249,0.6986029148101807,0.19081398844718933,0.4407729506492615
72,-0.017672576010227203,-0.6093716025352478,-0.2935841977596283,0.9985226392745972,4.047814218210988e-05,-0.6280754804611206,-0.271106481552124,0.9946312308311462,-0.023409996181726456,-0.6367490291595459,-0.3088427782058716,0.9967750906944275,0.06558577716350555,-0.6137697696685791,-0.1790383905172348,0.9977786540985107,-0.08608748763799667,-0.5767351984977722,-0.18168102204799652,0.9948389530181885,0.16298401355743408,-0.49408212304115295,-0.07634790986776352,0.9986861944198608,-0.16052843630313873,-0.5580153465270996,-0.028977379202842712,0.9966638088226318,0.3473709523677826,-0.6091120839118958,-0.08731193095445633,0.9877923130989075,-0.3314685821533203,-0.5726219415664673,-0.12147095054388046,0.9421936869621277,0.4350023567676544,-0.7967898845672607,-0.1006915494799614,0.9683486819267273,-0.4665597677230835,-0.744048535823822,-0.22950232028961182,0.9702033400535583,0.09055528044700623,-0.006139951758086681,0.0220599714666605,0.9974719285964966,-0.08880051225423813,-0.00035252058296464384,-0.020320432260632515,0.9973319172859192,0.0700000673532486,0.378341406583786,0.0013964782701805234,0.6352702379226685,-0.04722927510738373,0.3161807656288147,-0.005453211721032858,0.501555860042572,0.05459561571478844,0.7348293662071228,0.18468846380710602,0.46837884187698364,-0.07043814659118652,0.6985201239585876,0.18489070236682892,0.43926146626472473
73,-0.018502064049243927,-0.6108582019805908,-0.29194724559783936,0.9985424280166626,-0.00021897201077081263,-0.6293452978134155,-0.27044594287872314,0.9946385025978088,-0.023723017424345016,-0.6378023028373718,-0.30736812949180603,0.9968279600143433,0.06534430384635925,-0.6144492626190186,-0.18032237887382507,0.9977243542671204,-0.08628945052623749,-0.5769163966178894,-0.17953845858573914,0.9948320984840393,0.16248977184295654,-0.4944513142108917,-0.07534107565879822,0.9987040758132935,-0.1617632508277893,-0.5576737523078918,-0.02327522076666355,0.9967201948165894,0.3484218120574951,-0.5990801453590393,-0.0878828912973404,0.9870806336402893,-0.3334707021713257,-0.5669757723808289,-0.10663542151451111,0.9424492120742798,0.42355307936668396,-0.7942086458206177,-0.10422986000776291,0.9702819585800171,-0.46025702357292175,-0.7405879497528076,-0.2014811635017395,0.9718780517578125,0.0906289592385292,-0.006785825826227665,0.022260572761297226,0.9973741769790649,-0.08881713449954987,0.0001915237953653559,-0.02044040709733963,0.9972182512283325,0.06696559488773346,0.3778434693813324,0.0011363603407517076,0.6092839241027832,-0.047763824462890625,0.3158378005027771,-0.0056385463103652,0.4789145588874817,0.049886513501405716,0.7346753478050232,0.17955122888088226,0.4539952576160431,-0.07088527828454971,0.6987920999526978,0.18246698379516602,0.4286525845527649
74,-0.018992697820067406,-0.6120612025260925,-0.2871657907962799,0.9984974265098572,-0.0006454765098169446,-0.6309544444084167,-0.2657734453678131,0.9944296479225159,-0.02396724373102188,-0.6394150853157043,-0.3020625412464142,0.9967480301856995,0.06500890105962753,-0.6167004108428955,-0.17665532231330872,0.9975779056549072,-0.0863732397556305,-0.5788751840591431,-0.1741075962781906,0.9946449398994446,0.16237734258174896,-0.49766477942466736,-0.07220923900604248,0.9986706376075745,-0.16173307597637177,-0.5584052801132202,-0.017650984227657318,0.9966750144958496,0.348065048456192,-0.5993701219558716,-0.0873323380947113,0.9865488409996033,-0.33273667097091675,-0.5687614679336548,-0.09786942601203918,0.9433146119117737,0.4119391143321991,-0.7953166365623474,-0.09847699105739594,0.9718812704086304,-0.44798269867897034,-0.7529089450836182,-0.1855648308992386,0.9731815457344055,0.09064432978630066,-0.006940304301679134,0.022236790508031845,0.9972983002662659,-0.08881376683712006,0.0003225041728001088,-0.02039119228720665,0.9971408843994141,0.0659206435084343,0.3775249719619751,0.0009693100582808256,0.6009199023246765,-0.05031672492623329,0.31509822607040405,-0.004929280374199152,0.47295939922332764,0.05177982896566391,0.7333760857582092,0.18110251426696777,0.45264706015586853,-0.07268677651882172,0.6982972025871277,0.18395917117595673,0.42985278367996216
75,-0.019090797752141953,-0.6129424571990967,-0.2839125990867615,0.9983797073364258,-0.0008067467715591192,-0.6316465139389038,-0.26236069202423096,0.9940425753593445,-0.02401343174278736,-0.6400037407875061,-0.2987835109233856,0.9964876174926758,0.06487195938825607,-0.6170123219490051,-0.1734478622674942,0.9973791241645813,-0.08616900444030762,-0.5789769887924194,-0.17067821323871613,0.99407559633255,0.16123522818088531,-0.4980029761791229,-0.0688469260931015,0.9986253976821899,-0.16165168583393097,-0.5580531358718872,-0.014279700815677643,0.9964531660079956,0.3457302451133728,-0.5988243818283081,-0.0873691514134407,0.9855943322181702,-0.3274809718132019,-0.574219286441803,-0.09447351843118668,0.9432657957077026,0.39774131774902344,-0.796062707901001,-0.1005031168460846,0.9728114008903503,-0.42609596252441406,-0.7713541388511658,-0.17852817475795746,0.9728541970252991,0.09060025960206985,-0.00724876020103693,0.022231828421354294,0.997239351272583,-0.08875247091054916,0.000599097809754312,-0.020387105643749237,0.9970653057098389,0.06617454439401627,0.3775551915168762,0.0010169300949200988,0.5904513001441956,-0.0501752607524395,0.31511324644088745,-0.0045764874666929245,0.4665404260158539,0.05301334336400032,0.7334672808647156,0.18093706667423248,0.4504466652870178,-0.07270799577236176,0.6987847089767456,0.18399471044540405,0.4296107292175293
76,-0.01887132041156292,-0.6214897036552429,-0.2498479187488556,0.9983241558074951,-0.0008762626675888896,-0.6392712593078613,-0.2265769988298416,0.9938034415245056,-0.023933282122015953,-0.6467330455780029,-0.2635570466518402,0.9963594675064087,0.06461025774478912,-0.61958247423172,-0.1406823694705963,0.9972500801086426,-0.08575960248708725,-0.5803882479667664,-0.13858835399150848,0.9938251972198486,0.1611025184392929,-0.4982576370239258,-0.04593036323785782,0.9985533356666565,-0.1594715267419815,-0.5578977465629578,0.0038050184957683086,0.9963356852531433,0.34624558687210083,-0.5989570617675781,-0.08702289313077927,0.9852885007858276,-0.3170442283153534,-0.5714946985244751,-0.09183809161186218,0.9453886151313782,0.34738290309906006,-0.7951543927192688,-0.09749245643615723,0.974113941192627,-0.314503937959671,-0.7586086988449097,-0.17305225133895874,0.9745160341262817,0.09028708934783936,-0.007235981523990631,0.02225673757493496,0.9971225261688232,-0.08846818655729294,0.0005688087549060583,-0.020461568608880043,0.9969556331634521,0.06640259921550751,0.380219429731369,-0.00572294881567359,0.5673526525497437,-0.04976402968168259,0.3161333203315735,-0.00971634779125452,0.4458237588405609,0.05418173223733902,0.7355373501777649,0.16997037827968597,0.4327388405799866,-0.06908721476793289,0.7000417709350586,0.1831931471824646,0.41113021969795227
77,-0.018907802179455757,-0.6312695145606995,-0.24618881940841675,0.9982833862304688,-0.0005890001775696874,-0.6476766467094421,-0.22036993503570557,0.9936947226524353,-0.023963134735822678,-0.6550782918930054,-0.2583495080471039,0.9962462782859802,0.06487575173377991,-0.6232926845550537,-0.1322389841079712,0.9972236156463623,-0.08542078733444214,-0.5832569003105164,-0.13090728223323822,0.99369877576828,0.16146549582481384,-0.49768662452697754,-0.04681922495365143,0.9984919428825378,-0.1573323756456375,-0.5577130317687988,0.0018230680143460631,0.9962791204452515,0.3386121690273285,-0.588507890701294,-0.17273330688476562,0.9863395094871521,-0.29669415950775146,-0.5625703930854797,-0.17730113863945007,0.9495733976364136,0.26110100746154785,-0.7502221465110779,-0.2068401724100113,0.9760985374450684,-0.21915654838085175,-0.7296743392944336,-0.27164724469184875,0.9765584468841553,0.08971983194351196,-0.007160755340009928,0.022302644327282906,0.9970080256462097,-0.08799546211957932,0.000505145697388798,-0.020669540390372276,0.9968531727790833,0.06649360060691833,0.38858655095100403,-0.010179108008742332,0.558714747428894,-0.04507039487361908,0.31917157769203186,-0.00939044076949358,0.43280965089797974,0.058008309453725815,0.7395608425140381,0.1705697476863861,0.4185263216495514,-0.06893549114465714,0.7039819359779358,0.18858210742473602,0.395233154296875
78,-0.01933465711772442,-0.6317005157470703,-0.2489701360464096,0.9983558654785156,-0.0006407382315956056,-0.6479743123054504,-0.22071360051631927,0.9939696788787842,-0.024473289027810097,-0.6555163264274597,-0.258967787027359,0.9963653683662415,0.06689491122961044,-0.6234568953514099,-0.1328834891319275,0.9973347783088684,-0.08549147844314575,-0.5835861563682556,-0.13031290471553802,0.9938392043113708,0.16256050765514374,-0.49416083097457886,-0.05020935460925102,0.998487651348114,-0.15591147541999817,-0.5574324131011963,0.0013663101708516479,0.996330976486206,0.32829272747039795,-0.567888617515564,-0.20225396752357483,0.9873881936073303,-0.28908631205558777,-0.5547289848327637,-0.18686819076538086,0.9532866477966309,0.21381604671478271,-0.683074414730072,-0.21901947259902954,0.9772083163261414,-0.19826824963092804,-0.6778011918067932,-0.2757813036441803,0.9774006605148315,0.08916206657886505,-0.006985426880419254,0.0222169179469347,0.9969286918640137,-0.08757825940847397,0.0004222335701342672,-0.02066938392817974,0.9968078136444092,0.06661433726549149,0.3965768814086914,-0.011118423193693161,0.5424380898475647,-0.040769945830106735,0.32088837027549744,-0.009326228871941566,0.41645944118499756,0.05969864875078201,0.7453233599662781,0.17079758644104004,0.39465269446372986,-0.06884149461984634,0.7087308168411255,0.1886974424123764,0.37190619111061096
79,-0.01911536231637001,-0.6315242648124695,-0.2502896189689636,0.9984392523765564,9.788463648874313e-05,-0.647890031337738,-0.2214231938123703,0.9942613244056702,-0.024436993524432182,-0.6554458737373352,-0.2591787874698639,0.9965111017227173,0.06879404932260513,-0.6231939196586609,-0.13252338767051697,0.9974549412727356,-0.08553646504878998,-0.582892656326294,-0.12994639575481415,0.9940547347068787,0.16350728273391724,-0.49067384004592896,-0.05042845755815506,0.9984895586967468,-0.15497756004333496,-0.5533762574195862,0.0014421516098082066,0.9963794946670532,0.32715174555778503,-0.5588061213493347,-0.20051974058151245,0.9883557558059692,-0.28940486907958984,-0.5473881363868713,-0.17654675245285034,0.9569772481918335,0.21404840052127838,-0.6688972115516663,-0.22287100553512573,0.9786829948425293,-0.2171061486005783,-0.6731622219085693,-0.25655993819236755,0.978853166103363,0.088874451816082,-0.006906553171575069,0.02212255634367466,0.9968577027320862,-0.08733367174863815,0.00038276947452686727,-0.020661426708102226,0.9967712759971619,0.06675983965396881,0.40132924914360046,-0.016761435195803642,0.5309280157089233,-0.03856397792696953,0.32361364364624023,-0.009356235153973103,0.4037286937236786,0.06279447674751282,0.7499260306358337,0.17109259963035583,0.3750515878200531,-0.06872089207172394,0.7122763395309448,0.19013307988643646,0.3541715443134308
80,-0.019161349162459373,-0.6310396194458008,-0.2462874799966812,0.9984741806983948,-8.32547593745403e-05,-0.6475825309753418,-0.21932736039161682,0.9943236112594604,-0.024538472294807434,-0.6548908948898315,-0.2575185298919678,0.9965535402297974,0.06626732647418976,-0.623209536075592,-0.1299860179424286,0.9974742531776428,-0.08649022877216339,-0.5825408101081848,-0.12913654744625092,0.9941247701644897,0.1616201400756836,-0.49036917090415955,-0.043012749403715134,0.9984947443008423,-0.1552724540233612,-0.5507560968399048,0.008350290358066559,0.9963980913162231,0.3288742005825043,-0.5502893924713135,-0.19577239453792572,0.9887129068374634,-0.3015068769454956,-0.5451368689537048,-0.14483796060085297,0.9591666460037231,0.2447383850812912,-0.6842822432518005,-0.19333752989768982,0.9800978899002075,-0.2620351016521454,-0.6861088275909424,-0.21626248955726624,0.9804624319076538,0.08872716128826141,-0.0069148181937634945,0.02244565635919571,0.9966312050819397,-0.08710583299398422,0.0003791147319134325,-0.021076401695609093,0.9965792298316956,0.06681876629590988,0.4006122946739197,-0.016792763024568558,0.5145360231399536,-0.03971945866942406,0.3235780596733093,-0.010842653922736645,0.3917412757873535,0.06288471072912216,0.7499359846115112,0.17218366265296936,0.36393383145332336,-0.07006755471229553,0.7122888565063477,0.1920221596956253,0.3459238111972809
81,-0.020964382216334343,-0.6243482828140259,-0.2614807188510895,0.9986016750335693,-0.0011944851139560342,-0.642736554145813,-0.2385060042142868,0.9947928786277771,-0.025952616706490517,-0.6505669951438904,-0.27659836411476135,0.9968468546867371,0.06492957472801208,-0.621772825717926,-0.14611363410949707,0.9976756572723389,-0.08896500617265701,-0.5821070075035095,-0.14641083776950836,0.9946121573448181,0.16124217212200165,-0.48626402020454407,-0.04310096427798271,0.9985702037811279,-0.15844495594501495,-0.5450507402420044,0.0026287788059562445,0.9965860247612,0.3366584777832031,-0.5036568641662598,-0.1498570293188095,0.9887133836746216,-0.3197464048862457,-0.5164268612861633,-0.14414924383163452,0.9602562785148621,0.33365389704704285,-0.6691924333572388,-0.18392841517925262,0.9815931916236877,-0.3798938989639282,-0.6877611875534058,-0.2285151332616806,0.9819729328155518,0.08886285871267319,-0.00726845720782876,0.023643815889954567,0.9965471029281616,-0.08713127672672272,0.000608245434705168,-0.022110391408205032,0.9965066909790039,0.06691376119852066,0.39918315410614014,-0.015746047720313072,0.5167741775512695,-0.040906552225351334,0.3219626545906067,-0.010726128704845905,0.3950149118900299,0.06030759960412979,0.7463546991348267,0.17870038747787476,0.3789260685443878,-0.07058548927307129,0.7062907218933105,0.19875790178775787,0.36639633774757385
82,-0.02408033050596714,-0.6182483434677124,-0.2914975881576538,0.998720109462738,-0.002325786743313074,-0.6370689868927002,-0.2716595530509949,0.9952211976051331,-0.027301495894789696,-0.6465012431144714,-0.30816325545310974,0.9971219301223755,0.06484441459178925,-0.6153551340103149,-0.17962975800037384,0.9978553056716919,-0.08961028605699539,-0.5814406275749207,-0.17573677003383636,0.9950714707374573,0.16019974648952484,-0.4764338731765747,-0.05152904614806175,0.9986612200737,-0.1609761267900467,-0.538252592086792,-0.00808334443718195,0.9968552589416504,0.3422966003417969,-0.4702422618865967,-0.10306794196367264,0.9884277582168579,-0.3471252918243408,-0.49153006076812744,-0.11347470432519913,0.9615373015403748,0.3905736804008484,-0.6371012926101685,-0.1671876311302185,0.9830271005630493,-0.43963342905044556,-0.661628246307373,-0.22623401880264282,0.9835608601570129,0.08897072821855545,-0.007808520458638668,0.024244096130132675,0.996496319770813,-0.08714605122804642,0.0009806508896872401,-0.022525710985064507,0.9964975118637085,0.06664128601551056,0.39498192071914673,-0.009066306054592133,0.5077211856842041,-0.041085779666900635,0.3197694718837738,-0.010890277102589607,0.3904053866863251,0.05840905383229256,0.7436326742172241,0.18173953890800476,0.39270615577697754,-0.06787757575511932,0.7033718824386597,0.19822029769420624,0.38475561141967773
83,-0.025117147713899612,-0.6184777021408081,-0.2874086797237396,0.9988170266151428,-0.0023758334573358297,-0.6372038722038269,-0.26642030477523804,0.9955582022666931,-0.027538614347577095,-0.6467884182929993,-0.3030296862125397,0.9973528981208801,0.06527683883905411,-0.6149545311927795,-0.1737365871667862,0.9979899525642395,-0.08966311067342758,-0.5833043456077576,-0.17042489349842072,0.9954541921615601,0.1602078676223755,-0.4732430875301361,-0.04637297987937927,0.9987298250198364,-0.16222889721393585,-0.5365288853645325,-0.0074804797768592834,0.9970895051956177,0.3507254719734192,-0.46383291482925415,-0.06567312031984329,0.9880355000495911,-0.34721729159355164,-0.47457781434059143,-0.10470795631408691,0.9621081948280334,0.4024309515953064,-0.6312342286109924,-0.12956830859184265,0.9842508435249329,-0.4402041733264923,-0.6403749585151672,-0.2259676456451416,0.9849705696105957,0.08906612545251846,-0.007970730774104595,0.025312166661024094,0.9965274930000305,-0.08716730028390884,0.001111471327021718,-0.023324783891439438,0.9965535402297974,0.06653153896331787,0.3926062285900116,-0.005262682214379311,0.5006822347640991,-0.04112357646226883,0.3161323368549347,-0.010866666212677956,0.38431745767593384,0.05692106485366821,0.737064003944397,0.18868710100650787,0.4016580879688263,-0.06607822328805923,0.6949549317359924,0.19939804077148438,0.39769017696380615
84,-0.026280643418431282,-0.6206088066101074,-0.28461188077926636,0.9989165663719177,-0.0026188506744802,-0.6395851373672485,-0.26289471983909607,0.9959325790405273,-0.02849283628165722,-0.6497445702552795,-0.2996583878993988,0.9975841045379639,0.06563760340213776,-0.6176084876060486,-0.1703941524028778,0.998155415058136,-0.08988822251558304,-0.5876486301422119,-0.16808262467384338,0.9958425164222717,0.16075408458709717,-0.47416552901268005,-0.045380849391222,0.9988011121749878,-0.1621464639902115,-0.5364657640457153,-0.007010279223322868,0.9972848296165466,0.3502977788448334,-0.46159765124320984,-0.06917711347341537,0.9881421327590942,-0.343727707862854,-0.45371416211128235,-0.12638890743255615,0.961345374584198,0.3814607858657837,-0.6279734969139099,-0.1714172661304474,0.9854834675788879,-0.41115331649780273,-0.6199092864990234,-0.28867870569229126,0.9862385988235474,0.08909328281879425,-0.007979430258274078,0.02606106363236904,0.9965192079544067,-0.0871608555316925,0.0011114288354292512,-0.024060608819127083,0.9965460300445557,0.06672684103250504,0.3916040360927582,-0.003366332035511732,0.5060746073722839,-0.04114176332950592,0.3150582015514374,-0.005131548270583153,0.38842394948005676,0.05703703686594963,0.7313862442970276,0.2018917202949524,0.4195029139518738,-0.0665087103843689,0.6909354329109192,0.21766023337841034,0.420764297246933
85,-0.02724115364253521,-0.6209592819213867,-0.2719591557979584,0.9990013241767883,-0.0027612994890660048,-0.639893651008606,-0.25054189562797546,0.9962605834007263,-0.028894368559122086,-0.6503487825393677,-0.2862676680088043,0.997782289981842,0.06661812961101532,-0.6177210211753845,-0.16078118979930878,0.9983063340187073,-0.08854646235704422,-0.5883566737174988,-0.15184135735034943,0.9961808323860168,0.16239003837108612,-0.47191041707992554,-0.04377969354391098,0.9988771080970764,-0.1610470414161682,-0.5360043048858643,0.000613375217653811,0.9974781274795532,0.34882664680480957,-0.4403078854084015,-0.11496205627918243,0.9887723922729492,-0.3254707455635071,-0.4364139437675476,-0.14359621703624725,0.9621274471282959,0.31591010093688965,-0.5827540159225464,-0.20194299519062042,0.9866358637809753,-0.3112221956253052,-0.5788529515266418,-0.30305179953575134,0.9873656630516052,0.0891837626695633,-0.007877935655415058,0.02622196078300476,0.9966568946838379,-0.08722801506519318,0.0010224847355857491,-0.024316510185599327,0.9966859221458435,0.06746341288089752,0.3918538987636566,-0.0009244706598110497,0.522477388381958,-0.041167810559272766,0.3149961233139038,-0.0031280105467885733,0.40497344732284546,0.05885452404618263,0.7304623126983643,0.21671126782894135,0.4372089207172394,-0.06728290766477585,0.6913561820983887,0.22493818402290344,0.44160547852516174
86,-0.025983646512031555,-0.6183136105537415,-0.2881937026977539,0.9990942478179932,-0.0009591059060767293,-0.6369284987449646,-0.26347431540489197,0.9966138005256653,-0.02827584743499756,-0.6472561359405518,-0.30248960852622986,0.997991681098938,0.06769160181283951,-0.61588454246521,-0.16802401840686798,0.9984678626060486,-0.08871694654226303,-0.5840736627578735,-0.16642111539840698,0.9965428113937378,0.16292241215705872,-0.463548481464386,-0.06289375573396683,0.9989710450172424,-0.16170217096805573,-0.5308310389518738,-0.02434198558330536,0.9976991415023804,0.3294919431209564,-0.40652501583099365,-0.1978481262922287,0.9895989298820496,-0.3230653405189514,-0.420782208442688,-0.22887341678142548,0.9648982286453247,0.24145734310150146,-0.5089920163154602,-0.2870126962661743,0.9877448678016663,-0.24520333111286163,-0.5139474272727966,-0.3827631175518036,0.9884639382362366,0.08919251710176468,-0.00787629559636116,0.02641977183520794,0.9968487024307251,-0.08724834024906158,0.001036470872350037,-0.02462935820221901,0.9968905448913574,0.07294352352619171,0.39298850297927856,-0.00020687653159257025,0.5481876730918884,-0.04118556156754494,0.31678155064582825,-0.0025737304240465164,0.43106263875961304,0.06274552643299103,0.7306180596351624,0.21446888148784637,0.4601021111011505,-0.06708736717700958,0.6952623128890991,0.22357189655303955,0.46753430366516113
87,-0.025521501898765564,-0.6183038353919983,-0.2755105793476105,0.9991737604141235,-0.0006787565071135759,-0.6368433833122253,-0.24767768383026123,0.9969136118888855,-0.028284959495067596,-0.6471045017242432,-0.2879489064216614,0.9981735348701477,0.06778088212013245,-0.6155070066452026,-0.14387138187885284,0.9986046552658081,-0.09095809608697891,-0.5833319425582886,-0.1508520096540451,0.9968564510345459,0.16264131665229797,-0.4585607349872589,-0.041677772998809814,0.9990499019622803,-0.1627008616924286,-0.5291773080825806,-0.005867025814950466,0.9979009628295898,0.3201090693473816,-0.39485809206962585,-0.18761342763900757,0.9902793765068054,-0.319716215133667,-0.40186068415641785,-0.20059791207313538,0.9672333598136902,0.22687186300754547,-0.492967426776886,-0.2679145336151123,0.9886848330497742,-0.23207978904247284,-0.4778837561607361,-0.3343983292579651,0.9894682168960571,0.0895371064543724,-0.007505545858293772,0.02692554146051407,0.997020423412323,-0.08758231997489929,0.0008259355672635138,-0.02519412897527218,0.9970755577087402,0.07581411302089691,0.3945191204547882,-0.0008739547920413315,0.5766500234603882,-0.041755300015211105,0.3168365955352783,-0.013272907584905624,0.4625473618507385,0.06479744613170624,0.7315688729286194,0.21244299411773682,0.48255589604377747,-0.07137405127286911,0.6957373023033142,0.21278943121433258,0.4905286133289337
88,-0.026057902723550797,-0.6220902800559998,-0.2575562298297882,0.9992222189903259,-0.0011517214588820934,-0.6405532956123352,-0.2332266867160797,0.9971044063568115,-0.028854047879576683,-0.650834321975708,-0.2716766595840454,0.9983005523681641,0.06738223880529404,-0.6183491945266724,-0.13362964987754822,0.998687744140625,-0.09123329073190689,-0.5869121551513672,-0.13652871549129486,0.9970601201057434,0.16206194460391998,-0.46000930666923523,-0.017715172842144966,0.9991174936294556,-0.16229887306690216,-0.5261408686637878,0.017729662358760834,0.9980589151382446,0.3214700520038605,-0.37875401973724365,-0.10100645571947098,0.9895001649856567,-0.30832481384277344,-0.3630695343017578,-0.1370532363653183,0.9630828499794006,0.2743324935436249,-0.5015469193458557,-0.2179265022277832,0.9893887639045715,-0.2597155272960663,-0.48982399702072144,-0.32800161838531494,0.9902102947235107,0.08954092115163803,-0.007445002440363169,0.027612967416644096,0.9970928430557251,-0.08756393194198608,0.0007666763267479837,-0.025728879496455193,0.9971421957015991,0.076031394302845,0.3949054181575775,-0.0009556827717460692,0.5697620511054993,-0.041843440383672714,0.3160683512687683,-0.012016075663268566,0.4530707895755768,0.06473793834447861,0.7315284013748169,0.21151359379291534,0.48292776942253113,-0.07431202381849289,0.6914567947387695,0.21838811039924622,0.4909226596355438
89,-0.027170246466994286,-0.6238417625427246,-0.255485475063324,0.9992761015892029,-0.001972215948626399,-0.6425707340240479,-0.23153936862945557,0.997315526008606,-0.030224790796637535,-0.6528358459472656,-0.2695472836494446,0.9984315633773804,0.06730980426073074,-0.6205251216888428,-0.1319594383239746,0.9987828135490417,-0.09256728738546371,-0.589103639125824,-0.13306941092014313,0.9972783327102661,0.16204510629177094,-0.4608336389064789,-0.01304637175053358,0.9991777539253235,-0.16227495670318604,-0.5247442126274109,0.021125428378582,0.9981975555419922,0.3221050202846527,-0.37447458505630493,-0.0881672203540802,0.9891514778137207,-0.3062495291233063,-0.35972273349761963,-0.1308365762233734,0.9597349166870117,0.29756349325180054,-0.5049312114715576,-0.20915921032428741,0.9900813102722168,-0.2722705602645874,-0.49204322695732117,-0.3117738366127014,0.9908710718154907,0.08969439566135406,-0.0073997643776237965,0.02851385809481144,0.9971755743026733,-0.08764699846506119,0.0007229730254039168,-0.026525795459747314,0.9972155094146729,0.07619713246822357,0.39493346214294434,-0.000558450527023524,0.5769456028938293,-0.04223640635609627,0.31462207436561584,-0.010983562096953392,0.45826900005340576,0.06436732411384583,0.7294025421142578,0.21305465698242188,0.49783164262771606,-0.07656247168779373,0.6855647563934326,0.2232929915189743,0.5051997303962708
90,-0.02651108242571354,-0.6226945519447327,-0.24046875536441803,0.9993247389793396,-0.001353414379991591,-0.641474723815918,-0.21811608970165253,0.9975037574768066,-0.029437555000185966,-0.6515853404998779,-0.25477948784828186,0.9985565543174744,0.06808728724718094,-0.6204237341880798,-0.11637578159570694,0.9988531470298767,-0.09201712161302567,-0.5890148878097534,-0.11662336438894272,0.9974864721298218,0.16154102981090546,-0.4550085663795471,0.013842489570379257,0.9992268681526184,-0.15975375473499298,-0.5174417495727539,0.0472901314496994,0.9983426332473755,0.30451714992523193,-0.3197649419307709,-0.036506228148937225,0.9856215715408325,-0.29186466336250305,-0.3036753535270691,-0.07294131070375443,0.9556154608726501,0.33532026410102844,-0.44706791639328003,-0.16998814046382904,0.9901595711708069,-0.3282049000263214,-0.44463229179382324,-0.2838713824748993,0.9914634823799133,0.08982986956834793,-0.006907767616212368,0.02871524728834629,0.9973230361938477,-0.08772183954715729,0.0004502868396230042,-0.02656099945306778,0.9973788261413574,0.08069127053022385,0.3975498676300049,-0.012021652422845364,0.581821620464325,-0.04189347103238106,0.3168373107910156,-0.011128978803753853,0.46124762296676636,0.06675891578197479,0.729500412940979,0.20437020063400269,0.4965493679046631,-0.08177396655082703,0.6840535402297974,0.22050894796848297,0.5075004696846008
91,-0.0264396071434021,-0.622817873954773,-0.21995213627815247,0.9993719458580017,-0.0012262309901416302,-0.641603410243988,-0.19677375257015228,0.9976890087127686,-0.029315555468201637,-0.6517040133476257,-0.2328948825597763,0.9986766576766968,0.06857533752918243,-0.6207553148269653,-0.09221335500478745,0.9989221692085266,-0.09200786054134369,-0.5897576808929443,-0.09270988404750824,0.9976867437362671,0.15981939435005188,-0.4519956409931183,0.038014382123947144,0.9992677569389343,-0.15896901488304138,-0.5125607848167419,0.06817523390054703,0.9984754920005798,0.2822144031524658,-0.2984917461872101,-0.011984954588115215,0.9804895520210266,-0.27314040064811707,-0.270081102848053,-0.055462464690208435,0.9503397941589355,0.3319525122642517,-0.4229981005191803,-0.14447233080863953,0.9896758198738098,-0.33294999599456787,-0.4070777893066406,-0.271831750869751,0.991867184638977,0.0901346355676651,-0.006596382707357407,0.029007483273744583,0.997507631778717,-0.08797335624694824,0.0003433492674957961,-0.026638438925147057,0.9975730776786804,0.08522865176200867,0.3989226520061493,-0.01649133861064911,0.5936844944953918,-0.04179901257157326,0.31924471259117126,-0.011404285207390785,0.4732966721057892,0.07046755403280258,0.7267211079597473,0.198117196559906,0.49841567873954773,-0.08200424164533615,0.6837853193283081,0.21723727881908417,0.5145994424819946
92,-0.023538216948509216,-0.6243155598640442,-0.21552664041519165,0.9994104504585266,0.0022198371589183807,-0.6432057619094849,-0.19149267673492432,0.9978521466255188,-0.025987938046455383,-0.6531918048858643,-0.22787074744701385,0.9987793564796448,0.07139097899198532,-0.623257040977478,-0.08666299283504486,0.9989846348762512,-0.08947616070508957,-0.5925882458686829,-0.08771906048059464,0.997850775718689,0.1598883718252182,-0.4521956741809845,0.0355592779815197,0.9993100166320801,-0.15710198879241943,-0.5132690072059631,0.07087346166372299,0.9985913634300232,0.26940470933914185,-0.2831064760684967,-0.030350640416145325,0.9762706160545349,-0.24690595269203186,-0.25884169340133667,-0.052433792501688004,0.9441037774085999,0.3236410617828369,-0.38098305463790894,-0.16250428557395935,0.9889679551124573,-0.3300779461860657,-0.38144639134407043,-0.272075355052948,0.9920685291290283,0.09089932590723038,-0.006108433939516544,0.028998279944062233,0.9976731538772583,-0.08872617781162262,0.00014616630505770445,-0.0265043918043375,0.9977421164512634,0.09140825271606445,0.39891520142555237,-0.021596619859337807,0.6067102551460266,-0.041615936905145645,0.3196451961994171,-0.011142606846988201,0.48629823327064514,0.07535529136657715,0.7222872972488403,0.1926230639219284,0.4944753050804138,-0.08157914876937866,0.6828945875167847,0.21334296464920044,0.5163060426712036
93,-0.022881686687469482,-0.6287112236022949,-0.2057979553937912,0.9994447827339172,0.0036005335859954357,-0.6475344300270081,-0.18090423941612244,0.998018205165863,-0.02407233975827694,-0.657049298286438,-0.21553935110569,0.9988646507263184,0.07479491829872131,-0.6286263465881348,-0.07756652683019638,0.9990576505661011,-0.08189723640680313,-0.5982836484909058,-0.07167086750268936,0.9979482889175415,0.16053587198257446,-0.45295509696006775,0.03714175894856453,0.9993619918823242,-0.15131273865699768,-0.5156279802322388,0.08477715402841568,0.9986585378646851,0.24735985696315765,-0.27711814641952515,-0.03024831786751747,0.9748291969299316,-0.20420612394809723,-0.24031458795070648,-0.015232091769576073,0.9330146908760071,0.30641812086105347,-0.28450170159339905,-0.16319581866264343,0.9886378049850464,-0.308758944272995,-0.3053674101829529,-0.25149038434028625,0.9887417554855347,0.09176971763372421,-0.004207363817840815,0.027442507445812225,0.9977935552597046,-0.08958731591701508,-0.0009005651227198541,-0.024393022060394287,0.9978227615356445,0.09382044523954391,0.4028986394405365,-0.03445609658956528,0.6226264238357544,-0.04129397124052048,0.3209311068058014,-0.01379318069666624,0.5065101981163025,0.0837598443031311,0.725196361541748,0.16783590614795685,0.48221009969711304,-0.0811493843793869,0.6832267045974731,0.20053745806217194,0.5059199929237366
94,-0.02106448821723461,-0.6405999660491943,-0.20939576625823975,0.9994837045669556,0.006875688675791025,-0.6585280299186707,-0.18218718469142914,0.9981759190559387,-0.021034935489296913,-0.6680991649627686,-0.2161339372396469,0.9989572167396545,0.08054742217063904,-0.637374222278595,-0.07908037304878235,0.999127984046936,-0.07433686405420303,-0.6068800687789917,-0.07174576818943024,0.9981003403663635,0.16938072443008423,-0.4562894105911255,0.03156271204352379,0.9994168281555176,-0.14526480436325073,-0.5182064771652222,0.07473161816596985,0.9987730979919434,0.2499045431613922,-0.2731681168079376,-0.0133854690939188,0.9760364294052124,-0.15936382114887238,-0.22366371750831604,-0.03772066533565521,0.9344013333320618,0.30374211072921753,-0.10703838616609573,-0.10217387974262238,0.9890109896659851,-0.25101742148399353,-0.14059726893901825,-0.28251028060913086,0.9889422059059143,0.09262244403362274,-0.0032368027605116367,0.02727684937417507,0.9979760646820068,-0.09050748497247696,-0.0014285853831097484,-0.023920919746160507,0.997992753982544,0.09512833505868912,0.4052388072013855,-0.020207451656460762,0.6483779549598694,-0.0393633134663105,0.3261905014514923,-0.01164662279188633,0.5392584800720215,0.1025194451212883,0.7306808233261108,0.17029942572116852,0.4879550635814667,-0.07234427332878113,0.6937551498413086,0.19398294389247894,0.5136661529541016
95,-0.021530862897634506,-0.6471125483512878,-0.29677629470825195,0.999520480632782,0.006719253025949001,-0.6648871302604675,-0.2691093385219574,0.9983240365982056,-0.02116333693265915,-0.6744331121444702,-0.30093130469322205,0.9990394115447998,0.08168097585439682,-0.6437011957168579,-0.17222246527671814,0.9991968274116516,-0.07200498878955841,-0.6124358177185059,-0.15446186065673828,0.9982370138168335,0.16934353113174438,-0.4574814736843109,-0.06792286038398743,0.9994710683822632,-0.1404697746038437,-0.5222545862197876,0.023867622017860413,0.9988810420036316,0.23027284443378448,-0.24898840487003326,-0.03131917864084244,0.9782652258872986,-0.15272027254104614,-0.22471201419830322,-0.011898220516741276,0.9391786456108093,0.239188551902771,-0.006627134513109922,-0.05624150484800339,0.9898927211761475,-0.2079169899225235,-0.011081725358963013,-0.10171931982040405,0.9891777038574219,0.0925273671746254,-0.00140933517832309,0.020952539518475533,0.9981486797332764,-0.09036336094141006,-0.002621086547151208,-0.018435169011354446,0.9981565475463867,0.09762877225875854,0.4064803421497345,-0.01736820675432682,0.6795673966407776,-0.03859810531139374,0.32518965005874634,0.018822498619556427,0.5771604180335999,0.10088939964771271,0.7309586405754089,0.17388515174388885,0.5205641984939575,-0.06018248200416565,0.6938021183013916,0.20531795918941498,0.5443377494812012
96,-0.022518303245306015,-0.6466771960258484,-0.31938204169273376,0.9995508790016174,0.006275548599660397,-0.6646921038627625,-0.29258057475090027,0.9984531998634338,-0.021478552371263504,-0.6742587089538574,-0.32470738887786865,0.9991093873977661,0.08144447952508926,-0.6442152261734009,-0.19796228408813477,0.999258279800415,-0.07192423939704895,-0.6127392053604126,-0.18003375828266144,0.9983518123626709,0.16919688880443573,-0.45780548453330994,-0.0972321629524231,0.9995198845863342,-0.14064016938209534,-0.5223789215087891,0.0036779881920665503,0.9989762902259827,0.2127852588891983,-0.23795324563980103,-0.0578959658741951,0.9802840352058411,-0.14878159761428833,-0.21246203780174255,-0.011285544373095036,0.9436210989952087,0.2075006663799286,0.0032091743778437376,-0.057779375463724136,0.9906749129295349,-0.17923180758953094,0.008844273164868355,-0.08930152654647827,0.9893085956573486,0.09251090884208679,-0.000839881831780076,0.01563902199268341,0.998302161693573,-0.09033191204071045,-0.0029289405792951584,-0.013572623953223228,0.9983007907867432,0.09917673468589783,0.4062938988208771,-0.014437382109463215,0.7073878049850464,-0.038434822112321854,0.3252892792224884,0.03631312772631645,0.6089804172515869,0.10122416913509369,0.7305425405502319,0.1841403990983963,0.5464637279510498,-0.05927278473973274,0.6940881013870239,0.2287708818912506,0.5669311881065369
97,-0.022554149851202965,-0.6460447311401367,-0.3282295763492584,0.999566376209259,0.006182592362165451,-0.6640722751617432,-0.30064135789871216,0.9985349774360657,-0.021536847576498985,-0.673613965511322,-0.3345005512237549,0.9991544485092163,0.0812397226691246,-0.6445343494415283,-0.20189616084098816,0.9992955327033997,-0.07240477204322815,-0.6126596927642822,-0.19154827296733856,0.9984163641929626,0.16906490921974182,-0.4585486650466919,-0.09167874604463577,0.9995620250701904,-0.14111556112766266,-0.5235952734947205,-0.015148569829761982,0.9990612864494324,0.21198639273643494,-0.23918309807777405,-0.05756430700421333,0.9819469451904297,-0.15076187252998352,-0.21406374871730804,-0.022738493978977203,0.9475995302200317,0.21807049214839935,0.0006264445255510509,-0.035643480718135834,0.9911807775497437,-0.18633247911930084,0.007973984815180302,-0.10522334277629852,0.9893746376037598,0.09256329387426376,-0.00026120038819499314,0.016083654016256332,0.9984464645385742,-0.09037185460329056,-0.0032807192765176296,-0.013935425318777561,0.9984411001205444,0.10072046518325806,0.4061205983161926,0.0008512979256920516,0.7328871488571167,-0.04194767028093338,0.3226070702075958,0.041554272174835205,0.64068603515625,0.09975744783878326,0.7282227873802185,0.20741327106952667,0.5741648077964783,-0.06187380850315094,0.6910519003868103,0.23468813300132751,0.594342827796936
98,-0.022698229178786278,-0.645759642124176,-0.3332885503768921,0.9995852112770081,0.006005133502185345,-0.6637576222419739,-0.3055782616138458,0.9986181855201721,-0.021702952682971954,-0.6732983589172363,-0.339835524559021,0.9992011785507202,0.08098327368497849,-0.6445553302764893,-0.2061997652053833,0.9993342161178589,-0.07266674190759659,-0.6124851107597351,-0.19777239859104156,0.9984908103942871,0.16895945370197296,-0.45900973677635193,-0.09427809715270996,0.9996004700660706,-0.1414531171321869,-0.5241316556930542,-0.024393297731876373,0.9991399049758911,0.210732564330101,-0.2418399453163147,-0.05778660625219345,0.9834822416305542,-0.15675294399261475,-0.2165037989616394,-0.02929227612912655,0.9515217542648315,0.22042818367481232,-0.0013160534435883164,-0.03591769188642502,0.9917277097702026,-0.1958598792552948,0.0035625079181045294,-0.11288058012723923,0.9896925687789917,0.09261259436607361,0.00014302630734164268,0.01643027924001217,0.9985731244087219,-0.09041112661361694,-0.0035283088218420744,-0.014253370463848114,0.9985638856887817,0.10240534693002701,0.40495190024375916,0.004471261985599995,0.7545309066772461,-0.04348193481564522,0.320483922958374,0.047116681933403015,0.666309118270874,0.09905930608510971,0.721819281578064,0.21730220317840576,0.59169602394104,-0.062680184841156,0.6880218386650085,0.24344171583652496,0.6131022572517395
99,-0.0226252730935812,-0.6452819108963013,-0.33825477957725525,0.9996036291122437,0.0059325313195586205,-0.6632978916168213,-0.3113623857498169,0.9986997842788696,-0.021710749715566635,-0.6728420257568359,-0.3452499210834503,0.999245285987854,0.08090347051620483,-0.6442245841026306,-0.21381282806396484,0.9993724822998047,-0.07263600081205368,-0.6119697093963623,-0.20273736119270325,0.9985577464103699,0.1688072830438614,-0.45912137627601624,-0.10463850200176239,0.9996361136436462,-0.14118868112564087,-0.5242702960968018,-0.02481153979897499,0.9992115497589111,0.21072512865066528,-0.24150021374225616,-0.06913968920707703,0.9849207997322083,-0.15429286658763885,-0.2159302532672882,-0.029128294438123703,0.9547978639602661,0.21303094923496246,-0.0021825325675308704,-0.04936359450221062,0.9922430515289307,-0.19327646493911743,0.006079489830881357,-0.1027740016579628,0.9898401498794556,0.09260420501232147,0.0007017318275757134,0.016098691150546074,0.9986867308616638,-0.0903928205370903,-0.003990688361227512,-0.01404293067753315,0.998673141002655,0.10195483267307281,0.40486881136894226,0.004155091941356659,0.7737024426460266,-0.043438252061605453,0.3194601535797119,0.04865560308098793,0.6875973343849182,0.09654811769723892,0.723054826259613,0.21369105577468872,0.6090596914291382,-0.06298693269491196,0.6892921328544617,0.24072995781898499,0.6295555233955383
100,-0.022902244701981544,-0.644969642162323,-0.33645299077033997,0.9996180534362793,0.0055960617028176785,-0.6630324721336365,-0.30949681997299194,0.9987680315971375,-0.022074144333600998,-0.6723702549934387,-0.343237042427063,0.9992818236351013,0.08076239377260208,-0.6439052820205688,-0.2115737348794937,0.9994043111801147,-0.07293232530355453,-0.6116353273391724,-0.19945311546325684,0.9986127614974976,0.16866593062877655,-0.45931410789489746,-0.09940724819898605,0.9996675848960876,-0.1413780301809311,-0.5234646797180176,-0.02344943955540657,0.9992753267288208,0.20804981887340546,-0.241194486618042,-0.06896568834781647,0.9861830472946167,-0.1535891890525818,-0.20889563858509064,-0.029959028586745262,0.9580444693565369,0.20273791253566742,-0.008030018769204617,-0.04772842302918434,0.9927008748054504,-0.1810656189918518,0.010382038541138172,-0.10770115256309509,0.9900922775268555,0.09263532608747482,0.000840845808852464,0.01618097722530365,0.998791515827179,-0.0904141291975975,-0.004083799663931131,-0.01413651742041111,0.9987747669219971,0.10241878777742386,0.40558838844299316,0.0039039452094584703,0.7913271188735962,-0.04323023185133934,0.3201378583908081,0.04634082689881325,0.7092753648757935,0.09764451533555984,0.724301278591156,0.21233701705932617,0.626167356967926,-0.0612797848880291,0.6898932456970215,0.2382413148880005,0.6456718444824219
