Frame,Nase_X,Nase_Y,Nase_Z,Nase_visibility,l_Auge_X,l_Auge_Y,l_Auge_Z,l_Auge_visibility,r_Auge_X,r_Auge_Y,r_Auge_Z,r_Auge_visibility,l_Ohr_X,l_Ohr_Y,l_Ohr_Z,l_Ohr_visibility,r_Ohr_X,r_Ohr_Y,r_Ohr_Z,r_Ohr_visibility,LShoulderRoll_X,LShoulderRoll_Y,LShoulderRoll_Z,LShoulderRoll_visibility,RShoulderRoll_X,RShoulderRoll_Y,RShoulderRoll_Z,RShoulderRoll_visibility,LElbowRoll_X,LElbowRoll_Y,LElbowRoll_Z,LElbowRoll_visibility,RElbowRoll_X,RElbowRoll_Y,RElbowRoll_Z,RElbowRoll_visibility,LWrist_X,LWrist_Y,LWrist_Z,LWrist_visibility,RWrist_X,RWrist_Y,RWrist_Z,RWrist_visibility,LHipRoll_X,LHipRoll_Y,LHipRoll_Z,LHipRoll_visibility,RHipRoll_X,RHipRoll_Y,RHipRoll_Z,RHipRoll_visibility,LKnee_X,LKnee_Y,LKnee_Z,LKnee_visibility,RKnee_X,RKnee_Y,RKnee_Z,RKnee_visibility,LAnkle_X,LAnkle_Y,LAnkle_Z,LAnkle_visibility,RAnkle_X,RAnkle_Y,RAnkle_Z,RAnkle_visibility
1,-0.00821288488805294,-0.6360688209533691,-0.3625146150588989,0.9999858140945435,0.02066996693611145,-0.6531001925468445,-0.3439084589481354,0.9999682903289795,-0.0054171085357666016,-0.6650731563568115,-0.37446993589401245,0.9999819993972778,0.09937521815299988,-0.6316342353820801,-0.2579989731311798,0.9999691247940063,-0.042629424482584,-0.6010059714317322,-0.2345820665359497,0.9999346733093262,0.1847376823425293,-0.458172470331192,-0.14797446131706238,0.9999918937683105,-0.11579538136720657,-0.5205398201942444,-0.04693525284528732,0.9999769926071167,0.21627511084079742,-0.24192127585411072,-0.13834261894226074,0.9927182197570801,-0.1296423226594925,-0.20899845659732819,-0.07150119543075562,0.9693084955215454,0.1942833513021469,-0.018989739939570427,-0.13024738430976868,0.9943200349807739,-0.15224187076091766,-0.017032332718372345,-0.17310023307800293,0.9911240339279175,0.08818595111370087,0.003135101171210408,0.006187312304973602,0.9999916553497314,-0.08595969527959824,-0.0059511177241802216,-0.004323754925280809,0.9999890327453613,0.07652751356363297,0.39547353982925415,0.028503933921456337,0.9893652200698853,-0.06242544949054718,0.3227138817310333,0.0890684649348259,0.9665294885635376,0.07739710807800293,0.7236732840538025,0.22036521136760712,0.9924209713935852,-0.07301212102174759,0.6946375370025635,0.2756360173225403,0.9905534386634827
2,-0.01047865767031908,-0.635317862033844,-0.3745325803756714,0.9999858736991882,0.017994064837694168,-0.6520510315895081,-0.3532353639602661,0.9999678730964661,-0.00895161833614111,-0.6635874509811401,-0.3850889205932617,0.9999821186065674,0.09770067781209946,-0.6285533905029297,-0.2607588768005371,0.9999685883522034,-0.05122837796807289,-0.5983323454856873,-0.24029482901096344,0.9999346733093262,0.18448501825332642,-0.45117494463920593,-0.14019234478473663,0.999991774559021,-0.11964493244886398,-0.5169109106063843,-0.05465910956263542,0.9999780058860779,0.21473141014575958,-0.23615662753582,-0.100293830037117,0.9921010732650757,-0.13742028176784515,-0.20633110404014587,-0.07092821598052979,0.9704278111457825,0.19440637528896332,-0.013218922540545464,-0.08180594444274902,0.9935819506645203,-0.15709741413593292,-0.008318549953401089,-0.16379325091838837,0.9912487864494324,0.08961766213178635,0.0032080013770610094,0.012804589234292507,0.9999915361404419,-0.08743017166852951,-0.006012644153088331,-0.010852394625544548,0.9999892115592957,0.08428385853767395,0.39887216687202454,0.030000071972608566,0.9880402684211731,-0.057210229337215424,0.32272422313690186,0.06939598172903061,0.9658649563789368,0.08211159706115723,0.7331821322441101,0.22813266515731812,0.991130530834198,-0.07288701087236404,0.6964623928070068,0.2608204782009125,0.9900047183036804
3,-0.013100679032504559,-0.6347131729125977,-0.38115257024765015,0.9999865293502808,0.015060878358781338,-0.6512252688407898,-0.35893967747688293,0.9999690055847168,-0.012487412430346012,-0.6624546051025391,-0.39104050397872925,0.9999828934669495,0.09578712284564972,-0.6264468431472778,-0.2633153200149536,0.9999696612358093,-0.05689080432057381,-0.5963443517684937,-0.2436513900756836,0.999937117099762,0.18382473289966583,-0.44786956906318665,-0.13659235835075378,0.9999919533729553,-0.12290798872709274,-0.5145061016082764,-0.05737760663032532,0.9999792575836182,0.21378183364868164,-0.23421324789524078,-0.08682705461978912,0.9918042421340942,-0.1429445743560791,-0.20463167130947113,-0.06815630942583084,0.9716933369636536,0.19455814361572266,-0.01095136720687151,-0.0650978535413742,0.9931852221488953,-0.16135632991790771,-0.0043411217629909515,-0.15470443665981293,0.9914765954017639,0.0904659554362297,0.003228095592930913,0.01629984937608242,0.9999915361404419,-0.08829794079065323,-0.006024487782269716,-0.014305411837995052,0.9999894499778748,0.08864708244800568,0.39949947595596313,0.03056810423731804,0.9869369268417358,-0.05438036099076271,0.32270577549934387,0.0647614598274231,0.9652599692344666,0.083173006772995,0.7368025779724121,0.23320624232292175,0.9898533225059509,-0.07246696949005127,0.6978257298469543,0.25832292437553406,0.9894320964813232
4,-0.015622415579855442,-0.6347165703773499,-0.3854598104953766,0.9999871253967285,0.012382043525576591,-0.6512199640274048,-0.3629648685455322,0.9999701976776123,-0.015525925904512405,-0.6623967289924622,-0.394650936126709,0.9999836087226868,0.09471060335636139,-0.6262208223342896,-0.2666054368019104,0.9999709725379944,-0.05971100926399231,-0.5958839058876038,-0.24563206732273102,0.999939501285553,0.1836256980895996,-0.44661426544189453,-0.13693761825561523,0.9999921321868896,-0.12445972859859467,-0.5139016509056091,-0.05827435106039047,0.9999803304672241,0.2132558822631836,-0.2334287017583847,-0.09036287665367126,0.9917572140693665,-0.14532017707824707,-0.20446164906024933,-0.06315949559211731,0.9727113842964172,0.19457808136940002,-0.009991435334086418,-0.06784127652645111,0.9929366111755371,-0.16324706375598907,-0.004603656940162182,-0.1456640362739563,0.9916531443595886,0.09124123305082321,0.0033154438715428114,0.016809208318591118,0.9999914765357971,-0.08911552280187607,-0.006088420283049345,-0.014788559637963772,0.9999896287918091,0.09234663844108582,0.3994669020175934,0.03054990991950035,0.9863100647926331,-0.05240699276328087,0.32225939631462097,0.06557053327560425,0.9649572372436523,0.08619116246700287,0.7364439368247986,0.24628712236881256,0.9885870814323425,-0.07107031345367432,0.6973899006843567,0.2736688256263733,0.9888570308685303
5,-0.018259374424815178,-0.6347162127494812,-0.38528627157211304,0.9999873638153076,0.009538581594824791,-0.65120530128479,-0.3628990054130554,0.9999704957008362,-0.01849200576543808,-0.6623222231864929,-0.3944961428642273,0.9999839663505554,0.09255550056695938,-0.625917375087738,-0.2668394148349762,0.999971330165863,-0.06273508071899414,-0.5954057574272156,-0.245692640542984,0.9999406933784485,0.18266195058822632,-0.4455019235610962,-0.13631194829940796,0.9999921917915344,-0.12654973566532135,-0.5129561424255371,-0.05879727005958557,0.9999812245368958,0.21075546741485596,-0.23264048993587494,-0.08858583122491837,0.9913856983184814,-0.14712107181549072,-0.20418782532215118,-0.061907775700092316,0.9736534357070923,0.19396941363811493,-0.008537647314369678,-0.06643876433372498,0.9924184679985046,-0.16432242095470428,-0.004773169290274382,-0.1444760411977768,0.9918597340583801,0.09179253876209259,0.003349859965965152,0.017548570409417152,0.9999914169311523,-0.08969996869564056,-0.006114792078733444,-0.015494977124035358,0.9999898076057434,0.0939231887459755,0.3994371294975281,0.03098302334547043,0.985406756401062,-0.05179804936051369,0.32167646288871765,0.06729411333799362,0.9643361568450928,0.08939316123723984,0.7361673712730408,0.25130435824394226,0.987351655960083,-0.07117431610822678,0.6968400478363037,0.2755170166492462,0.9882823824882507
6,-0.021071065217256546,-0.6347411870956421,-0.3859337568283081,0.999987781047821,0.007018578704446554,-0.6512256860733032,-0.36370423436164856,0.9999713897705078,-0.020974278450012207,-0.6623271703720093,-0.39510464668273926,0.9999845027923584,0.09123267233371735,-0.6257187724113464,-0.26827770471572876,0.9999722838401794,-0.06387154757976532,-0.5952668190002441,-0.2461065798997879,0.9999426007270813,0.1820237785577774,-0.44431421160697937,-0.13656499981880188,0.999992311000824,-0.12756823003292084,-0.5124334096908569,-0.059499889612197876,0.9999820590019226,0.2092989832162857,-0.23130950331687927,-0.09051277488470078,0.9913005232810974,-0.1485411673784256,-0.20409737527370453,-0.061716921627521515,0.9745286107063293,0.19366145133972168,-0.007358659524470568,-0.06921014934778214,0.9922379851341248,-0.16470561921596527,-0.004800801165401936,-0.14501097798347473,0.9920060634613037,0.09222667664289474,0.00338452635332942,0.018020665273070335,0.9999914169311523,-0.0901588648557663,-0.0061457715928554535,-0.015969451516866684,0.9999899864196777,0.09405900537967682,0.39942485094070435,0.03165251761674881,0.984770655632019,-0.05091005936264992,0.32107406854629517,0.068275585770607,0.9642751812934875,0.08960384130477905,0.7358154654502869,0.25388863682746887,0.9864438772201538,-0.07098636776208878,0.6961895227432251,0.2754454016685486,0.9879579544067383
7,-0.021087924018502235,-0.6347703337669373,-0.38564518094062805,0.9999878406524658,0.0069771925918757915,-0.6512331366539001,-0.36343660950660706,0.9999710321426392,-0.02099546045064926,-0.6623184680938721,-0.39488980174064636,0.9999845623970032,0.09100550413131714,-0.6256061792373657,-0.2681753933429718,0.9999719262123108,-0.0642453134059906,-0.5951270461082458,-0.24607332050800323,0.9999427795410156,0.18201608955860138,-0.4437413513660431,-0.1338326632976532,0.9999922513961792,-0.127949520945549,-0.5121551752090454,-0.060149185359478,0.9999827742576599,0.20867449045181274,-0.23068279027938843,-0.0831671953201294,0.9910088777542114,-0.14897720515727997,-0.20378689467906952,-0.0617411844432354,0.9754356145858765,0.19368840754032135,-0.006284426432102919,-0.06115381047129631,0.9919458627700806,-0.16482369601726532,-0.003991421312093735,-0.1452009379863739,0.9922083616256714,0.09274736046791077,0.0034474574495106936,0.019301122054457664,0.9999912977218628,-0.09068302065134048,-0.00620459858328104,-0.017260925844311714,0.9999901056289673,0.09523959457874298,0.39956629276275635,0.03175912797451019,0.9839264750480652,-0.05032610520720482,0.3210550546646118,0.0637761577963829,0.9642238020896912,0.09155046939849854,0.7356350421905518,0.25208550691604614,0.9854928255081177,-0.071315236389637,0.6966014504432678,0.26546838879585266,0.9877132177352905
8,-0.021168099716305733,-0.635399580001831,-0.385281503200531,0.9999878406524658,0.0069358921609818935,-0.6517021656036377,-0.3630927503108978,0.9999707341194153,-0.021028591319918633,-0.662774384021759,-0.39460399746894836,0.9999845623970032,0.09029492735862732,-0.625617265701294,-0.2678646743297577,0.9999716877937317,-0.06496670097112656,-0.5952797532081604,-0.24611741304397583,0.9999427795410156,0.18127812445163727,-0.44363898038864136,-0.13172750174999237,0.9999921917915344,-0.12918047606945038,-0.5120849609375,-0.06182404235005379,0.9999833106994629,0.20836667716503143,-0.23035655915737152,-0.08088824898004532,0.9907025098800659,-0.14897751808166504,-0.20328503847122192,-0.06405594944953918,0.9761844873428345,0.19419391453266144,-0.00621821591630578,-0.060122787952423096,0.9916515350341797,-0.16470621526241302,-0.003055828856304288,-0.14638885855674744,0.992357611656189,0.09293432533740997,0.003454783232882619,0.020481163635849953,0.9999911785125732,-0.09086909890174866,-0.00620926171541214,-0.01842741295695305,0.9999901652336121,0.09499676525592804,0.3999050259590149,0.03324366360902786,0.9830445647239685,-0.05008489638566971,0.32104384899139404,0.06107615306973457,0.9636681079864502,0.09140755981206894,0.7354142665863037,0.25107675790786743,0.9846137166023254,-0.07153443247079849,0.6965888738632202,0.2598850727081299,0.9873055219650269
9,-0.021068084985017776,-0.6352197527885437,-0.39390164613723755,0.9999880790710449,0.007000047247856855,-0.6513959765434265,-0.37111425399780273,0.9999710917472839,-0.020898746326565742,-0.6625417470932007,-0.40321800112724304,0.9999849200248718,0.09035459160804749,-0.624360203742981,-0.2748098373413086,0.9999722838401794,-0.06463602185249329,-0.5948340892791748,-0.2545486390590668,0.9999440908432007,0.18129007518291473,-0.44262200593948364,-0.13601745665073395,0.9999921321868896,-0.12925127148628235,-0.5114076733589172,-0.0693197175860405,0.9999838471412659,0.20962096750736237,-0.22964829206466675,-0.08347253501415253,0.9904806613922119,-0.14921218156814575,-0.20285336673259735,-0.06853973120450974,0.9768847823143005,0.19572418928146362,-0.005336172878742218,-0.059750352054834366,0.99105304479599,-0.16462944447994232,-0.001085161929950118,-0.1469571888446808,0.9923747777938843,0.0930386334657669,0.0034948268439620733,0.020458023995161057,0.9999913573265076,-0.09098225086927414,-0.006233529187738895,-0.018403997644782066,0.9999904632568359,0.09477099031209946,0.40072566270828247,0.033355530351400375,0.9833938479423523,-0.050134483724832535,0.32104283571243286,0.061815131455659866,0.9646944999694824,0.09080417454242706,0.7351937294006348,0.25100764632225037,0.984908938407898,-0.07150903344154358,0.6957595348358154,0.26320287585258484,0.9876171946525574
10,-0.017129866406321526,-0.6352114677429199,-0.3934796452522278,0.9999879598617554,0.01091436855494976,-0.6513457298278809,-0.3704933822154999,0.9999702572822571,-0.01726219430565834,-0.6625037789344788,-0.4029381573200226,0.9999848008155823,0.09174520522356033,-0.6240115761756897,-0.2743156850337982,0.9999716877937317,-0.06440501660108566,-0.5947827696800232,-0.2548016607761383,0.9999443292617798,0.18151676654815674,-0.4421270489692688,-0.13241873681545258,0.9999918341636658,-0.12922243773937225,-0.5114234089851379,-0.07166671007871628,0.9999842643737793,0.2101096212863922,-0.22908660769462585,-0.07867440581321716,0.9900606274604797,-0.14905619621276855,-0.20324167609214783,-0.07329066842794418,0.9779421091079712,0.19650708138942719,-0.00541231594979763,-0.0586765892803669,0.9907558560371399,-0.16333886981010437,-0.0012358308304101229,-0.15161876380443573,0.9926822781562805,0.09328574687242508,0.0035521637182682753,0.02184939570724964,0.9999909996986389,-0.09123201668262482,-0.006280669942498207,-0.019776618108153343,0.9999902844429016,0.0945792868733406,0.40136978030204773,0.03415317088365555,0.9827169179916382,-0.05017772689461708,0.3208966553211212,0.05760816112160683,0.9646906852722168,0.09070267528295517,0.7346144914627075,0.2541951537132263,0.9842044711112976,-0.07262393087148666,0.6937780976295471,0.26297760009765625,0.9872953295707703
11,-0.012240713462233543,-0.6353189945220947,-0.3928975760936737,0.9999876618385315,0.015230673365294933,-0.651384711265564,-0.37028732895851135,0.9999688863754272,-0.01274182926863432,-0.6625548601150513,-0.4023035764694214,0.9999845027923584,0.09214717894792557,-0.6240207552909851,-0.27159368991851807,0.9999706745147705,-0.06405849009752274,-0.594912588596344,-0.2550574243068695,0.9999442100524902,0.18132580816745758,-0.4423060715198517,-0.12929902970790863,0.9999915361404419,-0.12935413420200348,-0.5118520259857178,-0.07316767424345016,0.9999845623970032,0.21012194454669952,-0.2296704649925232,-0.07668297737836838,0.9896939992904663,-0.1489667147397995,-0.20460225641727448,-0.0772097110748291,0.978919506072998,0.19736066460609436,-0.006535450927913189,-0.059381186962127686,0.9905579686164856,-0.16223996877670288,-0.0017519029788672924,-0.15418827533721924,0.9929938316345215,0.09330490976572037,0.0035734286066144705,0.022368358448147774,0.999990701675415,-0.09125158935785294,-0.006298568565398455,-0.020291540771722794,0.9999901652336121,0.09076807647943497,0.4013694226741791,0.036047302186489105,0.9824134111404419,-0.050878558307886124,0.3204159736633301,0.05830860137939453,0.9648091197013855,0.08536186814308167,0.7322030067443848,0.25647372007369995,0.9839028120040894,-0.07879777252674103,0.6937245726585388,0.2621574103832245,0.9873194694519043
12,-0.004108733031898737,-0.6352214217185974,-0.3934122622013092,0.9999873638153076,0.022097893059253693,-0.651204526424408,-0.3705766201019287,0.9999679327011108,-0.005544024053961039,-0.662317156791687,-0.40370604395866394,0.9999842643737793,0.09509921818971634,-0.6240295767784119,-0.27150073647499084,0.9999701380729675,-0.060633886605501175,-0.5946683883666992,-0.25890418887138367,0.9999440908432007,0.18287613987922668,-0.4423838257789612,-0.1294386237859726,0.9999914765357971,-0.12847571074962616,-0.5120888948440552,-0.07514983415603638,0.999984860420227,0.21074959635734558,-0.22960332036018372,-0.07759322226047516,0.989483118057251,-0.1468912810087204,-0.20470891892910004,-0.07749070972204208,0.9794028997421265,0.19863063097000122,-0.006099490448832512,-0.059945620596408844,0.990408718585968,-0.1616371124982834,-0.0018603254575282335,-0.1541968286037445,0.993094265460968,0.09339577704668045,0.0037179477512836456,0.022507617250084877,0.999990701675415,-0.09134742617607117,-0.006421579979360104,-0.02043931558728218,0.9999902844429016,0.08766777068376541,0.40121567249298096,0.04391654208302498,0.9825133681297302,-0.05307907611131668,0.31925687193870544,0.06563643366098404,0.9655787348747253,0.07539273798465729,0.7240686416625977,0.2772390842437744,0.9839408993721008,-0.08632676303386688,0.69096440076828,0.27675485610961914,0.9876024127006531
13,0.006178534589707851,-0.6338552832603455,-0.4031270146369934,0.9999854564666748,0.031281255185604095,-0.6494690775871277,-0.3791561424732208,0.9999632835388184,0.00381596852093935,-0.6603479981422424,-0.4136688709259033,0.9999819397926331,0.10207349807024002,-0.6227099299430847,-0.2780119776725769,0.9999669194221497,-0.054113466292619705,-0.5917535424232483,-0.27066460251808167,0.9999380707740784,0.18830689787864685,-0.44175586104393005,-0.13364696502685547,0.9999910593032837,-0.12596037983894348,-0.5117992162704468,-0.08894124627113342,0.9999841451644897,0.2149980664253235,-0.22696009278297424,-0.07865319401025772,0.9886595010757446,-0.14681696891784668,-0.20504871010780334,-0.09015645831823349,0.9796757698059082,0.2000025063753128,-0.0008163670427165926,-0.06045607104897499,0.9898567199707031,-0.1624029278755188,-0.0038248759228736162,-0.16509824991226196,0.9931591153144836,0.09349871426820755,0.004431937355548143,0.024114016443490982,0.9999902248382568,-0.09144880622625351,-0.00705951452255249,-0.022040991112589836,0.9999896883964539,0.08095405250787735,0.40254729986190796,0.04482300952076912,0.9825743436813354,-0.05716274306178093,0.31057772040367126,0.06560970842838287,0.9651947021484375,0.0503838025033474,0.726142168045044,0.2774356007575989,0.9843763113021851,-0.09427244961261749,0.6540125012397766,0.31514397263526917,0.9869023561477661
14,0.013451635837554932,-0.6212050318717957,-0.4420882761478424,0.9999856352806091,0.03782942518591881,-0.6353639364242554,-0.41920554637908936,0.9999641180038452,0.01125771552324295,-0.6472204327583313,-0.4530232548713684,0.9999820590019226,0.10951060801744461,-0.6101865768432617,-0.3222044110298157,0.9999680519104004,-0.046448033303022385,-0.580695629119873,-0.3134203851222992,0.9999383091926575,0.19443972408771515,-0.4305519163608551,-0.18478961288928986,0.9999911785125732,-0.12230216711759567,-0.5070235729217529,-0.12127355486154556,0.9999834895133972,0.21624372899532318,-0.21497409045696259,-0.13200971484184265,0.9881425499916077,-0.14666539430618286,-0.20336364209651947,-0.10826779901981354,0.9798709154129028,0.19960404932498932,0.013962563127279282,-0.09784639626741409,0.9892071485519409,-0.1689312905073166,-0.004042111802846193,-0.17474105954170227,0.9932810664176941,0.09325142204761505,0.006998981814831495,0.0204181931912899,0.9999894499778748,-0.0912192314863205,-0.009435202926397324,-0.018444763496518135,0.9999878406524658,0.07325658202171326,0.40239790081977844,0.015125058591365814,0.9827429056167603,-0.05712553486227989,0.2919583320617676,0.14666590094566345,0.9498211145401001,0.0386207289993763,0.7279377579689026,0.21762306988239288,0.9849207997322083,-0.09509830176830292,0.5722559690475464,0.4770411252975464,0.9752835035324097
15,0.02478422410786152,-0.603556752204895,-0.43569308519363403,0.9999622106552124,0.04791177809238434,-0.6195351481437683,-0.41192641854286194,0.9998979568481445,0.02286093682050705,-0.6288010478019714,-0.4446297287940979,0.999955415725708,0.11622889339923859,-0.5870963335037231,-0.31478849053382874,0.9999005198478699,-0.03478686138987541,-0.5521608591079712,-0.3019222021102905,0.9998738169670105,0.2023371011018753,-0.40682387351989746,-0.1786370575428009,0.9999893307685852,-0.1103740707039833,-0.48572608828544617,-0.11598363518714905,0.9999779462814331,0.22109273076057434,-0.18401311337947845,-0.12537366151809692,0.986930787563324,-0.1432722806930542,-0.1946897655725479,-0.10499623417854309,0.9670075178146362,0.20056948065757751,0.041249800473451614,-0.11035270243883133,0.9881179332733154,-0.17166833579540253,-0.003519222140312195,-0.18052203953266144,0.9912256598472595,0.0950094684958458,0.012496278621256351,0.025227515026926994,0.9999871253967285,-0.09273260831832886,-0.015643293038010597,-0.023186784237623215,0.9999842047691345,0.07445424050092697,0.4265195429325104,0.030875885859131813,0.9780067801475525,-0.042728204280138016,0.10768727958202362,-0.27543094754219055,0.9517873525619507,0.04413590952754021,0.7716184854507446,0.2199358195066452,0.9853036999702454,-0.07257513701915741,0.407383531332016,0.053977031260728836,0.9671615958213806
16,0.03179730474948883,-0.584479570388794,-0.43011555075645447,0.9999184012413025,0.053367979824543,-0.6013429164886475,-0.40625515580177307,0.9997446537017822,0.028391975909471512,-0.6092077493667603,-0.4384709298610687,0.9999080300331116,0.1193372905254364,-0.5691846609115601,-0.31353846192359924,0.9997069239616394,-0.032407987862825394,-0.5313918590545654,-0.29554712772369385,0.9997581243515015,0.2079499512910843,-0.39301517605781555,-0.17039233446121216,0.9999856948852539,-0.10390709340572357,-0.4717783033847809,-0.11261158436536789,0.9999715089797974,0.22472906112670898,-0.17036443948745728,-0.12118899822235107,0.9804752469062805,-0.1427019238471985,-0.18799032270908356,-0.10192804783582687,0.9402709603309631,0.2007133811712265,0.05867123603820801,-0.11248841136693954,0.9803048968315125,-0.17746078968048096,-0.00035363968345336616,-0.18279553949832916,0.9868562817573547,0.09657207876443863,0.0204650666564703,0.029040047898888588,0.9999821186065674,-0.09418250620365143,-0.024674667045474052,-0.026852432638406754,0.9999778866767883,0.07521460950374603,0.4429206848144531,0.030864130705595016,0.9543988704681396,-0.04975230619311333,-0.019199131056666374,-0.3503807783126831,0.9451507925987244,0.045546337962150574,0.7999011874198914,0.2084069550037384,0.9821134209632874,-0.06799113750457764,0.30341947078704834,-0.07693371176719666,0.9383404850959778
17,0.031471747905015945,-0.5768318176269531,-0.42672374844551086,0.9998873472213745,0.052921827882528305,-0.5937085747718811,-0.40447238087654114,0.9996280670166016,0.028093524277210236,-0.6019061207771301,-0.4376137852668762,0.9998759627342224,0.11935646086931229,-0.5603868365287781,-0.30768758058547974,0.9995529055595398,-0.03213959559798241,-0.5233021378517151,-0.2935946583747864,0.9996839761734009,0.2086709439754486,-0.3849644362926483,-0.1578706055879593,0.9999812245368958,-0.09706868976354599,-0.46305739879608154,-0.1034511998295784,0.9999650120735168,0.22528314590454102,-0.16237403452396393,-0.11938963830471039,0.969382107257843,-0.1424877941608429,-0.18319028615951538,-0.09255360066890717,0.9073728919029236,0.1979234367609024,0.0682007372379303,-0.10857591032981873,0.9640344381332397,-0.18244795501232147,0.001833414426073432,-0.1818457394838333,0.9795703291893005,0.09669473767280579,0.02716772072017193,0.030765099450945854,0.999977707862854,-0.09430760890245438,-0.03212196007370949,-0.028525276109576225,0.9999728798866272,0.0745147094130516,0.4475018084049225,0.03158314898610115,0.9293972849845886,-0.06558282673358917,-0.10683342069387436,-0.34732118248939514,0.9352744221687317,0.040911734104156494,0.7995655536651611,0.2040749490261078,0.9783163666725159,-0.06866291165351868,0.2423570454120636,-0.10265900939702988,0.908539354801178
18,0.029938360676169395,-0.5813287496566772,-0.40709447860717773,0.9998018741607666,0.05226913467049599,-0.5979944467544556,-0.3853130638599396,0.9993729591369629,0.02730150893330574,-0.6066765189170837,-0.4192245900630951,0.9997690916061401,0.12131211161613464,-0.5634897947311401,-0.2856316864490509,0.9993191361427307,-0.030143652111291885,-0.528617799282074,-0.27294179797172546,0.9994255900382996,0.21113321185112,-0.38776659965515137,-0.14164727926254272,0.999978244304657,-0.0916450023651123,-0.4646306037902832,-0.07953428477048874,0.999953031539917,0.22987382113933563,-0.16801348328590393,-0.10921289771795273,0.9649271965026855,-0.14075711369514465,-0.1832694560289383,-0.0828409194946289,0.8619046807289124,0.19791601598262787,0.06068382412195206,-0.10726305097341537,0.9566004276275635,-0.18232253193855286,0.0021543209441006184,-0.181253120303154,0.9574102163314819,0.09710027277469635,0.029145490378141403,0.032112400978803635,0.9999751448631287,-0.09467902034521103,-0.03409506008028984,-0.02971869520843029,0.9999697208404541,0.07378362864255905,0.4461575448513031,0.03718028962612152,0.9101424217224121,-0.06569354236125946,-0.09475129842758179,-0.3615749478340149,0.9349496960639954,0.04266251251101494,0.7895999550819397,0.22448371350765228,0.9741206765174866,-0.068960040807724,0.27357998490333557,-0.13868358731269836,0.9018270969390869
19,0.0285024456679821,-0.5853115916252136,-0.3860282003879547,0.9997525811195374,0.05179433897137642,-0.6018168330192566,-0.36533206701278687,0.9992454648017883,0.026542657986283302,-0.6108368635177612,-0.39764532446861267,0.9997043609619141,0.12058192491531372,-0.5678098797798157,-0.2706298828125,0.9992285966873169,-0.029890764504671097,-0.5340707302093506,-0.250933974981308,0.9992467164993286,0.21020853519439697,-0.3911930322647095,-0.13572724163532257,0.999977707862854,-0.09187767654657364,-0.46711665391921997,-0.05924380198121071,0.9999455213546753,0.23102542757987976,-0.17216596007347107,-0.10661274194717407,0.9634496569633484,-0.13946177065372467,-0.18178090453147888,-0.07590240240097046,0.8165993690490723,0.19489218294620514,0.05558725818991661,-0.10692214965820312,0.9513664245605469,-0.18238909542560577,0.008762453682720661,-0.1809176355600357,0.924514889717102,0.09772112965583801,0.02824903093278408,0.03285285830497742,0.9999745488166809,-0.09521294385194778,-0.03295904025435448,-0.030401429161429405,0.9999686479568481,0.06803452223539352,0.4449583888053894,0.032985325902700424,0.8906736373901367,-0.06166161969304085,-0.007338808849453926,-0.3758339583873749,0.9358465075492859,0.040658678859472275,0.7858669757843018,0.22573810815811157,0.9670957922935486,-0.06812667101621628,0.35584938526153564,-0.16351692378520966,0.8977999091148376
20,0.023678893223404884,-0.5889027118682861,-0.4416883587837219,0.9997711777687073,0.04809767007827759,-0.6052457094192505,-0.4198285639286041,0.999306857585907,0.022236671298742294,-0.6143736243247986,-0.4514966905117035,0.9997279047966003,0.12009617686271667,-0.5712833404541016,-0.3255775570869446,0.9992948174476624,-0.030608147382736206,-0.53731769323349,-0.30000630021095276,0.9993067979812622,0.21030916273593903,-0.3934233784675598,-0.1787707805633545,0.9999785423278809,-0.09323003143072128,-0.4685423672199249,-0.11164357513189316,0.9999489784240723,0.23125964403152466,-0.17373932898044586,-0.11807430535554886,0.9653503894805908,-0.13235656917095184,-0.1759570688009262,-0.11525604873895645,0.831659197807312,0.19596852362155914,0.055003125220537186,-0.10274352133274078,0.9541553854942322,-0.1783715784549713,0.017849083989858627,-0.20200659334659576,0.9313096404075623,0.09809225797653198,0.02506043016910553,0.03274211660027504,0.9999755620956421,-0.09571100026369095,-0.029085498303174973,-0.030276214703917503,0.9999702572822571,0.06864092499017715,0.4382663667201996,0.05239390954375267,0.8992185592651367,-0.06156492233276367,0.22652894258499146,-0.10490921884775162,0.9403021335601807,0.04299299046397209,0.7772432565689087,0.27531251311302185,0.9697244763374329,-0.0737442672252655,0.564376950263977,0.16834567487239838,0.9064652919769287
21,0.007977206259965897,-0.6020945906639099,-0.43575480580329895,0.999792218208313,0.03185437247157097,-0.6188318133354187,-0.4140038788318634,0.9993719458580017,0.005160949192941189,-0.6271947026252747,-0.4462328255176544,0.9997531175613403,0.11214763671159744,-0.5916712880134583,-0.3189355134963989,0.999362051486969,-0.043518148362636566,-0.5544238686561584,-0.29571524262428284,0.9993699789047241,0.20599357783794403,-0.41027525067329407,-0.172630175948143,0.999980092048645,-0.09686313569545746,-0.4765370488166809,-0.10700260102748871,0.9999528527259827,0.22739136219024658,-0.19248171150684357,-0.11219366639852524,0.9674590229988098,-0.12975773215293884,-0.17552217841148376,-0.11236511170864105,0.8456659317016602,0.19240769743919373,0.038193732500076294,-0.08818172663450241,0.9572150111198425,-0.17470683157444,0.020437398925423622,-0.18091878294944763,0.9369643926620483,0.09807448834180832,0.019764630123972893,0.032397542148828506,0.9999769926071167,-0.0957176610827446,-0.023366007953882217,-0.030031191185116768,0.9999723434448242,0.06987914443016052,0.42296233773231506,0.05794525891542435,0.9056722521781921,-0.05999734625220299,0.3012225031852722,0.039218876510858536,0.94270259141922,0.044383589178323746,0.7396157383918762,0.29819828271865845,0.9698523283004761,-0.08442062139511108,0.6670419573783875,0.2588297128677368,0.9140888452529907
22,-0.00419958308339119,-0.6067612171173096,-0.43170422315597534,0.9998123049736023,0.019590575248003006,-0.6242318749427795,-0.40987011790275574,0.9994332194328308,-0.007539232261478901,-0.6320533156394958,-0.44273659586906433,0.99977707862854,0.09967540949583054,-0.5989733934402466,-0.31354382634162903,0.9994246363639832,-0.0588015541434288,-0.5607335567474365,-0.29315894842147827,0.9994304776191711,0.19413769245147705,-0.41613849997520447,-0.16985802352428436,0.999981701374054,-0.1095103994011879,-0.478708416223526,-0.10369379818439484,0.9999566674232483,0.22102923691272736,-0.198014035820961,-0.0979151800274849,0.9699117541313171,-0.13004443049430847,-0.1737147718667984,-0.09939897060394287,0.8587830662727356,0.19229069352149963,0.035313237458467484,-0.06970084458589554,0.9606299996376038,-0.17206372320652008,0.026171131059527397,-0.15450146794319153,0.9420942664146423,0.09803789108991623,0.015625594183802605,0.03203912079334259,0.9999785423278809,-0.09570390731096268,-0.018823066726326942,-0.02974201738834381,0.9999744296073914,0.07291699945926666,0.4188428223133087,0.056967176496982574,0.9131199717521667,-0.05399113520979881,0.31855592131614685,0.02882596105337143,0.9464491009712219,0.044971708208322525,0.7304472327232361,0.29420480132102966,0.9704761505126953,-0.08408499509096146,0.6956539154052734,0.22686737775802612,0.9216778874397278
23,-0.01326174009591341,-0.6210324764251709,-0.41142091155052185,0.9998301267623901,0.01173417642712593,-0.6386314630508423,-0.3888731002807617,0.999487578868866,-0.015681443735957146,-0.646819531917572,-0.4213837683200836,0.9997982382774353,0.09225854277610779,-0.6114400029182434,-0.2925589382648468,0.9994804859161377,-0.06601839512586594,-0.5756368637084961,-0.2717602849006653,0.9994837045669556,0.18811273574829102,-0.425430566072464,-0.15254966914653778,0.9999831318855286,-0.12125664204359055,-0.4854131042957306,-0.0880010649561882,0.9999600648880005,0.22027641534805298,-0.21010421216487885,-0.08771539479494095,0.972199559211731,-0.1365979164838791,-0.1741521805524826,-0.08233477175235748,0.8711150288581848,0.1917043775320053,0.022757625207304955,-0.06828945130109787,0.9638431668281555,-0.17126919329166412,0.024920959025621414,-0.1468265950679779,0.9470945000648499,0.09802927821874619,0.012281001545488834,0.031506747007369995,0.9999799728393555,-0.0957021415233612,-0.015269766561686993,-0.02925405465066433,0.9999763369560242,0.08146212995052338,0.4159315526485443,0.05260210111737251,0.9199386239051819,-0.051297880709171295,0.3248434066772461,0.030536552891135216,0.9495797157287598,0.060000889003276825,0.7285608053207397,0.28801363706588745,0.9713225364685059,-0.08368242532014847,0.7035827040672302,0.2293480783700943,0.928455114364624
24,-0.023980505764484406,-0.6263092160224915,-0.41116416454315186,0.9998462200164795,0.0010912277502939105,-0.6439568400382996,-0.38844427466392517,0.9995366930961609,-0.026272615417838097,-0.6522563695907593,-0.42108282446861267,0.999817430973053,0.08059811592102051,-0.6153160929679871,-0.2903722822666168,0.9995309114456177,-0.07737058401107788,-0.5806456208229065,-0.27164366841316223,0.9995322823524475,0.1784960776567459,-0.43193313479423523,-0.1446748822927475,0.9999845027923584,-0.1383577287197113,-0.48657625913619995,-0.08896324783563614,0.9999634027481079,0.21769937872886658,-0.21906942129135132,-0.07914387434720993,0.9742647409439087,-0.1551305651664734,-0.17353710532188416,-0.0835050716996193,0.8830143809318542,0.1911011040210724,0.01049797236919403,-0.06916675716638565,0.9670233726501465,-0.17495641112327576,0.026898309588432312,-0.15201790630817413,0.951987624168396,0.09856890887022018,0.008611817844212055,0.03292489051818848,0.9999812245368958,-0.09631950408220291,-0.01155336294323206,-0.030488384887576103,0.9999780654907227,0.09946044534444809,0.4077051281929016,0.05231792852282524,0.9256681203842163,-0.049810513854026794,0.3251960575580597,0.018441254273056984,0.953045129776001,0.07856456190347672,0.7013983130455017,0.32303252816200256,0.9701598882675171,-0.08375409245491028,0.7020047903060913,0.23202760517597198,0.9346004724502563
25,-0.021711045876145363,-0.6313284635543823,-0.40807977318763733,0.9998610615730286,0.0026714419946074486,-0.649147093296051,-0.3847005069255829,0.9995818138122559,-0.024350358173251152,-0.6580371260643005,-0.4192132353782654,0.999835193157196,0.07547415047883987,-0.6195511817932129,-0.28082624077796936,0.9995769262313843,-0.07957927137613297,-0.5849363803863525,-0.27169591188430786,0.9995775818824768,0.1654578298330307,-0.4406314194202423,-0.12929560244083405,0.9999858736991882,-0.1434342861175537,-0.4898948669433594,-0.09447135031223297,0.9999668598175049,0.21058443188667297,-0.23219774663448334,-0.06357809156179428,0.9752135872840881,-0.16846773028373718,-0.17440637946128845,-0.09293075650930405,0.8937227725982666,0.19196602702140808,-0.011236761696636677,-0.06524395942687988,0.9697372317314148,-0.17492055892944336,0.02724960632622242,-0.17503345012664795,0.9564561247825623,0.09856215119361877,0.0027037698309868574,0.0403677336871624,0.9999824166297913,-0.09632265567779541,-0.005813549272716045,-0.037338897585868835,0.9999799132347107,0.13012418150901794,0.35768604278564453,0.10218337178230286,0.9229612946510315,-0.048235245048999786,0.322292685508728,0.005328588653355837,0.9564546942710876,0.09783691167831421,0.5693133473396301,0.4730927646160126,0.9478455781936646,-0.08010481297969818,0.7009146809577942,0.21689718961715698,0.9402797222137451
26,-0.020045088604092598,-0.6313395500183105,-0.3841168284416199,0.9998741745948792,0.0038428197149187326,-0.6489607095718384,-0.3606164753437042,0.9996218085289001,-0.022517971694469452,-0.6575146913528442,-0.3969148099422455,0.9998509883880615,0.0666801705956459,-0.6180640459060669,-0.25305691361427307,0.9996181726455688,-0.08056671917438507,-0.5845175385475159,-0.2637702226638794,0.9996179938316345,0.14980448782444,-0.4444231688976288,-0.10855873674154282,0.9999869465827942,-0.15741552412509918,-0.48711374402046204,-0.09406248480081558,0.9999698996543884,0.20440441370010376,-0.23583273589611053,-0.06089826300740242,0.9759336709976196,-0.18188637495040894,-0.17423295974731445,-0.09437543898820877,0.90392005443573,0.19313685595989227,-0.028674863278865814,-0.07496004551649094,0.9717646241188049,-0.18821004033088684,0.030737251043319702,-0.1750078797340393,0.9604529738426208,0.09845569729804993,-0.007208617404103279,0.042765915393829346,0.9999837875366211,-0.0962144285440445,0.005357511807233095,-0.03903883695602417,0.999981701374054,0.1979285180568695,0.2527526915073395,-0.14694654941558838,0.9299830794334412,-0.04639129713177681,0.3344409167766571,-0.009005146101117134,0.9598975777626038,0.1070346087217331,0.43633443117141724,0.26539140939712524,0.9333064556121826,-0.07385772466659546,0.7307561635971069,0.2033146619796753,0.9456733465194702
27,-0.018846459686756134,-0.6269820928573608,-0.36997300386428833,0.9998863339424133,0.005167979747056961,-0.6450120210647583,-0.3466324210166931,0.9996587634086609,-0.021584950387477875,-0.653223991394043,-0.3842148780822754,0.9998655319213867,0.06259673088788986,-0.6120373606681824,-0.23642340302467346,0.9996559023857117,-0.08004648983478546,-0.5833292007446289,-0.25837257504463196,0.9996551871299744,0.13739259541034698,-0.44292527437210083,-0.09407541155815125,0.9999880194664001,-0.16828510165214539,-0.4822777211666107,-0.09094656258821487,0.9999727010726929,0.19881215691566467,-0.23738069832324982,-0.0536777526140213,0.9770684838294983,-0.19390618801116943,-0.17444029450416565,-0.09406045824289322,0.9132246375083923,0.2083335518836975,-0.039053261280059814,-0.0753040462732315,0.9739473462104797,-0.1982497274875641,0.03065340220928192,-0.1730605810880661,0.9641040563583374,0.09834818542003632,-0.014633935876190662,0.04383869469165802,0.9999850988388062,-0.09607478976249695,0.013830084353685379,-0.03974508121609688,0.9999833106994629,0.2548673748970032,0.1870528608560562,-0.25473323464393616,0.9368473887443542,-0.04529014602303505,0.34660935401916504,-0.015946179628372192,0.9633792638778687,0.13907314836978912,0.4093317985534668,0.10865376144647598,0.9328623414039612,-0.07027041912078857,0.7509906888008118,0.18804581463336945,0.950736939907074
28,-0.016637125983834267,-0.6275712251663208,-0.33492904901504517,0.9998971223831177,0.0067543997429311275,-0.6460515260696411,-0.3095131814479828,0.9996913075447083,-0.019194159656763077,-0.6543691754341125,-0.34913507103919983,0.999878466129303,0.06226224824786186,-0.6129461526870728,-0.1947188824415207,0.9996891617774963,-0.08066051453351974,-0.5862038731575012,-0.22891594469547272,0.9996880888938904,0.13219955563545227,-0.44641801714897156,-0.047805413603782654,0.9999886751174927,-0.17313387989997864,-0.48343944549560547,-0.06877321004867554,0.9999750852584839,0.19561822712421417,-0.24425169825553894,0.005661634728312492,0.9763018488883972,-0.1945907175540924,-0.17888586223125458,-0.0798756405711174,0.9215222001075745,0.24029427766799927,-0.04192652180790901,-0.009802990593016148,0.9752870798110962,-0.2040187418460846,0.02908467873930931,-0.15701955556869507,0.9674844145774841,0.09865646809339523,-0.017293768003582954,0.04776773974299431,0.9999858736991882,-0.09633404016494751,0.01673252508044243,-0.04352478310465813,0.9999844431877136,0.29120054841041565,0.19695481657981873,-0.2327282726764679,0.9427800178527832,-0.044559940695762634,0.34660103917121887,-0.028105227276682854,0.9652009010314941,0.20460225641727448,0.48087912797927856,0.06323222815990448,0.9317923188209534,-0.06687144190073013,0.7407965064048767,0.18335625529289246,0.9540058374404907
29,-0.016052832826972008,-0.6257769465446472,-0.34729665517807007,0.9999071359634399,0.00752220069989562,-0.6449591517448425,-0.3230927586555481,0.9997214078903198,-0.018411684781312943,-0.6532106995582581,-0.35890910029411316,0.9998903274536133,0.05767005681991577,-0.6118250489234924,-0.21331338584423065,0.9997196197509766,-0.08322030305862427,-0.5840715169906616,-0.23851008713245392,0.9997183084487915,0.1274099498987198,-0.445419043302536,-0.0650472491979599,0.9999895691871643,-0.17599669098854065,-0.48311877250671387,-0.07538986951112747,0.9999773502349854,0.18025702238082886,-0.24291446805000305,-0.004233678337186575,0.9766976833343506,-0.19523738324642181,-0.1793711632490158,-0.08517979085445404,0.9290001392364502,0.24018272757530212,-0.03509555011987686,-0.00674239918589592,0.9771573543548584,-0.20564420521259308,0.02867180109024048,-0.1579957753419876,0.9705662131309509,0.09865251183509827,-0.01595134660601616,0.05128388851881027,0.9999868273735046,-0.09633206576108932,0.015000822953879833,-0.04744134098291397,0.9999855756759644,0.2724992334842682,0.24277256429195404,-0.15190978348255157,0.9476706385612488,-0.03377600759267807,0.3368541896343231,-0.07400587201118469,0.9673268795013428,0.226851224899292,0.5745007395744324,0.12288178503513336,0.9352085590362549,-0.05876440182328224,0.7253698110580444,0.13919025659561157,0.957472562789917
30,-0.020937016233801842,-0.6245734691619873,-0.38176167011260986,0.9999160170555115,0.001793168717995286,-0.6438074707984924,-0.35648632049560547,0.999748170375824,-0.02428528107702732,-0.6522958874702454,-0.3983437418937683,0.9999008774757385,0.05172080174088478,-0.6116699576377869,-0.24231962859630585,0.9997467398643494,-0.09285763651132584,-0.5831916332244873,-0.27323704957962036,0.9997451305389404,0.1255224645137787,-0.4446762502193451,-0.08107452839612961,0.9999902248382568,-0.1804780215024948,-0.4840943515300751,-0.08703052252531052,0.9999791979789734,0.18117429316043854,-0.24063490331172943,-0.015835387632250786,0.9771324992179871,-0.19667981564998627,-0.18145911395549774,-0.08542104065418243,0.9353441596031189,0.2386116236448288,-0.020003536716103554,-0.016024788841605186,0.9784582257270813,-0.21073457598686218,0.028359437361359596,-0.154707133769989,0.9732347726821899,0.09858740121126175,-0.01522081345319748,0.05064286291599274,0.9999873638153076,-0.09629843384027481,0.014501145109534264,-0.04681633785367012,0.9999864101409912,0.2604106366634369,0.3449963629245758,0.017054429277777672,0.9512705206871033,-0.03398163616657257,0.3302733898162842,-0.024447215721011162,0.9692514538764954,0.19022740423679352,0.6681421399116516,0.2506747245788574,0.9396902918815613,-0.059458594769239426,0.7234269976615906,0.16785678267478943,0.9610999822616577
31,-0.02919198013842106,-0.6244432330131531,-0.3928377032279968,0.9999232888221741,-0.006833859719336033,-0.6432958841323853,-0.368360698223114,0.9997701048851013,-0.03281261399388313,-0.6518262624740601,-0.4090573191642761,0.9999095797538757,0.04974528029561043,-0.6123373508453369,-0.26091232895851135,0.9997692704200745,-0.09504774957895279,-0.5820382833480835,-0.27950361371040344,0.9997671842575073,0.12978632748126984,-0.44420281052589417,-0.10600599646568298,0.9999904632568359,-0.17758119106292725,-0.485397070646286,-0.09069407731294632,0.9999803900718689,0.18223994970321655,-0.23896752297878265,-0.03698667511343956,0.9768059849739075,-0.19457699358463287,-0.18344460427761078,-0.08624899387359619,0.9404274821281433,0.22144284844398499,-0.014323310926556587,-0.0179643202573061,0.9784862995147705,-0.20890972018241882,0.028220847249031067,-0.1546107828617096,0.9752154350280762,0.09837155789136887,-0.012886987067759037,0.045422591269016266,0.9999868869781494,-0.09617787599563599,0.011347673833370209,-0.04252225533127785,0.9999864101409912,0.14367666840553284,0.3940926492214203,0.04471884295344353,0.9519328474998474,-0.03453722223639488,0.32758715748786926,0.02449323609471321,0.967492938041687,0.12712281942367554,0.7185324430465698,0.26910629868507385,0.9417365789413452,-0.059992074966430664,0.7143092751502991,0.2441997081041336,0.9624223113059998
32,-0.03022933006286621,-0.6266169548034668,-0.3929179310798645,0.9999291300773621,-0.00715497974306345,-0.644466757774353,-0.3687298595905304,0.9997881650924683,-0.03346413001418114,-0.6532076001167297,-0.40863925218582153,0.9999165534973145,0.05133022367954254,-0.6182940602302551,-0.2637651860713959,0.9997881054878235,-0.09340373426675797,-0.5825942158699036,-0.2779451608657837,0.9997847080230713,0.1393471211194992,-0.44608473777770996,-0.11502276360988617,0.9999906420707703,-0.17420707643032074,-0.4914994239807129,-0.08609729260206223,0.999981164932251,0.18344269692897797,-0.2380249798297882,-0.053304437547922134,0.9777770042419434,-0.17421522736549377,-0.18547385931015015,-0.07328253984451294,0.9443660378456116,0.20120637118816376,-0.013475323095917702,-0.035918645560741425,0.9795746803283691,-0.18901696801185608,0.02764907293021679,-0.1333787441253662,0.9766913652420044,0.09834969788789749,-0.009131880477070808,0.03870128467679024,0.9999867677688599,-0.09617292135953903,0.007040590979158878,-0.03665752336382866,0.999986469745636,0.1112779825925827,0.4037976861000061,0.051435258239507675,0.9530547261238098,-0.03482028469443321,0.3246217966079712,0.040897902101278305,0.9668358564376831,0.10414973646402359,0.7202656865119934,0.2815312147140503,0.9445018768310547,-0.061400726437568665,0.7108265161514282,0.2653602957725525,0.964307963848114
33,-0.029957888647913933,-0.6269474029541016,-0.3911469876766205,0.9999352097511292,-0.00663691945374012,-0.6445042490959167,-0.3671667277812958,0.9998066425323486,-0.03321901336312294,-0.6531535983085632,-0.4048900902271271,0.9999237060546875,0.054444700479507446,-0.6220963597297668,-0.2635619342327118,0.9998070001602173,-0.09261161088943481,-0.5823981761932373,-0.26510199904441833,0.9998026490211487,0.1507159173488617,-0.4475805163383484,-0.11661337316036224,0.9999911189079285,-0.16422098875045776,-0.49593451619148254,-0.07192015647888184,0.9999821782112122,0.18801014125347137,-0.2375991940498352,-0.059566304087638855,0.979313850402832,-0.15405823290348053,-0.18869420886039734,-0.060271888971328735,0.9483315348625183,0.19468440115451813,-0.01293735671788454,-0.04342910647392273,0.9811238050460815,-0.16291600465774536,0.024132009595632553,-0.12575966119766235,0.9784291386604309,0.09832046926021576,-0.006387549918144941,0.034287936985492706,0.9999864101409912,-0.09616132080554962,0.0037921792827546597,-0.032656341791152954,0.9999862909317017,0.09981025755405426,0.4046955704689026,0.046986743807792664,0.9538401961326599,-0.035222262144088745,0.323758989572525,0.041099973022937775,0.9664090275764465,0.09320030361413956,0.7225582003593445,0.2735888659954071,0.946731448173523,-0.06878476589918137,0.7071763277053833,0.2502162754535675,0.9660475850105286
34,-0.02908257767558098,-0.6248188018798828,-0.40031009912490845,0.9999395608901978,-0.005850047338753939,-0.6417244672775269,-0.37764766812324524,0.9998201131820679,-0.03225533664226532,-0.6505883932113647,-0.412243515253067,0.9999288320541382,0.06479374319314957,-0.6216928362846375,-0.27997252345085144,0.9998214840888977,-0.08445034921169281,-0.5803828835487366,-0.2683865427970886,0.9998156428337097,0.16769888997077942,-0.44592925906181335,-0.1310267597436905,0.9999911785125732,-0.1506057232618332,-0.49676114320755005,-0.07866279035806656,0.999983012676239,0.19461603462696075,-0.2324160933494568,-0.07326091080904007,0.9801523089408875,-0.1473185420036316,-0.19084328413009644,-0.0708744004368782,0.9522368907928467,0.18934783339500427,-0.004961073864251375,-0.05053270235657692,0.9819591641426086,-0.16061165928840637,0.02198135294020176,-0.14271819591522217,0.9800994992256165,0.09837371855974197,-0.0033421998377889395,0.03387778624892235,0.999985933303833,-0.09628061205148697,0.0004286047478672117,-0.03232250735163689,0.9999861121177673,0.09513735771179199,0.40628302097320557,0.043220628052949905,0.9541693925857544,-0.03622167184948921,0.32266128063201904,0.040998611599206924,0.9657867550849915,0.07928816974163055,0.7295113205909729,0.26895374059677124,0.9490640759468079,-0.07468374818563461,0.7068067789077759,0.2570531368255615,0.9674342274665833
35,-0.02858744189143181,-0.6189536452293396,-0.4137004613876343,0.9999442100524902,-0.00517879007384181,-0.6352134943008423,-0.3932575285434723,0.9998343586921692,-0.0315665528178215,-0.6444518566131592,-0.4255604147911072,0.9999344348907471,0.07229827344417572,-0.6167270541191101,-0.3016003966331482,0.9998360276222229,-0.07631731033325195,-0.5756962299346924,-0.2788028120994568,0.999829888343811,0.17538663744926453,-0.4391268491744995,-0.1510244458913803,0.9999913573265076,-0.13852380216121674,-0.4966370165348053,-0.08739812672138214,0.9999840259552002,0.19734451174736023,-0.2246394008398056,-0.09359048306941986,0.9808384776115417,-0.14397113025188446,-0.1915171593427658,-0.07663305848836899,0.9555193185806274,0.18384404480457306,0.006047271657735109,-0.06765714287757874,0.9823654890060425,-0.16335950791835785,0.021888328716158867,-0.14699436724185944,0.9814966320991516,0.09829911589622498,-0.0007866662926971912,0.03245491161942482,0.9999855756759644,-0.09624705463647842,-0.0023963262792676687,-0.031018856912851334,0.9999862313270569,0.08791546523571014,0.40984082221984863,0.041067082434892654,0.9533434510231018,-0.03722137585282326,0.32330530881881714,0.03490786254405975,0.9647255539894104,0.0756552591919899,0.7350725531578064,0.2659546136856079,0.9490690231323242,-0.075212761759758,0.7052555680274963,0.2457180619239807,0.9678453803062439
36,-0.027981115505099297,-0.6171945333480835,-0.41658711433410645,0.9999468922615051,-0.0035856752656400204,-0.6333823204040527,-0.3973967730998993,0.999843418598175,-0.02932632714509964,-0.6429290175437927,-0.42897123098373413,0.9999377131462097,0.08026239275932312,-0.6150735020637512,-0.3102554380893707,0.9998465180397034,-0.06593881547451019,-0.5747952461242676,-0.2835353910923004,0.9998388290405273,0.18307501077651978,-0.4360710084438324,-0.16155581176280975,0.9999912977218628,-0.1270020753145218,-0.4972224533557892,-0.09257982671260834,0.999984622001648,0.20066478848457336,-0.22148285806179047,-0.10417928546667099,0.9817183017730713,-0.14265938103199005,-0.19298429787158966,-0.0784003883600235,0.9585636854171753,0.1813429743051529,0.009624657221138477,-0.07469123601913452,0.9829703569412231,-0.1643250286579132,0.021688463166356087,-0.14726951718330383,0.9827477335929871,0.09819252043962479,0.0018609259277582169,0.030599314719438553,0.9999854564666748,-0.09616906195878983,-0.005121743306517601,-0.02935751900076866,0.9999863505363464,0.08606024086475372,0.41269248723983765,0.04417433962225914,0.954472541809082,-0.04102328047156334,0.32251283526420593,0.04135819151997566,0.9650644063949585,0.07452666014432907,0.735279381275177,0.26768288016319275,0.9513310790061951,-0.07861438393592834,0.7037284970283508,0.2511085569858551,0.96932452917099
37,-0.02637065201997757,-0.6172906756401062,-0.4155791997909546,0.9999510645866394,-0.0009015431278385222,-0.6334331631660461,-0.3958612084388733,0.9998561143875122,-0.026848049834370613,-0.6429822444915771,-0.4276390075683594,0.9999426603317261,0.08586817234754562,-0.6149773597717285,-0.30608972907066345,0.9998593926429749,-0.06278853863477707,-0.5748629570007324,-0.2827569842338562,0.9998513460159302,0.18448948860168457,-0.43461403250694275,-0.1599808633327484,0.9999915957450867,-0.12227776646614075,-0.497911661863327,-0.09133420139551163,0.9999855160713196,0.2020176351070404,-0.21974992752075195,-0.10362864285707474,0.9827097058296204,-0.13801272213459015,-0.19326151907444,-0.07590529322624207,0.9613381624221802,0.17867225408554077,0.013022230938076973,-0.07658892124891281,0.9837262034416199,-0.1631668359041214,0.021275723353028297,-0.14370471239089966,0.9839895963668823,0.09793668985366821,0.0031151154544204473,0.028798319399356842,0.9999855160713196,-0.09592407196760178,-0.006413141265511513,-0.027568211778998375,0.9999866485595703,0.08386043459177017,0.41190576553344727,0.03940964117646217,0.9553104639053345,-0.04122880473732948,0.3231843113899231,0.0385260172188282,0.9651068449020386,0.07230096310377121,0.735813319683075,0.26625487208366394,0.9524698257446289,-0.08275504410266876,0.7050243020057678,0.24653354287147522,0.970518946647644
38,-0.02038993313908577,-0.6170963644981384,-0.415460467338562,0.9999549388885498,0.005882347002625465,-0.6331807971000671,-0.39520010352134705,0.999867856502533,-0.02050977572798729,-0.6427279710769653,-0.42718231678009033,0.999947190284729,0.0926719382405281,-0.6140038371086121,-0.3032734990119934,0.9998713135719299,-0.05877771973609924,-0.5747252106666565,-0.2820967435836792,0.999862790107727,0.18764857947826385,-0.43259957432746887,-0.15725499391555786,0.9999919533729553,-0.11885647475719452,-0.4979437589645386,-0.09126859903335571,0.9999864101409912,0.20385679602622986,-0.21787534654140472,-0.10032954812049866,0.98373943567276,-0.13454967737197876,-0.19309605658054352,-0.07587594538927078,0.9641285538673401,0.17856812477111816,0.013811098411679268,-0.07589869201183319,0.9847095608711243,-0.16185283660888672,0.021823622286319733,-0.14378143846988678,0.985202431678772,0.09790381044149399,0.004017604980617762,0.028705354779958725,0.9999857544898987,-0.09589218348264694,-0.007307984866201878,-0.027443403378129005,0.999987006187439,0.0823831781744957,0.4100625514984131,0.03579793497920036,0.9567484855651855,-0.04243214428424835,0.32282355427742004,0.034832533448934555,0.9661238193511963,0.06859532743692398,0.7318957448005676,0.26495784521102905,0.9540722370147705,-0.08939938247203827,0.7049910426139832,0.2385813593864441,0.972144603729248
39,-0.01553545705974102,-0.6172557473182678,-0.4132128953933716,0.9999586343765259,0.011806518770754337,-0.6332386136054993,-0.3929148018360138,0.9998790621757507,-0.014767318032681942,-0.6429038643836975,-0.4240074157714844,0.9999515414237976,0.09751962125301361,-0.613761842250824,-0.30161747336387634,0.9998825788497925,-0.05501559004187584,-0.5754908919334412,-0.2754521071910858,0.9998738169670105,0.18915727734565735,-0.43158918619155884,-0.15490098297595978,0.999992311000824,-0.11633997410535812,-0.4993332326412201,-0.08108250796794891,0.9999871253967285,0.20560427010059357,-0.2167939394712448,-0.09844321757555008,0.9848080277442932,-0.13261543214321136,-0.19337472319602966,-0.06547386199235916,0.966428279876709,0.17862537503242493,0.014397048391401768,-0.07601644843816757,0.9856857061386108,-0.16218924522399902,0.020438799634575844,-0.13430243730545044,0.986228883266449,0.09765016287565231,0.004826138261705637,0.02623463235795498,0.999985933303833,-0.09561044722795486,-0.008073958568274975,-0.024904975667595863,0.9999873042106628,0.07887991517782211,0.41027939319610596,0.03482723981142044,0.9579054713249207,-0.04462714120745659,0.3241932690143585,0.03260701522231102,0.9664288759231567,0.06277170777320862,0.7321450710296631,0.26056107878685,0.9547831416130066,-0.093745656311512,0.708198070526123,0.229483500123024,0.9732667803764343
40,-0.007584711071103811,-0.6186542510986328,-0.4092300236225128,0.9999616146087646,0.020557640120387077,-0.634408175945282,-0.38904938101768494,0.9998881220817566,-0.005988128483295441,-0.6444698572158813,-0.42001864314079285,0.9999550580978394,0.1058383658528328,-0.6139455437660217,-0.298749715089798,0.9998917579650879,-0.047208335250616074,-0.5778531432151794,-0.26951736211776733,0.9998825192451477,0.19523893296718597,-0.43169105052948,-0.15346592664718628,0.9999925494194031,-0.10795292258262634,-0.5023033618927002,-0.07373969256877899,0.9999876022338867,0.21442511677742004,-0.21736028790473938,-0.099064901471138,0.9856274724006653,-0.12791545689105988,-0.19666710495948792,-0.06403397023677826,0.9675269722938538,0.18071936070919037,0.014040950685739517,-0.07946432381868362,0.9862757325172424,-0.16221757233142853,0.015761936083436012,-0.13502568006515503,0.9866942763328552,0.0976090282201767,0.005529442802071571,0.024579623714089394,0.9999862909317017,-0.09556397795677185,-0.008839852176606655,-0.02309907041490078,0.999987781047821,0.07736430317163467,0.41258540749549866,0.04417705535888672,0.9588795900344849,-0.054238710552453995,0.32412299513816833,0.03223713859915733,0.967697262763977,0.05713574215769768,0.7318228483200073,0.2731277346611023,0.955704391002655,-0.11713985353708267,0.7142855525016785,0.17795953154563904,0.9750743508338928
41,0.0018302523531019688,-0.6176896095275879,-0.4070398807525635,0.9999651312828064,0.030245762318372726,-0.6334056854248047,-0.38723745942115784,0.9998983144760132,0.004274928011000156,-0.6436635851860046,-0.41854149103164673,0.9999591708183289,0.11048594117164612,-0.6102517247200012,-0.2967239320278168,0.9999015927314758,-0.040992897003889084,-0.5765514969825745,-0.26776114106178284,0.9998928904533386,0.19733770191669464,-0.426196426153183,-0.1525806039571762,0.999993085861206,-0.0998373031616211,-0.5021392703056335,-0.06239704042673111,0.9999884963035583,0.2234998345375061,-0.20569737255573273,-0.10509883612394333,0.9864755868911743,-0.12678784132003784,-0.19633597135543823,-0.05572205409407616,0.9670429825782776,0.1831861287355423,0.028987115249037743,-0.08374566584825516,0.9870284199714661,-0.16593916714191437,0.012501265853643417,-0.13077418506145477,0.9871971607208252,0.0971793457865715,0.0069717662408947945,0.020261405035853386,0.9999865889549255,-0.09501127898693085,-0.010491101071238518,-0.018768927082419395,0.9999881982803345,0.06555718183517456,0.4110756516456604,0.042822953313589096,0.9574402570724487,-0.0786183699965477,0.3084832727909088,-0.06673499196767807,0.9690607786178589,0.05929245799779892,0.7370484471321106,0.23275037109851837,0.9561228156089783,-0.18414510786533356,0.708238422870636,-0.016866512596607208,0.9768038392066956
42,0.00227659591473639,-0.6175161004066467,-0.3503243029117584,0.9999681115150452,0.029904456809163094,-0.6333215832710266,-0.3339191973209381,0.9999067187309265,0.006671536713838577,-0.6435233354568481,-0.3657276928424835,0.999962568283081,0.10822775214910507,-0.6083673238754272,-0.24829380214214325,0.999908983707428,-0.03515102341771126,-0.575151264667511,-0.22080902755260468,0.9999006986618042,0.19683150947093964,-0.4251696765422821,-0.12822581827640533,0.9999936819076538,-0.09206115454435349,-0.4983459711074829,0.0003971168480347842,0.9999893307685852,0.22278736531734467,-0.20326243340969086,-0.09656058251857758,0.986933171749115,-0.1274174004793167,-0.1928883194923401,-0.010357079096138477,0.9476301074028015,0.18517106771469116,0.03777695819735527,-0.06990141421556473,0.9872597455978394,-0.1859539896249771,0.011932837776839733,-0.09695633500814438,0.9750340580940247,0.09696011245250702,0.009940008632838726,0.01820320636034012,0.9999875426292419,-0.09472433477640152,-0.014617308042943478,-0.01645549014210701,0.9999891519546509,0.04843322932720184,0.4414316415786743,0.06301357597112656,0.9351712465286255,-0.09546008706092834,0.20575778186321259,-0.27182361483573914,0.9713472127914429,0.06003481149673462,0.7733061909675598,0.2835487425327301,0.9141148924827576,-0.23296485841274261,0.5417693257331848,-0.40229958295822144,0.9783991575241089
43,0.002151254564523697,-0.6148026585578918,-0.3298710882663727,0.9999712705612183,0.028931688517332077,-0.6307407021522522,-0.3140261769294739,0.9999159574508667,0.007582023274153471,-0.6406617164611816,-0.34711992740631104,0.9999662637710571,0.10761707276105881,-0.5988399386405945,-0.22933611273765564,0.9999179244041443,-0.034954968839883804,-0.5686899423599243,-0.2074027955532074,0.999910295009613,0.18968282639980316,-0.42030394077301025,-0.11611247062683105,0.9999942779541016,-0.09132930636405945,-0.4869089126586914,0.02655770257115364,0.9999902844429016,0.2291557490825653,-0.20192851126194,-0.09004414081573486,0.9878188371658325,-0.12899082899093628,-0.1826503425836563,0.021715879440307617,0.9262366890907288,0.18862907588481903,0.035853564739227295,-0.0585562065243721,0.9877374768257141,-0.2045714557170868,0.011958213523030281,-0.04430430755019188,0.9490172863006592,0.09671664983034134,0.010596122592687607,0.01751222275197506,0.9999886751174927,-0.09446316212415695,-0.01607879064977169,-0.01578020676970482,0.9999901652336121,0.03868316486477852,0.4497070014476776,0.057607244700193405,0.9321891665458679,-0.11777227371931076,0.14694678783416748,-0.3260713815689087,0.9740290641784668,0.048994582146406174,0.7725132703781128,0.279563307762146,0.8730411529541016,-0.2640882730484009,0.41182801127433777,-0.5897483229637146,0.9803460240364075
44,0.003090373706072569,-0.6116803884506226,-0.3225921094417572,0.9999741315841675,0.028690211474895477,-0.6273703575134277,-0.3065381348133087,0.9999242424964905,0.009480085223913193,-0.6371658444404602,-0.3405168950557709,0.9999696016311646,0.10679338127374649,-0.5910456776618958,-0.22120751440525055,0.999925971031189,-0.034320857375860214,-0.5626490712165833,-0.20337174832820892,0.9999189972877502,0.1856362670660019,-0.4142248034477234,-0.10544780641794205,0.9999948143959045,-0.09008760005235672,-0.4781796634197235,0.024408970028162003,0.9999911189079285,0.23043528199195862,-0.19905172288417816,-0.07978551089763641,0.98860102891922,-0.12929114699363708,-0.17575418949127197,0.018071094527840614,0.9076719284057617,0.19134967029094696,0.03450511768460274,-0.05031103640794754,0.9881930351257324,-0.20928552746772766,0.011515029706060886,-0.04322633892297745,0.9188840985298157,0.09645925462245941,0.01144394837319851,0.01767979934811592,0.9999897480010986,-0.09424492716789246,-0.01764836348593235,-0.015913553535938263,0.9999911189079285,0.035659678280353546,0.454308420419693,0.05456657335162163,0.9316225647926331,-0.127715602517128,0.12493596971035004,-0.339425653219223,0.9764915108680725,0.04126783460378647,0.7726892232894897,0.2769013047218323,0.8393707871437073,-0.27781856060028076,0.36776018142700195,-0.6074777245521545,0.9821233749389648
45,0.0027739463839679956,-0.6121150255203247,-0.3233466148376465,0.9999760389328003,0.02884731814265251,-0.6278210878372192,-0.3077135980129242,0.9999294281005859,0.010213833302259445,-0.6378318667411804,-0.3402797281742096,0.9999715089797974,0.10576360672712326,-0.5920568704605103,-0.22483743727207184,0.9999304413795471,-0.029576418921351433,-0.5629303455352783,-0.20118916034698486,0.9999216794967651,0.1854475736618042,-0.4141954779624939,-0.10900364071130753,0.999995231628418,-0.08909005671739578,-0.47923174500465393,0.02749393880367279,0.9999915361404419,0.22945083677768707,-0.19948621094226837,-0.08183305710554123,0.9889326691627502,-0.12985187768936157,-0.1763189285993576,0.0218830443918705,0.8825328946113586,0.19181755185127258,0.035820119082927704,-0.05172084644436836,0.9884165525436401,-0.21536991000175476,0.011435729451477528,-0.05091187730431557,0.8991925120353699,0.09625109285116196,0.01323486864566803,0.01563819870352745,0.9999904632568359,-0.09396346658468246,-0.019452784210443497,-0.013789689168334007,0.9999918341636658,0.029487071558833122,0.45419448614120483,0.05750599876046181,0.9116529226303101,-0.12298282980918884,0.14562807977199554,-0.30696120858192444,0.9781301021575928,0.03931184485554695,0.7779914736747742,0.2969995439052582,0.7950555086135864,-0.2687452435493469,0.4538305699825287,-0.49203526973724365,0.9832988381385803
46,0.0063051702454686165,-0.6173549890518188,-0.36177706718444824,0.9999775290489197,0.03547028452157974,-0.6330310106277466,-0.34473541378974915,0.9999341368675232,0.013778980821371078,-0.6442040205001831,-0.3749734163284302,0.9999732971191406,0.11723791062831879,-0.5966978669166565,-0.2604586184024811,0.9999355673789978,-0.024174092337489128,-0.5715132355690002,-0.22707393765449524,0.9999262094497681,0.20044097304344177,-0.4143722653388977,-0.1355503648519516,0.9999954700469971,-0.08721493184566498,-0.4903944432735443,-0.007113910745829344,0.999991774559021,0.23454678058624268,-0.19900579750537872,-0.10516408830881119,0.9894840717315674,-0.12617351114749908,-0.17989806830883026,-6.630129064433277e-05,0.8892906308174133,0.1967681348323822,0.03501798212528229,-0.08952189236879349,0.9890216588973999,-0.20594926178455353,0.01007149089127779,-0.09336093813180923,0.9079991579055786,0.09659862518310547,0.013989286497235298,0.01433626189827919,0.9999909400939941,-0.09427636116743088,-0.01959185115993023,-0.012325828894972801,0.9999922513961792,0.03540321812033653,0.4519939720630646,0.05565011501312256,0.9184223413467407,-0.13294731080532074,0.22076192498207092,-0.1339997798204422,0.9797580242156982,0.0420895479619503,0.7732025980949402,0.29312241077423096,0.813469648361206,-0.27112042903900146,0.6134837865829468,-0.05650373175740242,0.984713077545166
47,0.007323297206312418,-0.6076568961143494,-0.41667184233665466,0.9999790787696838,0.03653854876756668,-0.6227715611457825,-0.397289901971817,0.9999390244483948,0.013486585579812527,-0.6340531706809998,-0.4303068220615387,0.9999751448631287,0.11847741156816483,-0.5911852121353149,-0.30156636238098145,0.9999407529830933,-0.025869319215416908,-0.5667011141777039,-0.27707839012145996,0.9999312162399292,0.2019401490688324,-0.411925733089447,-0.1526583731174469,0.9999956488609314,-0.08815037459135056,-0.4892880916595459,-0.07264053076505661,0.9999920129776001,0.23403595387935638,-0.19835330545902252,-0.10884823650121689,0.9900588393211365,-0.12452659010887146,-0.17650219798088074,-0.06715866178274155,0.8985235691070557,0.19494588673114777,0.03439844027161598,-0.10066992789506912,0.9896634817123413,-0.18842081725597382,0.019810864701867104,-0.15128767490386963,0.9163365364074707,0.09731245785951614,0.013811655342578888,0.017311619594693184,0.9999911785125732,-0.0950629860162735,-0.01905186101794243,-0.0152345672249794,0.9999925494194031,0.041386883705854416,0.44673997163772583,0.05608465522527695,0.9248080253601074,-0.12593300640583038,0.29874494671821594,-0.04749693721532822,0.9811581969261169,0.04278678447008133,0.7593678832054138,0.29108861088752747,0.8301912546157837,-0.2537526786327362,0.7051802277565002,0.07299922406673431,0.9859497547149658
48,0.007554010953754187,-0.6091620326042175,-0.41156458854675293,0.9999803304672241,0.03637521341443062,-0.6239750981330872,-0.3907298445701599,0.9999433159828186,0.01286129467189312,-0.6352136135101318,-0.4234698712825775,0.9999766945838928,0.11837185174226761,-0.5928240418434143,-0.29475638270378113,0.9999454021453857,-0.02713354490697384,-0.569001317024231,-0.2716887891292572,0.9999353885650635,0.20186130702495575,-0.41210174560546875,-0.1503278762102127,0.9999957084655762,-0.09138186275959015,-0.4906935691833496,-0.07393324375152588,0.9999918937683105,0.23199456930160522,-0.20055843889713287,-0.09437539428472519,0.9904406666755676,-0.12480337172746658,-0.17689575254917145,-0.06627579778432846,0.9066833853721619,0.19383621215820312,0.029795974493026733,-0.07597611844539642,0.9900978803634644,-0.17631076276302338,0.02130803093314171,-0.1423605978488922,0.9236131906509399,0.09749189019203186,0.013597815297544003,0.01863391511142254,0.999991238117218,-0.09524417668581009,-0.018375011160969734,-0.01655128411948681,0.9999924898147583,0.04805930703878403,0.4330461621284485,0.04223727062344551,0.9307484030723572,-0.10385231673717499,0.31450051069259644,0.004841948393732309,0.9815539717674255,0.0426124706864357,0.7480474710464478,0.27117568254470825,0.8456007242202759,-0.1560826301574707,0.7027341723442078,0.20218093693256378,0.9865211248397827
49,0.005426628515124321,-0.6168330311775208,-0.4059689939022064,0.999981701374054,0.033590737730264664,-0.6319953799247742,-0.38538575172424316,0.9999476075172424,0.008077329024672508,-0.6430351734161377,-0.418144553899765,0.9999783039093018,0.11638155579566956,-0.6023883819580078,-0.2913525104522705,0.9999498128890991,-0.037973497062921524,-0.5777897238731384,-0.2681921720504761,0.9999395608901978,0.2008119821548462,-0.4203777313232422,-0.14974257349967957,0.9999957084655762,-0.09875795245170593,-0.4969712495803833,-0.07138438522815704,0.9999915361404419,0.22942213714122772,-0.20944024622440338,-0.0864194706082344,0.9906378388404846,-0.12641900777816772,-0.18176841735839844,-0.0647556483745575,0.9133015871047974,0.19349129498004913,0.0235739815980196,-0.0650613009929657,0.9902064204216003,-0.17014847695827484,0.020296938717365265,-0.1369565725326538,0.9295505881309509,0.09723613411188126,0.013013090007007122,0.018747882917523384,0.9999911785125732,-0.09501224756240845,-0.01721537858247757,-0.016643822193145752,0.999992311000824,0.055981192737817764,0.4255659878253937,0.04042406752705574,0.9356632232666016,-0.07293325662612915,0.31785863637924194,0.05014872923493385,0.9803329706192017,0.04356146603822708,0.7411214113235474,0.26753169298171997,0.8588600754737854,-0.10499321669340134,0.6979121565818787,0.2542200982570648,0.9865121841430664
50,-0.0008662650943733752,-0.6252027153968811,-0.4026294946670532,0.9999831318855286,0.026118198409676552,-0.6406700015068054,-0.3826219439506531,0.9999517798423767,-0.0009718423243612051,-0.6511545777320862,-0.4152878522872925,0.9999800324440002,0.10680979490280151,-0.610339343547821,-0.28939488530158997,0.9999538660049438,-0.05265676602721214,-0.5839360952377319,-0.26633837819099426,0.9999441504478455,0.19307789206504822,-0.4258362352848053,-0.14531925320625305,0.9999957084655762,-0.11053861677646637,-0.4991917908191681,-0.06905101239681244,0.9999915957450867,0.225479856133461,-0.21463751792907715,-0.08036995679140091,0.9907823801040649,-0.13154059648513794,-0.18304213881492615,-0.0616142600774765,0.920409619808197,0.1933230608701706,0.020782941952347755,-0.06281662732362747,0.9904012084007263,-0.1660405397415161,0.019048433750867844,-0.13504748046398163,0.9360337853431702,0.09678532928228378,0.012046282179653645,0.01886668987572193,0.9999905824661255,-0.09460190683603287,-0.01585756614804268,-0.01677343063056469,0.9999918341636658,0.06169220805168152,0.41856878995895386,0.04047473147511482,0.9384915828704834,-0.05256735160946846,0.3183044493198395,0.05324605107307434,0.976708710193634,0.045534223318099976,0.7397645711898804,0.261755108833313,0.8692877292633057,-0.08447597920894623,0.6972472071647644,0.24563319981098175,0.9853295087814331
51,-0.012133711017668247,-0.6276753544807434,-0.4017504155635834,0.9999839067459106,0.014082971960306168,-0.6436672210693359,-0.380930095911026,0.9999542832374573,-0.013870642520487309,-0.6537793874740601,-0.41388967633247375,0.9999810457229614,0.09272757172584534,-0.6133866310119629,-0.28691235184669495,0.999956488609314,-0.06772708892822266,-0.5855364203453064,-0.2653876543045044,0.999946653842926,0.18407726287841797,-0.42919662594795227,-0.14505936205387115,0.9999954104423523,-0.1244666799902916,-0.4990406930446625,-0.07394088059663773,0.999991238117218,0.22327284514904022,-0.21707786619663239,-0.08005993068218231,0.9905604124069214,-0.1360436975955963,-0.1826595813035965,-0.0683174729347229,0.9265106916427612,0.19312967360019684,0.02022974193096161,-0.0628911703824997,0.9899380803108215,-0.16483910381793976,0.019922098144888878,-0.1381807178258896,0.9416296482086182,0.09655360132455826,0.010485772974789143,0.01940847560763359,0.9999904036521912,-0.09439805150032043,-0.0139412647113204,-0.017286859452724457,0.9999916553497314,0.07223482429981232,0.4158479571342468,0.040495648980140686,0.9417200684547424,-0.04106948897242546,0.3232209384441376,0.05076316371560097,0.9742558598518372,0.050604552030563354,0.7374143600463867,0.26150277256965637,0.8793137669563293,-0.07103615254163742,0.7010697722434998,0.24072584509849548,0.9849053621292114
52,-0.029877299442887306,-0.6299371123313904,-0.40073221921920776,0.9999841451644897,-0.0044497414492070675,-0.6463022232055664,-0.379603773355484,0.9999554753303528,-0.03199746459722519,-0.6559209823608398,-0.4126816391944885,0.9999814033508301,0.07321307063102722,-0.6154791116714478,-0.2852553725242615,0.9999582767486572,-0.08371931314468384,-0.5860578417778015,-0.2649753987789154,0.999947190284729,0.17096641659736633,-0.43173947930336,-0.1426772177219391,0.999995231628418,-0.1436450183391571,-0.49890387058258057,-0.07893314212560654,0.9999909400939941,0.21724554896354675,-0.21941184997558594,-0.07285044342279434,0.9903421401977539,-0.15154117345809937,-0.18253929913043976,-0.07292456924915314,0.9321523904800415,0.19247594475746155,0.017487769946455956,-0.05604027956724167,0.9898185133934021,-0.16550354659557343,0.020059173926711082,-0.14457140862941742,0.9466778039932251,0.0966280922293663,0.008569320663809776,0.022572685033082962,0.9999902844429016,-0.09450475871562958,-0.011794086545705795,-0.020326904952526093,0.9999915361404419,0.08426316827535629,0.4122784435749054,0.041485268622636795,0.9447540044784546,-0.03887137398123741,0.32223057746887207,0.040094006806612015,0.9731860160827637,0.058247245848178864,0.7331945896148682,0.26650166511535645,0.8885510563850403,-0.07021122425794601,0.6976484060287476,0.24484683573246002,0.9847453236579895
53,-0.038093432784080505,-0.6306164264678955,-0.39490842819213867,0.9999831318855286,-0.013430124148726463,-0.6475869417190552,-0.3721746802330017,0.9999534487724304,-0.04095900431275368,-0.656460702419281,-0.4060530662536621,0.9999802112579346,0.06267552822828293,-0.6187867522239685,-0.27333298325538635,0.999957799911499,-0.09290966391563416,-0.5858949422836304,-0.2601100206375122,0.9999437928199768,0.16482530534267426,-0.4366726279258728,-0.12736469507217407,0.9999949336051941,-0.15569643676280975,-0.4978609085083008,-0.07662881165742874,0.9999904036521912,0.21118523180484772,-0.22443589568138123,-0.0662146508693695,0.9903004169464111,-0.1612861454486847,-0.18151170015335083,-0.07189510017633438,0.9378607869148254,0.19261156022548676,0.005015391390770674,-0.056553445756435394,0.9902303814888,-0.1676470786333084,0.02047080546617508,-0.14670906960964203,0.9516202807426453,0.09762343764305115,0.006710761226713657,0.02632080763578415,0.9999900460243225,-0.09551434218883514,-0.00977481622248888,-0.0239707101136446,0.999991238117218,0.11008131504058838,0.41020438075065613,0.03735562041401863,0.9479067921638489,-0.041245561093091965,0.32419219613075256,0.023208554834127426,0.9733085632324219,0.08357898145914078,0.7272478342056274,0.26685720682144165,0.8972219228744507,-0.06923738121986389,0.6959798336029053,0.23743316531181335,0.9847636222839355
54,-0.0437701940536499,-0.6303533911705017,-0.39477646350860596,0.9999839067459106,-0.019290287047624588,-0.647396981716156,-0.37199217081069946,0.9999553561210632,-0.04681339114904404,-0.6562103033065796,-0.4063299894332886,0.9999809861183167,0.05120829492807388,-0.6185610890388489,-0.2726852595806122,0.9999599456787109,-0.10195311158895493,-0.5857181549072266,-0.2621634304523468,0.9999454021453857,0.15195606648921967,-0.44038695096969604,-0.12277112901210785,0.9999948740005493,-0.16856160759925842,-0.4948670566082001,-0.08003780245780945,0.9999903440475464,0.20812495052814484,-0.23280005156993866,-0.06537188589572906,0.9904384016990662,-0.16887281835079193,-0.1808541715145111,-0.08329468220472336,0.9433444142341614,0.2000982016324997,-0.014171124435961246,-0.05748207867145538,0.9907532334327698,-0.17146775126457214,0.020411375910043716,-0.17334622144699097,0.9562345147132874,0.0976114273071289,0.002596940379589796,0.02962094359099865,0.9999898672103882,-0.0955028235912323,-0.005602189805358648,-0.027404794469475746,0.9999908804893494,0.14129836857318878,0.4093572497367859,0.037455685436725616,0.9512285590171814,-0.03269844874739647,0.3290298581123352,0.012853146530687809,0.9726677536964417,0.14526121318340302,0.7454962134361267,0.2325293868780136,0.9063299894332886,-0.04700375720858574,0.7120298743247986,0.20399823784828186,0.9845905303955078
55,-0.04223046824336052,-0.6288644075393677,-0.3951108753681183,0.9999843239784241,-0.018500620499253273,-0.6463826298713684,-0.37247219681739807,0.9999557733535767,-0.0452859103679657,-0.6549187898635864,-0.4088282585144043,0.9999811053276062,0.04475812613964081,-0.6182613372802734,-0.27283385396003723,0.9999601244926453,-0.10310818254947662,-0.5846715569496155,-0.2733321487903595,0.9999439716339111,0.14215977489948273,-0.4447498619556427,-0.12101058661937714,0.9999946355819702,-0.17536164820194244,-0.49284544587135315,-0.09331478923559189,0.9999899864196777,0.2035912126302719,-0.24103254079818726,-0.06503036618232727,0.9899067282676697,-0.17662689089775085,-0.1798519492149353,-0.0946759283542633,0.9481309652328491,0.2040356695652008,-0.027711980044841766,-0.05780322477221489,0.9907163977622986,-0.18047469854354858,0.022439880296587944,-0.17259414494037628,0.9600791335105896,0.09714311361312866,-0.0010346564231440425,0.032484181225299835,0.9999896287918091,-0.09498973190784454,-0.0019051209092140198,-0.03063882701098919,0.9999902844429016,0.18206891417503357,0.4018528461456299,0.03785558417439461,0.9532632827758789,-0.030029717832803726,0.3308221101760864,0.014205952174961567,0.9700403213500977,0.2503596544265747,0.746432900428772,0.18071763217449188,0.9144648909568787,-0.04789412394165993,0.7177312970161438,0.2059590220451355,0.9833338260650635
56,-0.04004767909646034,-0.6276031732559204,-0.3949280381202698,0.9999857544898987,-0.016122711822390556,-0.6456990242004395,-0.37233787775039673,0.9999596476554871,-0.04269928112626076,-0.6540567278862,-0.40926826000213623,0.9999827742576599,0.04485908895730972,-0.6180959343910217,-0.2706815302371979,0.9999633431434631,-0.10208778083324432,-0.5843681693077087,-0.27558764815330505,0.9999484419822693,0.135541170835495,-0.44610413908958435,-0.11087315529584885,0.9999948143959045,-0.17843933403491974,-0.49096646904945374,-0.09400027245283127,0.9999904632568359,0.2001330852508545,-0.24365055561065674,-0.05429434776306152,0.9897376298904419,-0.1823984980583191,-0.17823950946331024,-0.09673303365707397,0.9527832865715027,0.2075042873620987,-0.03228138014674187,-0.05012497305870056,0.9911012649536133,-0.19012175500392914,0.02627960965037346,-0.16989219188690186,0.9637264609336853,0.09679774194955826,-0.0044255382381379604,0.034833021461963654,0.9999893307685852,-0.09459881484508514,0.0013982208911329508,-0.03332186117768288,0.9999896883964539,0.2134736180305481,0.3783324956893921,0.01219246070832014,0.9546504020690918,-0.025799905881285667,0.33067354559898376,0.010038168169558048,0.9667043089866638,0.3551808297634125,0.7230565547943115,0.07097798585891724,0.9211118817329407,-0.038073375821113586,0.7319739460945129,0.2043791264295578,0.981224000453949
57,-0.038482584059238434,-0.6256909370422363,-0.3869501054286957,0.9999870657920837,-0.014337969943881035,-0.6450068354606628,-0.3628535866737366,0.9999632835388184,-0.04076863080263138,-0.652828574180603,-0.4029425382614136,0.9999843239784241,0.044180337339639664,-0.6178376078605652,-0.25737157464027405,0.9999665021896362,-0.1014540046453476,-0.5841776728630066,-0.2748579680919647,0.9999526739120483,0.13143976032733917,-0.44853806495666504,-0.09689877182245255,0.9999949336051941,-0.18222562968730927,-0.4881058931350708,-0.09323190897703171,0.9999909400939941,0.19889946281909943,-0.24655897915363312,-0.04840805381536484,0.9894622564315796,-0.18407507240772247,-0.176646426320076,-0.10249045491218567,0.9571019411087036,0.21168017387390137,-0.04035072401165962,-0.04446971043944359,0.9912214279174805,-0.19475343823432922,0.02752082049846649,-0.16846054792404175,0.9669262170791626,0.09671279788017273,-0.007984036579728127,0.03577631711959839,0.9999889135360718,-0.09444189071655273,0.005289450287818909,-0.03439030423760414,0.9999887347221375,0.23409417271614075,0.3342556059360504,-0.1184287741780281,0.9579735398292542,-0.015912991017103195,0.33727961778640747,0.010293523781001568,0.9637340307235718,0.38723111152648926,0.6654232740402222,-0.12451929599046707,0.927537202835083,-0.028472978621721268,0.7485062479972839,0.18861529231071472,0.9788574576377869
58,-0.038615286350250244,-0.6255956888198853,-0.3836728632450104,0.9999882578849792,-0.014368463307619095,-0.6448387503623962,-0.35902950167655945,0.9999665021896362,-0.04088703542947769,-0.6527239084243774,-0.400200217962265,0.9999856948852539,0.04169588163495064,-0.6177566647529602,-0.2519727945327759,0.9999693036079407,-0.10358883440494537,-0.5842551589012146,-0.2742864787578583,0.9999565482139587,0.12680593132972717,-0.4507060945034027,-0.09160538017749786,0.9999950528144836,-0.18766897916793823,-0.48775461316108704,-0.09226399660110474,0.9999914169311523,0.1953020989894867,-0.24873562157154083,-0.041373662650585175,0.9887930154800415,-0.19167837500572205,-0.1765805035829544,-0.10338138788938522,0.9609667658805847,0.21181531250476837,-0.041333816945552826,-0.03686277195811272,0.991286039352417,-0.19722440838813782,0.028622204437851906,-0.1692410111427307,0.969899594783783,0.09630777686834335,-0.010157951153814793,0.03699394688010216,0.999988853931427,-0.09395692497491837,0.007457689382135868,-0.0357290655374527,0.9999884366989136,0.23521235585212708,0.33863523602485657,-0.07284613698720932,0.9599218368530273,-0.01598711684346199,0.339152455329895,0.008262154646217823,0.9608791470527649,0.3895055949687958,0.6699989438056946,-0.029861632734537125,0.9330780506134033,-0.03050011396408081,0.7495325803756714,0.18265773355960846,0.9768974184989929
59,-0.039304468780756,-0.624957799911499,-0.38385623693466187,0.9999892711639404,-0.014876374043524265,-0.6441236138343811,-0.3592578172683716,0.9999693632125854,-0.0414995402097702,-0.6522666811943054,-0.4006190598011017,0.9999869465827942,0.041433315724134445,-0.6171815991401672,-0.2529807686805725,0.9999718070030212,-0.1035904660820961,-0.5836292505264282,-0.2737371027469635,0.9999599456787109,0.1269138753414154,-0.45022881031036377,-0.09368971735239029,0.9999951720237732,-0.18681155145168304,-0.48718082904815674,-0.09296000748872757,0.9999918341636658,0.19042803347110748,-0.24749910831451416,-0.04068930074572563,0.9883913397789001,-0.19027677178382874,-0.1770123690366745,-0.10281568765640259,0.9643958806991577,0.21160253882408142,-0.03884609043598175,-0.03525269031524658,0.9914692640304565,-0.19627061486244202,0.02847367152571678,-0.1702042669057846,0.9725607633590698,0.09544987976551056,-0.010382301174104214,0.03751112148165703,0.999988853931427,-0.09314443171024323,0.007559058256447315,-0.03628883138298988,0.9999882578849792,0.21695587038993835,0.34917089343070984,-0.03863617405295372,0.959674596786499,-0.01838548853993416,0.3369128108024597,0.01152641698718071,0.9556649327278137,0.3434247672557831,0.6811248064041138,0.038009051233530045,0.9378589987754822,-0.03051099181175232,0.7403843402862549,0.17641112208366394,0.9739524126052856
60,-0.03997384384274483,-0.6243745684623718,-0.3905951976776123,0.9999896883964539,-0.015335304662585258,-0.6430410742759705,-0.366093248128891,0.9999703168869019,-0.042197879403829575,-0.6516944169998169,-0.40736767649650574,0.9999873638153076,0.04236752912402153,-0.6165359020233154,-0.26000604033470154,0.9999727010726929,-0.10347217321395874,-0.5830358266830444,-0.27773669362068176,0.9999606609344482,0.12808391451835632,-0.4503575563430786,-0.09911427646875381,0.9999949932098389,-0.1864708960056305,-0.4873735308647156,-0.09419798851013184,0.9999917149543762,0.18967722356319427,-0.2479168325662613,-0.04124109819531441,0.987991213798523,-0.18947124481201172,-0.18066436052322388,-0.10165517777204514,0.9670791625976562,0.21112985908985138,-0.036126796156167984,-0.03657270967960358,0.9911493062973022,-0.18899229168891907,0.028350435197353363,-0.17063245177268982,0.9747694730758667,0.09525015950202942,-0.01019247341901064,0.037651874125003815,0.9999887347221375,-0.09300743043422699,0.007326140999794006,-0.03637409582734108,0.9999879598617554,0.2062038779258728,0.3738256096839905,0.008280464448034763,0.9610030055046082,-0.020325131714344025,0.33520179986953735,0.013096394017338753,0.9528162479400635,0.2759486436843872,0.7417287826538086,0.12177346646785736,0.942709743976593,-0.033352356404066086,0.7368910908699036,0.19993941485881805,0.9729107618331909
61,-0.03950589895248413,-0.6234738826751709,-0.3942877948284149,0.9999895095825195,-0.014856692403554916,-0.6417990326881409,-0.3696155548095703,0.9999698996543884,-0.04164446145296097,-0.650462806224823,-0.4097728431224823,0.999987006187439,0.04338442534208298,-0.6164236068725586,-0.26306530833244324,0.9999728202819824,-0.10319174081087112,-0.5808214545249939,-0.27707037329673767,0.9999596476554871,0.1305255889892578,-0.4500979781150818,-0.10674356669187546,0.9999948143959045,-0.18415088951587677,-0.48739930987358093,-0.09399180114269257,0.9999914169311523,0.1903667002916336,-0.24628959596157074,-0.04905988276004791,0.9879827499389648,-0.18863548338413239,-0.1816493272781372,-0.09628169983625412,0.969386100769043,0.20590902864933014,-0.028097931295633316,-0.047278713434934616,0.9911875128746033,-0.17713211476802826,0.02829504758119583,-0.16760382056236267,0.9767470359802246,0.09538447111845016,-0.009829687885940075,0.0374080091714859,0.9999885559082031,-0.09320887923240662,0.006974445190280676,-0.036058537662029266,0.9999878406524658,0.167963445186615,0.39162003993988037,0.019316503778100014,0.9623291492462158,-0.021672997623682022,0.3340161144733429,0.01656743884086609,0.9534283876419067,0.16787786781787872,0.7463347315788269,0.21023370325565338,0.9465970396995544,-0.03067595139145851,0.7275258302688599,0.22780288755893707,0.9735833406448364
62,-0.037646129727363586,-0.6233765482902527,-0.39936256408691406,0.9999898076057434,-0.012951375916600227,-0.6415517926216125,-0.3750573396682739,0.9999709129333496,-0.04008490964770317,-0.6501686573028564,-0.4136885106563568,0.9999873638153076,0.050309665501117706,-0.6165001392364502,-0.2697407603263855,0.9999739527702332,-0.0973222553730011,-0.5794040560722351,-0.27782338857650757,0.9999608397483826,0.14021511375904083,-0.4499271512031555,-0.11850166320800781,0.9999948143959045,-0.1786472201347351,-0.4874146282672882,-0.09329549223184586,0.9999915361404419,0.19059215486049652,-0.24249930679798126,-0.05861441045999527,0.9881479740142822,-0.1850222945213318,-0.1816495954990387,-0.09043726325035095,0.9716112017631531,0.19587217271327972,-0.019757455214858055,-0.05346852168440819,0.9913380742073059,-0.16910549998283386,0.0282625500112772,-0.16079066693782806,0.978643536567688,0.09548690915107727,-0.008894232101738453,0.03632408380508423,0.9999886751174927,-0.09335336834192276,0.006102190352976322,-0.03488810360431671,0.9999881386756897,0.13840773701667786,0.3975733518600464,0.023839319124817848,0.9638180732727051,-0.021848104894161224,0.3332080543041229,0.019001124426722527,0.9552561044692993,0.12502439320087433,0.7442640662193298,0.24811005592346191,0.9496567249298096,-0.028577761724591255,0.7180813550949097,0.240998774766922,0.974648118019104
63,-0.035286445170640945,-0.6233958601951599,-0.40228697657585144,0.9999902248382568,-0.010398405604064465,-0.6414834856987,-0.37830477952957153,0.9999722838401794,-0.037797700613737106,-0.6501190066337585,-0.41586899757385254,0.9999879002571106,0.057351648807525635,-0.6169061660766602,-0.27533817291259766,0.9999752640724182,-0.0905485674738884,-0.5789170265197754,-0.27824997901916504,0.9999625086784363,0.14909696578979492,-0.4486154019832611,-0.1338803470134735,0.9999948740005493,-0.1685047149658203,-0.487856388092041,-0.09176100045442581,0.9999916553497314,0.19095103442668915,-0.23579983413219452,-0.07974659651517868,0.9885991811752319,-0.16972170770168304,-0.18191927671432495,-0.0803428515791893,0.9735016226768494,0.18525831401348114,-0.013646835461258888,-0.07063782960176468,0.991610050201416,-0.15764585137367249,0.027987098321318626,-0.14793181419372559,0.9803814888000488,0.09545611590147018,-0.006900141481310129,0.03049326129257679,0.9999884963035583,-0.0933445617556572,0.004129358101636171,-0.029095284640789032,0.9999881386756897,0.11724663525819778,0.40172210335731506,0.030859921127557755,0.9645713567733765,-0.022464213892817497,0.3313629925251007,0.04416605830192566,0.9550725817680359,0.10753738135099411,0.7435265779495239,0.26128754019737244,0.9519352316856384,-0.02509928122162819,0.7028000950813293,0.2737645208835602,0.9748755097389221
64,-0.032944273203611374,-0.6234307289123535,-0.40497660636901855,0.999989926815033,-0.007659392897039652,-0.641430139541626,-0.3812120854854584,0.9999715685844421,-0.03524455055594444,-0.6500811576843262,-0.41796037554740906,0.9999875426292419,0.06297371536493301,-0.6170704960823059,-0.2804930508136749,0.9999750852584839,-0.08463848382234573,-0.5787528157234192,-0.2793077528476715,0.9999619722366333,0.15672706067562103,-0.4477354884147644,-0.14016222953796387,0.999994695186615,-0.16241295635700226,-0.4892827868461609,-0.09282861649990082,0.9999916553497314,0.19131572544574738,-0.23226018249988556,-0.08874154835939407,0.988692045211792,-0.1596849262714386,-0.1848384588956833,-0.08457533270120621,0.9753056168556213,0.1830257773399353,-0.009788164868950844,-0.07897443324327469,0.9916006922721863,-0.15065233409404755,0.024908702820539474,-0.15755704045295715,0.9820260405540466,0.09546336531639099,-0.005490368697792292,0.029821336269378662,0.9999880790710449,-0.09338720142841339,0.002699072938412428,-0.028407350182533264,0.9999879598617554,0.10660402476787567,0.40249302983283997,0.03778323158621788,0.9639164805412292,-0.022863347083330154,0.3282950818538666,0.04702012240886688,0.9538694620132446,0.08794540166854858,0.7351534366607666,0.2702121436595917,0.9529609680175781,-0.027696190401911736,0.6910881996154785,0.27545586228370667,0.9743829369544983
65,-0.03130784258246422,-0.6225652098655701,-0.41171514987945557,0.9999896287918091,-0.005896119866520166,-0.640030562877655,-0.3880976140499115,0.9999709725379944,-0.033677175641059875,-0.6489720940589905,-0.4241938292980194,0.9999873638153076,0.06655451655387878,-0.6169151067733765,-0.28791821002960205,0.9999748468399048,-0.08195845782756805,-0.5777161717414856,-0.2832109034061432,0.9999620318412781,0.1601184606552124,-0.4460771083831787,-0.14625973999500275,0.9999943971633911,-0.15752683579921722,-0.4908791184425354,-0.09577485918998718,0.9999916553497314,0.1915624886751175,-0.22782480716705322,-0.09339868277311325,0.9883704781532288,-0.15250563621520996,-0.18829524517059326,-0.09121949225664139,0.976864755153656,0.1799921840429306,-0.0040135313756763935,-0.07960155606269836,0.9911596775054932,-0.14853347837924957,0.022082287818193436,-0.16653279960155487,0.9835306406021118,0.09545566141605377,-0.0040833428502082825,0.029102040454745293,0.9999876618385315,-0.09339791536331177,0.0012421294813975692,-0.027636460959911346,0.9999879002571106,0.09875060617923737,0.40316295623779297,0.04491034895181656,0.9637001752853394,-0.02481277659535408,0.3264748454093933,0.053611040115356445,0.9533137679100037,0.07707688957452774,0.7331295609474182,0.2750912308692932,0.9546831250190735,-0.02985335886478424,0.6867542266845703,0.2789725959300995,0.9745686054229736
66,-0.029522832483053207,-0.6203508973121643,-0.41576841473579407,0.9999884963035583,-0.004415139090269804,-0.6373165845870972,-0.39233699440956116,0.9999678730964661,-0.03226509317755699,-0.6462447643280029,-0.4280272126197815,0.9999862313270569,0.06995802372694016,-0.6159761548042297,-0.2923353612422943,0.9999725222587585,-0.07981790602207184,-0.5747010111808777,-0.28548869490623474,0.9999595880508423,0.16438241302967072,-0.4430653154850006,-0.1473090946674347,0.9999939799308777,-0.15227864682674408,-0.4909958243370056,-0.09894278645515442,0.9999915361404419,0.19183313846588135,-0.2240445911884308,-0.09281258285045624,0.9878461360931396,-0.14977321028709412,-0.19041898846626282,-0.09540995955467224,0.978191614151001,0.1745830625295639,0.0006356052472256124,-0.07850073277950287,0.9906136393547058,-0.14764121174812317,0.02054719813168049,-0.1699308156967163,0.9848321080207825,0.09556171298027039,-0.0027377712540328503,0.029254719614982605,0.999987006187439,-0.09359043836593628,-0.0002555994433350861,-0.027795886620879173,0.9999877214431763,0.09439373016357422,0.40407615900039673,0.0557016022503376,0.9617571234703064,-0.028165671974420547,0.32284754514694214,0.050798773765563965,0.9525201916694641,0.07469171285629272,0.7310661673545837,0.285491019487381,0.9558107256889343,-0.039075981825590134,0.6833550930023193,0.27117833495140076,0.9746469259262085
67,-0.02671658620238304,-0.6173368096351624,-0.4213643968105316,0.9999879002571106,-0.0017132682260125875,-0.6337184906005859,-0.3984820544719696,0.999966561794281,-0.029225092381238937,-0.6424756646156311,-0.433264821767807,0.9999857544898987,0.07500302791595459,-0.6129770278930664,-0.3000829517841339,0.9999717473983765,-0.07462628930807114,-0.5703248381614685,-0.2892116904258728,0.9999587535858154,0.17032486200332642,-0.4383186101913452,-0.1516864001750946,0.9999938607215881,-0.14506612718105316,-0.4906917214393616,-0.10115919262170792,0.9999916553497314,0.192847341299057,-0.21922320127487183,-0.09296978265047073,0.9877716898918152,-0.1447882205247879,-0.1902693659067154,-0.09598469734191895,0.9794785976409912,0.17227090895175934,0.00884428434073925,-0.07774006575345993,0.9904288053512573,-0.14770175516605377,0.020576950162649155,-0.17070837318897247,0.9860491156578064,0.09572815895080566,-0.001420979737304151,0.02928292378783226,0.9999867677688599,-0.09382923692464828,-0.001647552358917892,-0.027820643037557602,0.9999877214431763,0.090974360704422,0.4070732295513153,0.051423002034425735,0.9620456099510193,-0.029636096209287643,0.3226661682128906,0.05020738020539284,0.9536506533622742,0.07335304468870163,0.7323139309883118,0.2758643925189972,0.9573591947555542,-0.04540126025676727,0.6847812533378601,0.26268845796585083,0.9751527309417725
68,-0.024325869977474213,-0.6169908046722412,-0.42013123631477356,0.9999867677688599,0.0014713519485667348,-0.633235514163971,-0.3970218598842621,0.9999638795852661,-0.02563195861876011,-0.6421372890472412,-0.4327404797077179,0.9999843835830688,0.08205565065145493,-0.6126320362091064,-0.2990745007991791,0.9999701380729675,-0.0667133703827858,-0.5703568458557129,-0.287191241979599,0.999955415725708,0.17800381779670715,-0.4360760450363159,-0.15232209861278534,0.9999937415122986,-0.13631878793239594,-0.4918670058250427,-0.09947356581687927,0.9999915957450867,0.1964166760444641,-0.21660678088665009,-0.09601129591464996,0.9880639314651489,-0.14224480092525482,-0.1906544417142868,-0.09342361241579056,0.9805375933647156,0.17256054282188416,0.01135190948843956,-0.07907893508672714,0.9905655980110168,-0.14835917949676514,0.02056300640106201,-0.16918082535266876,0.9871066212654114,0.09573958069086075,-9.340723045170307e-05,0.0291494932025671,0.999986469745636,-0.09384741634130478,-0.0029832650907337666,-0.027697686105966568,0.9999876022338867,0.08922994136810303,0.4071894884109497,0.049383487552404404,0.9623695611953735,-0.030282914638519287,0.32262277603149414,0.047394849359989166,0.9545350074768066,0.07329163700342178,0.7322051525115967,0.26747366786003113,0.9586268067359924,-0.04604096710681915,0.6857373118400574,0.2581127882003784,0.9755015969276428
69,-0.02318459376692772,-0.6170335412025452,-0.41812771558761597,0.9999868869781494,0.0029355695005506277,-0.6332706212997437,-0.39606973528862,0.9999643564224243,-0.02397938072681427,-0.6421727538108826,-0.429220587015152,0.9999844431877136,0.0864124670624733,-0.6126461029052734,-0.2977399230003357,0.9999707341194153,-0.06321348994970322,-0.5705450177192688,-0.2801920473575592,0.999955415725708,0.18144875764846802,-0.43473494052886963,-0.1512807011604309,0.9999939203262329,-0.12954995036125183,-0.49331629276275635,-0.0905555710196495,0.999991774559021,0.19893737137317657,-0.2153567373752594,-0.0952257439494133,0.9886559844017029,-0.14181320369243622,-0.19120930135250092,-0.08018358051776886,0.9814698696136475,0.17182780802249908,0.014493633061647415,-0.07844710350036621,0.9909884333610535,-0.1489867866039276,0.020661376416683197,-0.15660826861858368,0.9880331158638,0.09576550126075745,0.001132205594331026,0.029106125235557556,0.9999863505363464,-0.09387190639972687,-0.004241430200636387,-0.027661697939038277,0.9999876022338867,0.09038718789815903,0.4084848463535309,0.04582113027572632,0.9626756906509399,-0.030341586098074913,0.3225880563259125,0.04447988420724869,0.9557399153709412,0.07840617746114731,0.7346125245094299,0.26148349046707153,0.9595900177955627,-0.051399216055870056,0.6879624128341675,0.255496621131897,0.9759286046028137
70,-0.023314790800213814,-0.6179336905479431,-0.4140583872795105,0.9999873042106628,0.002871295204386115,-0.63432776927948,-0.3936348259449005,0.9999656677246094,-0.02401258796453476,-0.6433199048042297,-0.424364298582077,0.999984860420227,0.08721375465393066,-0.6130954027175903,-0.2968063950538635,0.9999718070030212,-0.06195325031876564,-0.5720894932746887,-0.27378174662590027,0.9999563097953796,0.18179407715797424,-0.43436768651008606,-0.15134167671203613,0.9999940991401672,-0.12591497600078583,-0.4948573112487793,-0.08237564563751221,0.9999919533729553,0.19902470707893372,-0.21532829105854034,-0.09642992168664932,0.9892445802688599,-0.14264889061450958,-0.19151802361011505,-0.06861097365617752,0.9822106957435608,0.16967961192131042,0.015333959832787514,-0.07876569032669067,0.9914165735244751,-0.1516464352607727,0.020707709714770317,-0.14264851808547974,0.9887924194335938,0.09577268362045288,0.0020014396868646145,0.028626151382923126,0.9999864101409912,-0.09387654811143875,-0.005094245076179504,-0.027209727093577385,0.9999876618385315,0.0899827629327774,0.4100084900856018,0.04062218591570854,0.9630009531974792,-0.030697330832481384,0.32263898849487305,0.04372415691614151,0.9566071629524231,0.07906440645456314,0.7375988364219666,0.25759345293045044,0.9603934288024902,-0.05550980567932129,0.6920204758644104,0.2516910433769226,0.9762678742408752
71,-0.025049328804016113,-0.619694709777832,-0.4043331444263458,0.9999879002571106,0.001941731316037476,-0.636436402797699,-0.3846828043460846,0.9999674558639526,-0.024973291903734207,-0.6456370949745178,-0.4129852056503296,0.9999855160713196,0.08760429173707962,-0.6148530840873718,-0.29293277859687805,0.9999734163284302,-0.06233803927898407,-0.5754116177558899,-0.25902432203292847,0.9999578595161438,0.18202926218509674,-0.43442314863204956,-0.1506400853395462,0.9999943375587463,-0.12334440648555756,-0.49804285168647766,-0.06502273678779602,0.9999921321868896,0.19934578239917755,-0.21560949087142944,-0.09689338505268097,0.9899339079856873,-0.14111417531967163,-0.19265547394752502,-0.047419168055057526,0.9826765656471252,0.16704308986663818,0.01438343245536089,-0.07845400273799896,0.9919254779815674,-0.1533392369747162,0.0193394273519516,-0.12113813310861588,0.989495575428009,0.09577468037605286,0.0029164040461182594,0.026949338614940643,0.9999866485595703,-0.09387668967247009,-0.005974377039819956,-0.025542838498950005,0.9999879002571106,0.08815931528806686,0.40976235270500183,0.03991173580288887,0.9638140797615051,-0.03224124759435654,0.3215845823287964,0.04617081582546234,0.9578530192375183,0.07488156855106354,0.7362520694732666,0.2647516131401062,0.9615803956985474,-0.06238436698913574,0.6920994520187378,0.25183507800102234,0.9769372344017029
72,-0.025919893756508827,-0.620223343372345,-0.4037901759147644,0.9999884963035583,0.0017911889590322971,-0.6370326280593872,-0.38437792658805847,0.9999692440032959,-0.025114180520176888,-0.6465427875518799,-0.4123815596103668,0.9999862313270569,0.08895450830459595,-0.6149145364761353,-0.292786180973053,0.9999749660491943,-0.06149914860725403,-0.577419638633728,-0.25835511088371277,0.9999597668647766,0.18292731046676636,-0.43383079767227173,-0.15134669840335846,0.9999945163726807,-0.121571384370327,-0.49979135394096375,-0.06490349769592285,0.9999923706054688,0.20139223337173462,-0.21495321393013,-0.0989784449338913,0.9905437231063843,-0.139938086271286,-0.19315700232982635,-0.05022839829325676,0.9833208918571472,0.16679522395133972,0.01651955023407936,-0.07920636981725693,0.9923332929611206,-0.15418492257595062,0.0193302221596241,-0.12501221895217896,0.9901701807975769,0.0957474559545517,0.0035458276979625225,0.0261512640863657,0.999987006187439,-0.0938429906964302,-0.006599774584174156,-0.02473337948322296,0.999988317489624,0.08650720864534378,0.40958040952682495,0.03817524015903473,0.9651044607162476,-0.03310805559158325,0.32154959440231323,0.045718785375356674,0.9598047733306885,0.07278118282556534,0.7360519170761108,0.26290082931518555,0.9629591703414917,-0.06393329799175262,0.6935827136039734,0.24383486807346344,0.9779523611068726
73,-0.02764648012816906,-0.6215349435806274,-0.4006979465484619,0.9999889135360718,0.0006567994714714587,-0.6384708285331726,-0.3817978501319885,0.9999704957008362,-0.026090556755661964,-0.6481685042381287,-0.4089336395263672,0.9999866485595703,0.0888587161898613,-0.6159223318099976,-0.29260560870170593,0.9999761581420898,-0.06145607307553291,-0.5794285535812378,-0.2545830309391022,0.9999608993530273,0.18324001133441925,-0.4338625967502594,-0.15401431918144226,0.999994695186615,-0.11927954107522964,-0.501565158367157,-0.059125401079654694,0.9999923706054688,0.20185010135173798,-0.21510635316371918,-0.10411670804023743,0.991069495677948,-0.13746526837348938,-0.19378848373889923,-0.04332440346479416,0.9833186268806458,0.16559453308582306,0.016402995213866234,-0.0805114358663559,0.9926648139953613,-0.15557661652565002,0.017945822328329086,-0.1167493611574173,0.99066162109375,0.09554644674062729,0.004490875639021397,0.022347405552864075,0.9999871253967285,-0.09362317621707916,-0.007500187493860722,-0.020900122821331024,0.9999884366989136,0.08164528757333755,0.40979546308517456,0.03372056409716606,0.9653748273849487,-0.034929290413856506,0.3213408589363098,0.0532020665705204,0.9593618512153625,0.0643368810415268,0.7354475259780884,0.261069655418396,0.9633052349090576,-0.06626856327056885,0.6929861903190613,0.25664976239204407,0.9777786731719971
74,-0.027543693780899048,-0.6222200393676758,-0.3978614807128906,0.9999892711639404,0.0009760117391124368,-0.6391792297363281,-0.37920302152633667,0.9999715685844421,-0.025721043348312378,-0.649168848991394,-0.40624281764030457,0.999987006187439,0.09108268469572067,-0.6163435578346252,-0.29156094789505005,0.999977171421051,-0.05975471809506416,-0.5815809369087219,-0.25218963623046875,0.9999617338180542,0.18440119922161102,-0.4338909685611725,-0.15356752276420593,0.9999948143959045,-0.11708207428455353,-0.5037271976470947,-0.05716254189610481,0.999992311000824,0.20367611944675446,-0.2152896225452423,-0.10417169332504272,0.9915843605995178,-0.13569095730781555,-0.19479213654994965,-0.04331119731068611,0.9834121465682983,0.16492442786693573,0.016265273094177246,-0.0811498612165451,0.9930210113525391,-0.1563059538602829,0.0166678037494421,-0.11807942390441895,0.9910783171653748,0.09539207071065903,0.005023719277232885,0.021926896646618843,0.9999872446060181,-0.09345969557762146,-0.008012011647224426,-0.02046949788928032,0.9999884963035583,0.08162519335746765,0.4098753035068512,0.033654313534498215,0.9660243988037109,-0.036055538803339005,0.32130786776542664,0.05402921512722969,0.9599016308784485,0.062451642006635666,0.7346080541610718,0.2632163465023041,0.9638115167617798,-0.0709330141544342,0.6930781602859497,0.25704988837242126,0.9780164957046509
75,-0.02752409316599369,-0.6234277486801147,-0.3974442481994629,0.9999893307685852,0.001051190309226513,-0.6405247449874878,-0.37887465953826904,0.9999722242355347,-0.02558848261833191,-0.6503556370735168,-0.40584230422973633,0.9999871253967285,0.09309758991003036,-0.6177078485488892,-0.2916717827320099,0.9999779462814331,-0.05775657296180725,-0.5825539827346802,-0.2519099712371826,0.9999622106552124,0.18882419168949127,-0.43395164608955383,-0.1555752158164978,0.9999948740005493,-0.11309397220611572,-0.5044588446617126,-0.056819070130586624,0.9999921917915344,0.2061268389225006,-0.21540693938732147,-0.1085137128829956,0.9920886754989624,-0.1315333992242813,-0.19491666555404663,-0.04142428934574127,0.9834117293357849,0.1643555611371994,0.015589659102261066,-0.08732488006353378,0.993403971195221,-0.15848124027252197,0.014541689306497574,-0.11526508629322052,0.991456151008606,0.0954364538192749,0.00579824997112155,0.020397594198584557,0.9999875426292419,-0.09349757432937622,-0.008770102635025978,-0.018894599750638008,0.9999887347221375,0.07975257188081741,0.40973660349845886,0.03241446241736412,0.967540979385376,-0.04833417758345604,0.3209799528121948,0.05323300510644913,0.9618703722953796,0.06167535111308098,0.7300552725791931,0.2689324915409088,0.9651705622673035,-0.07749354094266891,0.6920350193977356,0.2581610083580017,0.9788597226142883
76,-0.027584094554185867,-0.6293693780899048,-0.3818208575248718,0.999988853931427,0.0014213527319952846,-0.6471087336540222,-0.36526036262512207,0.9999724626541138,-0.02460390515625477,-0.657845675945282,-0.38866451382637024,0.9999867081642151,0.09940440207719803,-0.6219202876091003,-0.28979021310806274,0.9999786615371704,-0.04492665082216263,-0.5897005796432495,-0.2343297153711319,0.9999611973762512,0.19364657998085022,-0.4347630739212036,-0.16277764737606049,0.9999948740005493,-0.09873640537261963,-0.5107458233833313,-0.036398373544216156,0.9999911189079285,0.2112053781747818,-0.21581771969795227,-0.12735822796821594,0.9925288558006287,-0.12493814527988434,-0.20038442313671112,-0.02121429704129696,0.9812648296356201,0.16457198560237885,0.014319843612611294,-0.09691553562879562,0.9937207698822021,-0.16355636715888977,0.0039685810916125774,-0.1014639288187027,0.9914949536323547,0.09531161934137344,0.007761125452816486,0.010115711949765682,0.9999880194664001,-0.0933167040348053,-0.010501284152269363,-0.008469263091683388,0.9999889135360718,0.06981341540813446,0.40965449810028076,0.013480923138558865,0.9698699116706848,-0.08353856950998306,0.30969226360321045,0.052439622581005096,0.9638881683349609,0.05004394054412842,0.7286185026168823,0.2605181038379669,0.9679579138755798,-0.07954950630664825,0.6466765999794006,0.2983255088329315,0.9794644713401794
77,-0.022641044110059738,-0.627423107624054,-0.3832840025424957,0.999987781047821,0.00737411342561245,-0.6449233293533325,-0.36613383889198303,0.9999719262123108,-0.017947278916835785,-0.6555548906326294,-0.39072537422180176,0.9999857544898987,0.10815722495317459,-0.6151552796363831,-0.2904087007045746,0.9999784827232361,-0.03821821138262749,-0.5847059488296509,-0.23691469430923462,0.9999580979347229,0.19997870922088623,-0.4263829290866852,-0.16622930765151978,0.9999948143959045,-0.09267982840538025,-0.5055875778198242,-0.035934753715991974,0.9999890923500061,0.22235107421875,-0.20596253871917725,-0.12840481102466583,0.9928503036499023,-0.12283539026975632,-0.19295473396778107,-0.01405439805239439,0.9770312905311584,0.16614127159118652,0.02225293591618538,-0.10087504237890244,0.9940548539161682,-0.173841193318367,0.002164261182770133,-0.10182520002126694,0.9915559887886047,0.09567630290985107,0.011490285396575928,0.00900974776595831,0.9999880194664001,-0.09354714304208755,-0.014107798226177692,-0.007197994273155928,0.9999880790710449,0.06768783181905746,0.4229337275028229,0.0007544732070527971,0.9715591073036194,-0.13824762403964996,0.26042646169662476,-0.06477576494216919,0.9659776091575623,0.038325972855091095,0.7482302784919739,0.24555732309818268,0.9704811573028564,-0.09934283047914505,0.5457154512405396,0.2803240716457367,0.9772252440452576
78,-0.02352551557123661,-0.6113541722297668,-0.38436129689216614,0.9999825954437256,0.006688335910439491,-0.6298543810844421,-0.3663861155509949,0.99996417760849,-0.01815164089202881,-0.6394162178039551,-0.3920883536338806,0.9999802112579346,0.10654014348983765,-0.5947578549385071,-0.2935246229171753,0.9999721646308899,-0.03911451995372772,-0.5649899244308472,-0.23892523348331451,0.9999426603317261,0.19865143299102783,-0.4078983664512634,-0.17184856534004211,0.9999942779541016,-0.09162711352109909,-0.4912314713001251,-0.03217007592320442,0.9999833106994629,0.2220398634672165,-0.19219619035720825,-0.13982054591178894,0.9930779933929443,-0.12355773150920868,-0.187785342335701,-0.004265202675014734,0.9606293439865112,0.1645885407924652,0.034904755651950836,-0.11693355441093445,0.9942659139633179,-0.1993921995162964,0.002682409016415477,-0.09309165924787521,0.9890954494476318,0.09625145047903061,0.016575410962104797,0.008582771755754948,0.9999873638153076,-0.09390822798013687,-0.019517168402671814,-0.006728570908308029,0.9999861717224121,0.05980595946311951,0.44043734669685364,-0.011989247053861618,0.970791220664978,-0.16761621832847595,0.18173848092556,-0.2231689840555191,0.9677951335906982,0.032183680683374405,0.7710736989974976,0.21635544300079346,0.9723681211471558,-0.10879617184400558,0.47327712178230286,0.10857278108596802,0.9717084169387817
79,-0.023602429777383804,-0.6086897850036621,-0.373029887676239,0.9999628067016602,0.006549141835421324,-0.6281319856643677,-0.3577940762042999,0.9999368786811829,-0.018149403855204582,-0.6370832324028015,-0.38306522369384766,0.9999548196792603,0.1055319681763649,-0.5910840034484863,-0.2871861159801483,0.9999498128890991,-0.03799717500805855,-0.5588588714599609,-0.2312122881412506,0.9998468160629272,0.1977333128452301,-0.4041805863380432,-0.17075423896312714,0.9999934434890747,-0.08726128190755844,-0.48422136902809143,-0.017292223870754242,0.9999450445175171,0.22124570608139038,-0.18940484523773193,-0.1391255110502243,0.9917809367179871,-0.12381552159786224,-0.18532784283161163,-0.000608632224611938,0.8747774362564087,0.15969601273536682,0.036191318184137344,-0.12337374687194824,0.9916473031044006,-0.2032850831747055,0.0032332653645426035,-0.09293334931135178,0.9003449082374573,0.0970371663570404,0.021021198481321335,0.00902903638780117,0.9999875426292419,-0.09449682384729385,-0.024153241887688637,-0.0072160339914262295,0.9999849200248718,0.0594283752143383,0.4476706385612488,-0.008208050392568111,0.9652723073959351,-0.1681470274925232,0.09358003735542297,-0.292150616645813,0.9683308601379395,0.027030760422348976,0.7716019153594971,0.21054962277412415,0.973301112651825,-0.10886169224977493,0.3885650634765625,-0.008724190294742584,0.964292049407959
80,-0.025082238018512726,-0.6080809235572815,-0.3551182150840759,0.9999366402626038,0.004262283910065889,-0.6279458403587341,-0.34101682901382446,0.9998959898948669,-0.019381940364837646,-0.6365798115730286,-0.36659902334213257,0.9999165534973145,0.10388898849487305,-0.5908044576644897,-0.2700510025024414,0.9999167919158936,-0.039132703095674515,-0.5567547082901001,-0.21561577916145325,0.9996934533119202,0.1974504142999649,-0.4046630561351776,-0.1552034467458725,0.9999922513961792,-0.08838982880115509,-0.4808315336704254,-0.004785086028277874,0.999872624874115,0.22091197967529297,-0.18793143332004547,-0.13723225891590118,0.9901785254478455,-0.1303463578224182,-0.1842842996120453,-0.0023644694592803717,0.7932231426239014,0.1535012274980545,0.03820816054940224,-0.12605181336402893,0.987814724445343,-0.21462838351726532,-0.005033608991652727,-0.0966353788971901,0.8139133453369141,0.09740260243415833,0.025702547281980515,0.009575088508427143,0.9999877214431763,-0.0947716161608696,-0.02895219810307026,-0.007482199463993311,0.999983549118042,0.05537783354520798,0.4591257870197296,-0.008880644105374813,0.9603639245033264,-0.19067728519439697,0.0087583027780056,-0.3085668683052063,0.9687078595161438,0.027545107528567314,0.7791010141372681,0.20234055817127228,0.9736964702606201,-0.12652181088924408,0.32621651887893677,-0.056445132941007614,0.9573351144790649
81,-0.024638816714286804,-0.6011349558830261,-0.34106749296188354,0.9999061822891235,0.004318447783589363,-0.6222655177116394,-0.3272193670272827,0.9998458027839661,-0.019076379016041756,-0.6304929852485657,-0.3538263142108917,0.9998701810836792,0.10329442471265793,-0.5868833065032959,-0.2541635036468506,0.9998785853385925,-0.038774896413087845,-0.5505824089050293,-0.20335273444652557,0.9995299577713013,0.19697971642017365,-0.4035489857196808,-0.13956260681152344,0.999990701675415,-0.08576001971960068,-0.4756627380847931,0.004229962360113859,0.9997785687446594,0.22050319612026215,-0.18508780002593994,-0.13108766078948975,0.9880509972572327,-0.13110598921775818,-0.18384230136871338,-0.004115462768822908,0.7181634306907654,0.1501912623643875,0.04108831286430359,-0.12269940972328186,0.9814854264259338,-0.20932264626026154,-0.008584711700677872,-0.10100827366113663,0.734185516834259,0.0974513366818428,0.029247526079416275,0.00972642470151186,0.999987781047821,-0.0948018804192543,-0.03284298628568649,-0.007767557632178068,0.9999821186065674,0.0486040823161602,0.4619460999965668,-0.006936939898878336,0.9545177221298218,-0.19557757675647736,-0.06878051906824112,-0.3163367807865143,0.9687280058860779,0.0298447385430336,0.780221700668335,0.2046332061290741,0.973466694355011,-0.13468511402606964,0.2897689938545227,-0.10633964836597443,0.95196533203125
82,-0.02134549245238304,-0.6005985736846924,-0.3361140787601471,0.999880313873291,0.006662013474851847,-0.6217111349105835,-0.3219844698905945,0.9998038411140442,-0.016196733340620995,-0.6298957467079163,-0.3491268455982208,0.9998299479484558,0.10410572588443756,-0.5863179564476013,-0.24720312654972076,0.9998452067375183,-0.03637869656085968,-0.5493201613426208,-0.19889281690120697,0.9993728995323181,0.198475182056427,-0.40348830819129944,-0.13024254143238068,0.9999895691871643,-0.08226380497217178,-0.4737526774406433,0.006667810026556253,0.9996864795684814,0.22146043181419373,-0.18486148118972778,-0.12313730269670486,0.9857046008110046,-0.1305432915687561,-0.1834767758846283,-0.005919998046010733,0.6493123769760132,0.15037627518177032,0.040807705372571945,-0.12074211984872818,0.9758895039558411,-0.20619527995586395,-0.018122375011444092,-0.10912315547466278,0.6621034145355225,0.09765172749757767,0.03176506236195564,0.010712599381804466,0.9999878406524658,-0.09497203677892685,-0.03558364138007164,-0.008463808335363865,0.9999806880950928,0.04624335467815399,0.4640571177005768,-0.004294937010854483,0.9457777142524719,-0.19975817203521729,-0.08679147809743881,-0.32714200019836426,0.9681068658828735,0.03219844400882721,0.7812820076942444,0.20807044208049774,0.972271740436554,-0.1381814032793045,0.2689528465270996,-0.12397745251655579,0.9448736310005188
83,-0.012366590090095997,-0.5983321070671082,-0.3405108153820038,0.9998617768287659,0.014939331449568272,-0.6192254424095154,-0.325766921043396,0.9997789263725281,-0.007431701757013798,-0.6273309588432312,-0.3530038893222809,0.9998021125793457,0.11014194041490555,-0.5833714008331299,-0.24937379360198975,0.9998252391815186,-0.030108852311968803,-0.546890914440155,-0.20264944434165955,0.9992577433586121,0.20059998333454132,-0.39943745732307434,-0.13212385773658752,0.9999887943267822,-0.07707758247852325,-0.4713769555091858,0.006333102472126484,0.9996083378791809,0.22343678772449493,-0.18048040568828583,-0.12279326468706131,0.9850479960441589,-0.12716162204742432,-0.18031924962997437,-0.0011950162006542087,0.5888299942016602,0.1506451964378357,0.04531467705965042,-0.12023911625146866,0.9744338393211365,-0.20455648005008698,-0.01609264872968197,-0.1062375158071518,0.5985437631607056,0.09784030169248581,0.032455604523420334,0.01095588132739067,0.9999879002571106,-0.09509606659412384,-0.03621247038245201,-0.008725946769118309,0.9999790787696838,0.04795534908771515,0.46439364552497864,-0.01150529645383358,0.9441066980361938,-0.2058364301919937,-0.03686416149139404,-0.31261345744132996,0.9685179591178894,0.032571639865636826,0.7854308485984802,0.18397410213947296,0.9734260439872742,-0.13460509479045868,0.2985092103481293,-0.0802512839436531,0.9410635828971863
84,-0.0031394052784889936,-0.5993819832801819,-0.33967137336730957,0.999849796295166,0.02429448813199997,-0.6204942464828491,-0.3242558240890503,0.9997670650482178,0.0019388435175642371,-0.6284538507461548,-0.35154232382774353,0.9997861981391907,0.11677008122205734,-0.5838442444801331,-0.24690724909305573,0.9998189210891724,-0.02435450069606304,-0.5478712320327759,-0.20195138454437256,0.9991989731788635,0.20219729840755463,-0.4004942774772644,-0.13321036100387573,0.9999881982803345,-0.07133360952138901,-0.4733670949935913,0.011412871070206165,0.9995594024658203,0.22545963525772095,-0.18083946406841278,-0.1215546727180481,0.9854831695556641,-0.12069583684206009,-0.18308953940868378,0.013586810790002346,0.5385858416557312,0.15182194113731384,0.04740084335207939,-0.11155307292938232,0.9749813675880432,-0.1978958696126938,-0.015068952925503254,-0.0834159404039383,0.5451993346214294,0.09784457832574844,0.0319172628223896,0.01027983333915472,0.9999881982803345,-0.09507070481777191,-0.03557083383202553,-0.008062428794801235,0.9999784231185913,0.05160269886255264,0.4618048369884491,-0.016902554780244827,0.9472009539604187,-0.19275256991386414,0.013860221952199936,-0.2884713411331177,0.9705033302307129,0.03350085765123367,0.7826651930809021,0.1812395453453064,0.9753865599632263,-0.1289776712656021,0.351555734872818,-0.03484492376446724,0.9423423409461975
85,-0.0027264177333563566,-0.6057959198951721,-0.3502349257469177,0.9998539686203003,0.026380859315395355,-0.625505805015564,-0.33329400420188904,0.9997774362564087,0.003524553729221225,-0.6343783140182495,-0.3592189848423004,0.9997934699058533,0.12103868275880814,-0.5851200819015503,-0.25563982129096985,0.9998284578323364,-0.022041773423552513,-0.5547870397567749,-0.20619997382164001,0.9992302656173706,0.20302720367908478,-0.4010591208934784,-0.14629898965358734,0.999988317489624,-0.0719328373670578,-0.4756172001361847,0.008794437162578106,0.9995681047439575,0.22754313051700592,-0.18095889687538147,-0.1263047605752945,0.9864682555198669,-0.11973824352025986,-0.18270176649093628,0.010455263778567314,0.5209029316902161,0.15474897623062134,0.04682476446032524,-0.11286760866641998,0.9769043922424316,-0.19012337923049927,-0.00792455393821001,-0.08328130841255188,0.5294400453567505,0.09784036874771118,0.031065406277775764,0.0077594611793756485,0.9999884963035583,-0.09503373503684998,-0.03423742577433586,-0.005585381295531988,0.9999780654907227,0.05259029567241669,0.46025121212005615,-0.027517620474100113,0.9512667655944824,-0.1856248676776886,0.15809579193592072,-0.27474772930145264,0.9725754261016846,0.03395873308181763,0.7829728126525879,0.18279482424259186,0.9773969054222107,-0.12480228394269943,0.4519752860069275,0.06562843918800354,0.9449664354324341
86,0.001176393823698163,-0.6147647500038147,-0.3766838610172272,0.9998682141304016,0.031803179532289505,-0.6323428750038147,-0.3582999110221863,0.9997991919517517,0.007576499134302139,-0.6426550149917603,-0.3842027485370636,0.9998137354850769,0.12647342681884766,-0.5949431657791138,-0.27857697010040283,0.9998452663421631,-0.01962686888873577,-0.5693573951721191,-0.2290801852941513,0.9993059635162354,0.20927312970161438,-0.40555310249328613,-0.16482949256896973,0.9999892711639404,-0.07266174256801605,-0.48764097690582275,-0.016459664329886436,0.999610185623169,0.22980952262878418,-0.18673209846019745,-0.1305578202009201,0.9876723289489746,-0.11180175095796585,-0.18275195360183716,0.0027977232821285725,0.5663679242134094,0.1639779657125473,0.03775283694267273,-0.11270022392272949,0.9790822863578796,-0.17703525722026825,-0.0002919374674092978,-0.08601061999797821,0.5759469866752625,0.09750214219093323,0.02724878489971161,0.003752125194296241,0.9999892711639404,-0.09474336355924606,-0.029889093711972237,-0.0017674684058874846,0.9999797344207764,0.05548672005534172,0.4409200847148895,-0.02627970464527607,0.9557745456695557,-0.15229526162147522,0.28076833486557007,-0.023034367710351944,0.9745844602584839,0.038725968450307846,0.7667081356048584,0.18561819195747375,0.9793720841407776,-0.11307865381240845,0.6251274347305298,0.23263593018054962,0.9498370289802551
87,9.353243513032794e-05,-0.6180089712142944,-0.3868137300014496,0.9998809099197388,0.030408799648284912,-0.634935200214386,-0.3672432005405426,0.9998183846473694,0.006918066181242466,-0.6451444029808044,-0.3938855230808258,0.9998318552970886,0.12493069469928741,-0.6014019846916199,-0.2822840213775635,0.9998601675033569,-0.02430022321641445,-0.5749970078468323,-0.23630540072917938,0.9993736147880554,0.20862962305545807,-0.41071194410324097,-0.16331049799919128,0.9999901056289673,-0.07787474244832993,-0.49276864528656006,-0.031390637159347534,0.99964839220047,0.22954075038433075,-0.19216276705265045,-0.11761627346277237,0.9886854887008667,-0.11220013350248337,-0.18243485689163208,-0.006185279227793217,0.6078118085861206,0.16777406632900238,0.03678659349679947,-0.09101372212171555,0.980972945690155,-0.17192290723323822,0.010352677665650845,-0.08761396259069443,0.6178233623504639,0.0974850282073021,0.022101061418652534,0.005431588273495436,0.9999896287918091,-0.09474263340234756,-0.02465633861720562,-0.0035507390275597572,0.9999810457229614,0.06834196299314499,0.4232536256313324,-0.014756358228623867,0.9591199159622192,-0.08997593820095062,0.31911078095436096,0.0230670478194952,0.975691556930542,0.04196646437048912,0.7442169785499573,0.21983885765075684,0.980042040348053,-0.10991281270980835,0.6875776648521423,0.2400253415107727,0.9537819623947144
88,-0.006721791811287403,-0.6224789023399353,-0.38526782393455505,0.9998922944068909,0.02223852649331093,-0.6392121315002441,-0.3659083843231201,0.9998354911804199,-0.003034746740013361,-0.6488722562789917,-0.39300408959388733,0.9998480677604675,0.11333377659320831,-0.6087126135826111,-0.2820030450820923,0.9998733401298523,-0.04118696600198746,-0.5803052186965942,-0.23657144606113434,0.9994341135025024,0.20330440998077393,-0.4187996983528137,-0.1539250612258911,0.9999908208847046,-0.09238037467002869,-0.4960924983024597,-0.03707866370677948,0.9996827840805054,0.22396552562713623,-0.20259568095207214,-0.09779434651136398,0.9895266890525818,-0.11345380544662476,-0.18221916258335114,-0.01519919652491808,0.645044207572937,0.16927245259284973,0.031160322949290276,-0.07500072568655014,0.9826409816741943,-0.17033685743808746,0.012499064207077026,-0.08834666758775711,0.655460000038147,0.09741716086864471,0.017835291102528572,0.008635836653411388,0.9999898672103882,-0.09470734745264053,-0.020458785817027092,-0.006766881328076124,0.9999821186065674,0.07582667469978333,0.4177502691745758,-0.0011073257774114609,0.9615284204483032,-0.0581706203520298,0.32700902223587036,0.02393406070768833,0.9758740067481995,0.04890875890851021,0.7421098351478577,0.23015597462654114,0.9798619747161865,-0.10317249596118927,0.7061629295349121,0.2190691977739334,0.9570773839950562
89,-0.01487438939511776,-0.6231685876846313,-0.3871030807495117,0.9999024868011475,0.01335174310952425,-0.6400654315948486,-0.36729803681373596,0.9998507499694824,-0.012773697264492512,-0.6496537923812866,-0.39613068103790283,0.9998626112937927,0.09923626482486725,-0.6102545857429504,-0.28127187490463257,0.9998852014541626,-0.055703382939100266,-0.5817751884460449,-0.24297814071178436,0.9994884133338928,0.19074399769306183,-0.4215938150882721,-0.1508796662092209,0.9999914765357971,-0.11079005151987076,-0.49662911891937256,-0.048913341015577316,0.999713659286499,0.21467046439647675,-0.2050471007823944,-0.09233914315700531,0.9902553558349609,-0.12110418826341629,-0.18105043470859528,-0.03322354331612587,0.6787174344062805,0.16838769614696503,0.028458479791879654,-0.0723203644156456,0.9841046333312988,-0.16916972398757935,0.01714116334915161,-0.10081787407398224,0.6892581582069397,0.09742281585931778,0.014133382588624954,0.012923882342875004,0.9999901652336121,-0.09473168104887009,-0.016825733706355095,-0.011055810377001762,0.9999831318855286,0.08065291494131088,0.414989709854126,0.011308763176202774,0.9639434218406677,-0.055866923183202744,0.32951822876930237,0.013938390649855137,0.976561427116394,0.053402774035930634,0.7379390001296997,0.2390734851360321,0.9801179766654968,-0.10227970778942108,0.7099505066871643,0.2052115797996521,0.960362434387207
90,-0.020203465595841408,-0.6274493932723999,-0.3859299123287201,0.9999114871025085,0.007646328303962946,-0.6446799635887146,-0.366520494222641,0.9998639822006226,-0.01858481392264366,-0.6540780067443848,-0.39507025480270386,0.9998754858970642,0.09351589530706406,-0.614841878414154,-0.2806938588619232,0.999895453453064,-0.059019844979047775,-0.5843262672424316,-0.24235038459300995,0.9995366334915161,0.1860027313232422,-0.4241599440574646,-0.1477692425251007,0.9999920129776001,-0.11644019186496735,-0.49753352999687195,-0.05139044299721718,0.9997416138648987,0.20816008746623993,-0.20615512132644653,-0.09091541916131973,0.9906991124153137,-0.1311284303665161,-0.1817578226327896,-0.041815053671598434,0.7092435359954834,0.1676446944475174,0.02569487877190113,-0.07272302359342575,0.9852312803268433,-0.16397862136363983,0.01769743487238884,-0.11893674731254578,0.719789445400238,0.09745331108570099,0.011529569514095783,0.01650930568575859,0.9999904632568359,-0.09481662511825562,-0.014381363987922668,-0.014588333666324615,0.9999842047691345,0.08715591579675674,0.41190847754478455,0.024808775633573532,0.9656085968017578,-0.05142076686024666,0.3285408318042755,0.022951530292630196,0.9769850373268127,0.06321172416210175,0.7295270562171936,0.26724323630332947,0.9799691438674927,-0.10023614019155502,0.7046077251434326,0.2222716212272644,0.9632511734962463
91,-0.022427935153245926,-0.6272280812263489,-0.3881390690803528,0.9999194145202637,0.005097436718642712,-0.6445479393005371,-0.3682122528553009,0.9998756051063538,-0.021202148869633675,-0.653890073299408,-0.3981165587902069,0.9998868107795715,0.08883770555257797,-0.615024209022522,-0.2808253765106201,0.9999045133590698,-0.06237597391009331,-0.5838371515274048,-0.24865269660949707,0.9995794296264648,0.18200542032718658,-0.4251907169818878,-0.14776386320590973,0.9999924302101135,-0.12344255298376083,-0.49735957384109497,-0.05957985669374466,0.9997665286064148,0.20356616377830505,-0.20689532160758972,-0.09266117960214615,0.9910714030265808,-0.13351933658123016,-0.1815139502286911,-0.05261942744255066,0.7364898920059204,0.16756552457809448,0.0241156667470932,-0.07501081377267838,0.9861852526664734,-0.15972070395946503,0.019869612529873848,-0.12914922833442688,0.7470391392707825,0.09750545024871826,0.009604435414075851,0.017781568691134453,0.9999907612800598,-0.0949174240231514,-0.012490046210587025,-0.015840668231248856,0.9999851584434509,0.0905592143535614,0.410495787858963,0.02362864278256893,0.9675520658493042,-0.0524936243891716,0.33138981461524963,0.02347841113805771,0.9773935079574585,0.06982541084289551,0.7295509576797485,0.2619975805282593,0.9801751375198364,-0.09629310667514801,0.708107054233551,0.2259344458580017,0.9658601880073547
92,-0.022803859785199165,-0.6275590062141418,-0.3882151246070862,0.9999265670776367,0.004336139187216759,-0.6450714468955994,-0.3678685128688812,0.9998860359191895,-0.02216164767742157,-0.6541814804077148,-0.3983922302722931,0.9998970031738281,0.08621958643198013,-0.616688072681427,-0.28020185232162476,0.9999127388000488,-0.06538742780685425,-0.5836774706840515,-0.2501426041126251,0.9996181130409241,0.1796376258134842,-0.4263148009777069,-0.1470155119895935,0.999992847442627,-0.12824979424476624,-0.4972638189792633,-0.06161275878548622,0.9997889995574951,0.19960321485996246,-0.20692811906337738,-0.0935128927230835,0.9915094971656799,-0.13704118132591248,-0.18170064687728882,-0.056687600910663605,0.7615165710449219,0.16749577224254608,0.02123980224132538,-0.07633687555789948,0.9872177243232727,-0.1567525565624237,0.019332481548190117,-0.13518716394901276,0.7718682289123535,0.09754487127065659,0.008443877100944519,0.01840602606534958,0.9999907612800598,-0.09499964118003845,-0.011395258828997612,-0.016492580994963646,0.9999857544898987,0.09367160499095917,0.40928879380226135,0.02263770066201687,0.9688822031021118,-0.05202246829867363,0.3297220766544342,0.023198598995804787,0.9773933291435242,0.08065082877874374,0.7275215983390808,0.2608030140399933,0.9798448085784912,-0.09144774079322815,0.7065180540084839,0.22925592958927155,0.9679363965988159
93,-0.02299712598323822,-0.6291894316673279,-0.38782453536987305,0.9999330043792725,0.003402143716812134,-0.6468325257301331,-0.36714062094688416,0.9998952150344849,-0.023211807012557983,-0.6556509137153625,-0.39780765771865845,0.9999061226844788,0.08170684427022934,-0.619884192943573,-0.27550584077835083,0.9999198913574219,-0.07003253698348999,-0.5843810439109802,-0.2502377927303314,0.9996525049209595,0.17666186392307281,-0.42971789836883545,-0.14250728487968445,0.9999932050704956,-0.13353174924850464,-0.49731892347335815,-0.0627315565943718,0.9998090267181396,0.19939163327217102,-0.20926405489444733,-0.09149277955293655,0.991897702217102,-0.14161787927150726,-0.18200020492076874,-0.058741599321365356,0.7839539647102356,0.16754336655139923,0.017151009291410446,-0.07735785841941833,0.9881392121315002,-0.15592841804027557,0.019002640619874,-0.13621662557125092,0.7941059470176697,0.097508504986763,0.0074697998352348804,0.019311802461743355,0.999990701675415,-0.09499281644821167,-0.010432915762066841,-0.017451101914048195,0.9999861717224121,0.09815825521945953,0.40965571999549866,0.02472277544438839,0.9696238040924072,-0.049929894506931305,0.32761338353157043,0.03347877785563469,0.9762749075889587,0.08572755753993988,0.7277947664260864,0.2602325677871704,0.9792563319206238,-0.08742222189903259,0.7025248408317566,0.24249297380447388,0.9694308042526245
94,-0.023794692009687424,-0.6296278834342957,-0.38747015595436096,0.99993896484375,0.002533532911911607,-0.6472876071929932,-0.3668466806411743,0.9999040365219116,-0.023990806192159653,-0.6562514305114746,-0.397346556186676,0.9999145865440369,0.08007831126451492,-0.6209807395935059,-0.27433034777641296,0.9999266862869263,-0.07016141712665558,-0.5853251814842224,-0.25033771991729736,0.9996845126152039,0.1749364286661148,-0.4313995838165283,-0.14243490993976593,0.9999935030937195,-0.1349560171365738,-0.49802663922309875,-0.06277845799922943,0.9998270869255066,0.1987515240907669,-0.2115764170885086,-0.0931544229388237,0.9922674298286438,-0.1413852870464325,-0.18338742852210999,-0.05990804359316826,0.8041420578956604,0.1685301959514618,0.014309408143162727,-0.08470185101032257,0.988953709602356,-0.15430399775505066,0.018879670649766922,-0.1358714997768402,0.8141170144081116,0.09741498529911041,0.006942301988601685,0.01913459599018097,0.9999906420707703,-0.09494467824697495,-0.009891217574477196,-0.017292698845267296,0.9999865293502808,0.10020916163921356,0.41041067242622375,0.024376973509788513,0.9706614017486572,-0.04860879108309746,0.3314240276813507,0.041134629398584366,0.9749878644943237,0.09204748272895813,0.7288031578063965,0.25720536708831787,0.9787996411323547,-0.07972031831741333,0.7035809755325317,0.25224825739860535,0.9704515337944031
95,-0.023808440193533897,-0.6313061714172363,-0.3870542347431183,0.999944269657135,0.002472690772265196,-0.6488911509513855,-0.36664721369743347,0.9999117255210876,-0.024057988077402115,-0.6578182578086853,-0.3969924747943878,0.9999221563339233,0.07869464159011841,-0.6223952770233154,-0.2729411721229553,0.9999327063560486,-0.07092026621103287,-0.5861432552337646,-0.25104615092277527,0.9997131824493408,0.17342907190322876,-0.43278399109840393,-0.14278481900691986,0.9999937415122986,-0.13852843642234802,-0.49803683161735535,-0.06263808161020279,0.9998432993888855,0.19839224219322205,-0.2139146327972412,-0.09808484464883804,0.9926236271858215,-0.14143908023834229,-0.18439485132694244,-0.06067968159914017,0.8223270177841187,0.16960909962654114,0.012067172676324844,-0.09437309205532074,0.9896636605262756,-0.15073664486408234,0.016040455549955368,-0.1368117332458496,0.8321696519851685,0.09741313755512238,0.006138990167528391,0.01826019212603569,0.999990701675415,-0.09495535492897034,-0.00911679957062006,-0.01643405668437481,0.9999869465827942,0.10248232632875443,0.41009238362312317,0.021243460476398468,0.9719755053520203,-0.044993799179792404,0.3335462808609009,0.0397893525660038,0.9743981957435608,0.1051984578371048,0.7296909093856812,0.24977044761180878,0.9788588285446167,-0.06867535412311554,0.708217203617096,0.24662703275680542,0.9718054533004761
96,-0.02384466864168644,-0.6311241984367371,-0.38012439012527466,0.9999484419822693,0.002178866881877184,-0.6487334966659546,-0.3578673303127289,0.9999170899391174,-0.0243797916918993,-0.6576905250549316,-0.3909999132156372,0.9999280571937561,0.07591336965560913,-0.6221258640289307,-0.25975215435028076,0.9999370574951172,-0.0733562558889389,-0.5860442519187927,-0.24817048013210297,0.9997361302375793,0.17095376551151276,-0.43346792459487915,-0.12849946320056915,0.9999939203262329,-0.14441317319869995,-0.4969932734966278,-0.06165110319852829,0.9998577833175659,0.19834090769290924,-0.21568582952022552,-0.08428139984607697,0.9928470253944397,-0.14821864664554596,-0.18391680717468262,-0.0593649260699749,0.8389111757278442,0.1715206354856491,0.007820697501301765,-0.08779366314411163,0.9903693795204163,-0.1508350372314453,0.01606569066643715,-0.13753493130207062,0.8484295606613159,0.09755310416221619,0.004976013675332069,0.019751599058508873,0.9999905824661255,-0.09512125700712204,-0.007932578213512897,-0.01787251979112625,0.9999871253967285,0.10835158079862595,0.4094765782356262,0.015261659398674965,0.97225022315979,-0.04358251392841339,0.33561962842941284,0.027880724519491196,0.973456859588623,0.11248432844877243,0.730346143245697,0.2423708736896515,0.9779081344604492,-0.06242648512125015,0.7104188799858093,0.23725758492946625,0.9725340008735657
97,-0.026774240657687187,-0.6314571499824524,-0.37986481189727783,0.9999522566795349,-0.0006503298645839095,-0.6491184830665588,-0.35704851150512695,0.9999223947525024,-0.027842221781611443,-0.6579580307006836,-0.39096975326538086,0.9999336004257202,0.06874003261327744,-0.6221402883529663,-0.25455915927886963,0.999941349029541,-0.08194278180599213,-0.5862614512443542,-0.24815113842487335,0.9997573494911194,0.16268809139728546,-0.4396514594554901,-0.12229827046394348,0.9999942183494568,-0.16028405725955963,-0.4946313202381134,-0.06140974164009094,0.9998711943626404,0.19473202526569366,-0.22451302409172058,-0.0849783644080162,0.9930359125137329,-0.1626410186290741,-0.17360065877437592,-0.062481001019477844,0.8537932634353638,0.17210346460342407,-0.007875483483076096,-0.10877885669469833,0.9910752773284912,-0.1536707580089569,0.022551164031028748,-0.15264242887496948,0.8630833029747009,0.09835603833198547,0.0019252859055995941,0.021738048642873764,0.9999910593032837,-0.09591972827911377,-0.004783525597304106,-0.019395483657717705,0.9999880194664001,0.12131204456090927,0.4035246968269348,0.015140550211071968,0.973824679851532,-0.03754669800400734,0.33713608980178833,0.024996915832161903,0.9752375483512878,0.12327305227518082,0.6894823908805847,0.29772162437438965,0.9766830205917358,-0.05840400978922844,0.7266837358474731,0.19824354350566864,0.9748390316963196
98,-0.027900531888008118,-0.6313647627830505,-0.38917654752731323,0.9999555349349976,-0.0026320451870560646,-0.6490283012390137,-0.3657115697860718,0.9999266862869263,-0.02967052347958088,-0.657867968082428,-0.40355125069618225,0.9999387860298157,0.060186658054590225,-0.6220018863677979,-0.25894612073898315,0.9999446868896484,-0.08740892261266708,-0.5861907005310059,-0.268732488155365,0.9997777938842773,0.14872495830059052,-0.4466642737388611,-0.12319609522819519,0.9999944567680359,-0.16577526926994324,-0.49196040630340576,-0.0935475081205368,0.9998836517333984,0.18888260424137115,-0.23479926586151123,-0.09477049857378006,0.9922025203704834,-0.16924984753131866,-0.16887418925762177,-0.10723744332790375,0.8672279715538025,0.17389534413814545,-0.03037242777645588,-0.13740544021129608,0.9912867546081543,-0.15502966940402985,0.0296896044164896,-0.2031802535057068,0.876408576965332,0.0983525961637497,-0.005443700589239597,0.03068941831588745,0.9999912977218628,-0.09592897444963455,0.0022246467415243387,-0.02764432318508625,0.999988853931427,0.13760025799274445,0.3374771177768707,0.09756632894277573,0.9706060886383057,-0.037567138671875,0.3321530222892761,0.015367886982858181,0.9767398834228516,0.1258193701505661,0.5619614124298096,0.4628300368785858,0.964100182056427,-0.05877671763300896,0.7194744348526001,0.15515156090259552,0.976783037185669
99,-0.029670370742678642,-0.6194149255752563,-0.38868430256843567,0.999959409236908,-0.00647604139521718,-0.6381567716598511,-0.3654429018497467,0.9999326467514038,-0.032355085015296936,-0.645352303981781,-0.40279868245124817,0.9999443888664246,0.04589781165122986,-0.6102420687675476,-0.2573462128639221,0.9999493956565857,-0.09505374729633331,-0.5751753449440002,-0.27244383096694946,0.9997988939285278,0.13086135685443878,-0.44693127274513245,-0.1212872564792633,0.9999945759773254,-0.17884473502635956,-0.4681568443775177,-0.11280741542577744,0.9998949766159058,0.18511684238910675,-0.24059338867664337,-0.10329702496528625,0.991483211517334,-0.17147280275821686,-0.1497071534395218,-0.13764001429080963,0.8803126811981201,0.17339546978473663,-0.05367523804306984,-0.17024149000644684,0.991080641746521,-0.16056090593338013,0.043709225952625275,-0.2137254774570465,0.8885700702667236,0.09749417006969452,-0.01486368477344513,0.0340382382273674,0.999991774559021,-0.09514882415533066,0.01304432563483715,-0.030042104423046112,0.9999898076057434,0.1504008173942566,0.193108931183815,-0.21351398527622223,0.9732695817947388,-0.036785997450351715,0.3422504961490631,0.012274516746401787,0.9784201979637146,0.12321003526449203,0.359194815158844,0.1995285451412201,0.9480005502700806,-0.05594960227608681,0.7444549798965454,0.16415147483348846,0.9786696434020996
100,-0.030133750289678574,-0.6159368753433228,-0.3844389319419861,0.9999631643295288,-0.006688879337161779,-0.6346656680107117,-0.3607800602912903,0.9999386668205261,-0.03266693279147148,-0.6416324377059937,-0.3974093794822693,0.9999496936798096,0.04802047833800316,-0.6050469875335693,-0.24979771673679352,0.9999539852142334,-0.09415798634290695,-0.5726397633552551,-0.2719624638557434,0.9998183846473694,0.12882769107818604,-0.44714853167533875,-0.1181856095790863,0.999994695186615,-0.18054647743701935,-0.4631247818470001,-0.10509853810071945,0.9999052882194519,0.18576271831989288,-0.2514451742172241,-0.11655404418706894,0.9907154440879822,-0.17226159572601318,-0.14880013465881348,-0.12257012724876404,0.8920800089836121,0.1732030063867569,-0.08122528344392776,-0.1944674700498581,0.9904732704162598,-0.16220948100090027,0.04975344240665436,-0.19798409938812256,0.8994733095169067,0.09583746641874313,-0.021463265642523766,0.03379204496741295,0.999992311000824,-0.09335831552743912,0.02064342051744461,-0.029760178178548813,0.999990701675415,0.1546657532453537,0.0883442685008049,-0.32685744762420654,0.9758241176605225,-0.03790285065770149,0.3495852053165436,0.010014035739004612,0.9802289605140686,0.1193399652838707,0.2581426203250885,0.07148750871419907,0.9381604790687561,-0.045546989887952805,0.7587417364120483,0.16897308826446533,0.9805676937103271
