Frame,Nase_X,Nase_Y,Nase_Z,Nase_visibility,l_Auge_X,l_Auge_Y,l_Auge_Z,l_Auge_visibility,r_Auge_X,r_Auge_Y,r_Auge_Z,r_Auge_visibility,l_Ohr_X,l_Ohr_Y,l_Ohr_Z,l_Ohr_visibility,r_Ohr_X,r_Ohr_Y,r_Ohr_Z,r_Ohr_visibility,LShoulderRoll_X,LShoulderRoll_Y,LShoulderRoll_Z,LShoulderRoll_visibility,RShoulderRoll_X,RShoulderRoll_Y,RShoulderRoll_Z,RShoulderRoll_visibility,LElbowRoll_X,LElbowRoll_Y,LElbowRoll_Z,LElbowRoll_visibility,RElbowRoll_X,RElbowRoll_Y,RElbowRoll_Z,RElbowRoll_visibility,LWrist_X,LWrist_Y,LWrist_Z,LWrist_visibility,RWrist_X,RWrist_Y,RWrist_Z,RWrist_visibility,LHipRoll_X,LHipRoll_Y,LHipRoll_Z,LHipRoll_visibility,RHipRoll_X,RHipRoll_Y,RHipRoll_Z,RHipRoll_visibility,LKnee_X,LKnee_Y,LKnee_Z,LKnee_visibility,RKnee_X,RKnee_Y,RKnee_Z,RKnee_visibility,LAnkle_X,LAnkle_Y,LAnkle_Z,LAnkle_visibility,RAnkle_X,RAnkle_Y,RAnkle_Z,RAnkle_visibility
1,-0.03183560073375702,-0.5866392254829407,-0.3589264452457428,0.9999890327453613,-0.006255323067307472,-0.6060822010040283,-0.3397195041179657,0.9999648332595825,-0.033223845064640045,-0.6154122352600098,-0.37198036909103394,0.999980092048645,0.07141201198101044,-0.6070440411567688,-0.23543214797973633,0.9999599456787109,-0.08071951568126678,-0.5715636610984802,-0.22080720961093903,0.9999121427536011,0.16120128333568573,-0.46453148126602173,-0.07657721638679504,0.9999936819076538,-0.14277470111846924,-0.5249260663986206,-0.02599351666867733,0.999984622001648,0.21484991908073425,-0.26578769087791443,-0.02841796912252903,0.9875999689102173,-0.17249028384685516,-0.23548337817192078,-0.023781832307577133,0.9713090062141418,0.24480721354484558,-0.037089575082063675,-0.016586419194936752,0.9947072267532349,-0.2393745481967926,-0.023662179708480835,-0.09641031920909882,0.9894363880157471,0.09779736399650574,0.002067171037197113,0.0327148400247097,0.9999716281890869,-0.09481941908597946,-0.0048750401474535465,-0.03063989244401455,0.9999653100967407,0.14782315492630005,0.4069724678993225,-0.022059235721826553,0.9342989921569824,-0.0686514601111412,0.3252488374710083,-0.03199199587106705,0.9318702816963196,0.16908003389835358,0.7514914274215698,0.12438079714775085,0.9469717144966125,-0.10912365466356277,0.7119020223617554,0.15384048223495483,0.9426996111869812
2,-0.03178079053759575,-0.5864090323448181,-0.35186707973480225,0.9999884366989136,-0.006257518660277128,-0.6059631109237671,-0.33397623896598816,0.9999631643295288,-0.03310040384531021,-0.6152210235595703,-0.3658691942691803,0.9999788999557495,0.07128271460533142,-0.6070725917816162,-0.2329176664352417,0.9999589920043945,-0.08026304841041565,-0.5716177225112915,-0.2168397754430771,0.9999082684516907,0.16126815974712372,-0.4644301235675812,-0.07672027498483658,0.9999937415122986,-0.1401364505290985,-0.5265327095985413,-0.019861888140439987,0.9999843239784241,0.2147706300020218,-0.26580435037612915,-0.028772063553333282,0.9881066083908081,-0.17178738117218018,-0.23768655955791473,-0.014983583241701126,0.9709218740463257,0.24481332302093506,-0.037122804671525955,-0.015055798925459385,0.9948817491531372,-0.23928356170654297,-0.023788873106241226,-0.08443214744329453,0.9891886115074158,0.09750159829854965,0.0022324067540466785,0.030550038442015648,0.9999712705612183,-0.09449166059494019,-0.005007853731513023,-0.02855709195137024,0.9999647736549377,0.14469106495380402,0.4069444239139557,-0.022321349009871483,0.9358575940132141,-0.06722782552242279,0.3254687190055847,-0.02932768687605858,0.9324185252189636,0.16906121373176575,0.751349925994873,0.12280259281396866,0.9476152658462524,-0.10811025649309158,0.7119042277336121,0.1530725210905075,0.9430549144744873
3,-0.030257053673267365,-0.5863838791847229,-0.3465985059738159,0.9999882578849792,-0.005364489275962114,-0.6059678196907043,-0.328789621591568,0.9999625086784363,-0.03188003599643707,-0.6151810884475708,-0.3607812821865082,0.9999784231185913,0.07149523496627808,-0.6073303818702698,-0.22846096754074097,0.9999585747718811,-0.07958602160215378,-0.5716217160224915,-0.21268782019615173,0.9999066591262817,0.16212984919548035,-0.4642932713031769,-0.07575807720422745,0.9999938011169434,-0.13746291399002075,-0.5271826386451721,-0.015698103234171867,0.9999841451644897,0.2149922102689743,-0.2652885913848877,-0.028529362753033638,0.9884799718856812,-0.1713731288909912,-0.23843879997730255,-0.01027845311909914,0.970605194568634,0.24560819566249847,-0.03664088621735573,-0.0137869231402874,0.9950146675109863,-0.23909606039524078,-0.024303274229168892,-0.07793858647346497,0.9890556931495667,0.09728015214204788,0.002374054631218314,0.0298050194978714,0.9999706745147705,-0.09423674643039703,-0.005123520735651255,-0.02787606418132782,0.9999639987945557,0.14364935457706451,0.40693843364715576,-0.022800616919994354,0.9356446862220764,-0.06238580867648125,0.3256880044937134,-0.028731627389788628,0.931157112121582,0.16876840591430664,0.7513943314552307,0.11905834078788757,0.9467058181762695,-0.10090792179107666,0.7128600478172302,0.14969080686569214,0.94190913438797
4,-0.0302862711250782,-0.5875551104545593,-0.3450273871421814,0.9999880194664001,-0.0054051317274570465,-0.6071920990943909,-0.3275274336338043,0.9999621510505676,-0.031857725232839584,-0.6161599159240723,-0.3590981364250183,0.9999780654907227,0.07151246070861816,-0.6080073118209839,-0.22833873331546783,0.9999587535858154,-0.07867870479822159,-0.5720309019088745,-0.21113711595535278,0.9999058246612549,0.16268934309482574,-0.46418195962905884,-0.07644984126091003,0.9999938607215881,-0.1352757215499878,-0.5274102687835693,-0.0135142607614398,0.9999839663505554,0.21537496149539948,-0.26527029275894165,-0.030047042295336723,0.9889965057373047,-0.17135196924209595,-0.23870104551315308,-0.005723509006202221,0.9704480767250061,0.2459971159696579,-0.03696991503238678,-0.014925719238817692,0.9952077865600586,-0.23908954858779907,-0.025357022881507874,-0.07474438101053238,0.9888895750045776,0.09706219285726547,0.0025212527252733707,0.028392786160111427,0.9999707341194153,-0.09399855136871338,-0.005250310990959406,-0.026492347940802574,0.9999639987945557,0.14150378108024597,0.40697935223579407,-0.023539600893855095,0.9379914999008179,-0.05971691757440567,0.32589343190193176,-0.027927719056606293,0.9331754446029663,0.1670590490102768,0.751812219619751,0.11913197487592697,0.9481849074363708,-0.09568130970001221,0.7133605480194092,0.14951829612255096,0.9435206651687622
5,-0.029434898868203163,-0.5877427458763123,-0.33979305624961853,0.9999876618385315,-0.0049245646223425865,-0.6074178218841553,-0.3222222626209259,0.9999609589576721,-0.03105628304183483,-0.6162796020507812,-0.35394933819770813,0.9999773502349854,0.07167134433984756,-0.6083680987358093,-0.2236996740102768,0.9999576807022095,-0.07792593538761139,-0.5721727013587952,-0.2069205492734909,0.9999037384986877,0.16310420632362366,-0.46415039896965027,-0.07223735749721527,0.9999938607215881,-0.1333889365196228,-0.5278949737548828,-0.012237368151545525,0.9999837875366211,0.21562382578849792,-0.2651638388633728,-0.026276161894202232,0.9890934228897095,-0.17065511643886566,-0.23902389407157898,-0.005726412869989872,0.969910740852356,0.24634422361850739,-0.036806222051382065,-0.011723693460226059,0.9952206611633301,-0.2387392669916153,-0.025450449436903,-0.07474348694086075,0.9885977506637573,0.09695848077535629,0.0026230786461383104,0.028464090079069138,0.9999698996543884,-0.09388943761587143,-0.005350248888134956,-0.026570262387394905,0.9999630451202393,0.14155562222003937,0.4072413742542267,-0.023449109867215157,0.937103271484375,-0.05909804627299309,0.3263545334339142,-0.028867041692137718,0.9321624040603638,0.1677529513835907,0.7522412538528442,0.11710934340953827,0.9468882083892822,-0.09616851806640625,0.7134415507316589,0.14647702872753143,0.9416242837905884
6,-0.029432017356157303,-0.5886014699935913,-0.33670955896377563,0.9999867081642151,-0.004961769562214613,-0.6083991527557373,-0.31901270151138306,0.9999580383300781,-0.03106263279914856,-0.61692875623703,-0.3507343530654907,0.9999755024909973,0.07161780446767807,-0.6096081137657166,-0.22018283605575562,0.9999550580978394,-0.07793573290109634,-0.5725639462471008,-0.2034188210964203,0.9998973608016968,0.16350418329238892,-0.4642624258995056,-0.06879056990146637,0.9999937415122986,-0.13332432508468628,-0.5282454490661621,-0.010228896513581276,0.9999831914901733,0.21562901139259338,-0.2651638090610504,-0.02282339707016945,0.9892313480377197,-0.1707438826560974,-0.239882692694664,-0.0037417083512991667,0.9696041941642761,0.24634955823421478,-0.03715202584862709,-0.009333766996860504,0.995296061038971,-0.23872056603431702,-0.026841336861252785,-0.07297810167074203,0.9882829189300537,0.09698517620563507,0.0026853575836867094,0.028485005721449852,0.9999694228172302,-0.09391053020954132,-0.005407955497503281,-0.0265891645103693,0.9999623894691467,0.14157435297966003,0.40743428468704224,-0.023350203409790993,0.9380751252174377,-0.05920242890715599,0.32690319418907166,-0.02928181178867817,0.9333812594413757,0.1690543293952942,0.7528349161148071,0.1171949952840805,0.9475736618041992,-0.09752418100833893,0.7134421467781067,0.14642111957073212,0.9422145485877991
7,-0.029368720948696136,-0.5880125761032104,-0.33791422843933105,0.9999866485595703,-0.0049434928223490715,-0.6078442931175232,-0.3203410506248474,0.999957799911499,-0.031002946197986603,-0.6163370609283447,-0.35236069560050964,0.9999753832817078,0.0715508759021759,-0.6093320846557617,-0.22109854221343994,0.9999549984931946,-0.0779493972659111,-0.5722994804382324,-0.20532789826393127,0.9998974204063416,0.16340583562850952,-0.46407634019851685,-0.06890194118022919,0.9999937415122986,-0.13328903913497925,-0.5281806588172913,-0.011410254053771496,0.9999830722808838,0.21547114849090576,-0.26503005623817444,-0.022130535915493965,0.9893996715545654,-0.1704261302947998,-0.23926004767417908,-0.004235822707414627,0.96973717212677,0.24631048738956451,-0.03715968877077103,-0.007388753350824118,0.995387613773346,-0.2387252002954483,-0.025925658643245697,-0.07367593795061111,0.9882749915122986,0.09695147722959518,0.0027335509657859802,0.028554165735840797,0.9999693036079407,-0.09386967867612839,-0.00544972438365221,-0.026659950613975525,0.9999622702598572,0.14135055243968964,0.4080093801021576,-0.02247725799679756,0.9396204352378845,-0.05945044755935669,0.32730406522750854,-0.03001996874809265,0.9351977109909058,0.16870646178722382,0.7530766725540161,0.11725448071956635,0.9488798379898071,-0.09764892607927322,0.714486300945282,0.1416832059621811,0.9438260793685913
8,-0.0293082594871521,-0.5884525775909424,-0.33856233954429626,0.9999862909317017,-0.004905594978481531,-0.6082528233528137,-0.32088953256607056,0.9999569058418274,-0.030935294926166534,-0.6166920065879822,-0.35291600227355957,0.9999749064445496,0.07155045866966248,-0.6094020009040833,-0.22133372724056244,0.9999544024467468,-0.07794533669948578,-0.5723975896835327,-0.20565462112426758,0.9998966455459595,0.16338247060775757,-0.4637669622898102,-0.06885554641485214,0.999993622303009,-0.13327401876449585,-0.5281860828399658,-0.011529176495969296,0.9999827146530151,0.21513351798057556,-0.2647857069969177,-0.020864155143499374,0.9895122051239014,-0.17043572664260864,-0.23934434354305267,-0.005412288475781679,0.9700127243995667,0.24630658328533173,-0.037230562418699265,-0.0050922781229019165,0.9954149127006531,-0.23870813846588135,-0.025933656841516495,-0.07609754055738449,0.9882388114929199,0.0969381108880043,0.0027762011159211397,0.028597064316272736,0.999968945980072,-0.09385700523853302,-0.005489418748766184,-0.026692045852541924,0.9999620318412781,0.14130552113056183,0.4082779884338379,-0.02269311249256134,0.9414812326431274,-0.05957547947764397,0.32770463824272156,-0.03208773583173752,0.9373193383216858,0.16917328536510468,0.753394603729248,0.11708332598209381,0.9501016736030579,-0.09722556173801422,0.7149930596351624,0.1403806507587433,0.9451717734336853
9,-0.02920036017894745,-0.5884912610054016,-0.3390238881111145,0.9999862909317017,-0.004875773098319769,-0.6083236336708069,-0.3212580680847168,0.9999570846557617,-0.03087899088859558,-0.6167281270027161,-0.3532865047454834,0.9999748468399048,0.07152622938156128,-0.6096168160438538,-0.2214645892381668,0.9999547600746155,-0.07794136554002762,-0.5724682211875916,-0.20582754909992218,0.9998961687088013,0.16337063908576965,-0.4638698101043701,-0.07028430700302124,0.9999937415122986,-0.1331733614206314,-0.528485894203186,-0.011515183374285698,0.9999827146530151,0.21511560678482056,-0.2648005187511444,-0.02353340946137905,0.9897614121437073,-0.1704714298248291,-0.23959888517856598,-0.004658820107579231,0.9694594144821167,0.24615679681301117,-0.03698232024908066,-0.007867866195738316,0.9954959750175476,-0.2388962209224701,-0.026074865832924843,-0.07398269325494766,0.9880265593528748,0.09683816134929657,0.0028192291501909494,0.028333518654108047,0.9999687075614929,-0.09374266117811203,-0.0055238911882042885,-0.02644917741417885,0.9999616146087646,0.14094726741313934,0.40826961398124695,-0.023762743920087814,0.9415677189826965,-0.05938993766903877,0.32769253849983215,-0.031676825135946274,0.9368196725845337,0.16873937845230103,0.7533612847328186,0.11589109897613525,0.9498623609542847,-0.09508300572633743,0.7149276733398438,0.14056022465229034,0.9446504712104797
10,-0.02916450798511505,-0.5876456499099731,-0.3394734859466553,0.999985933303833,-0.004892557859420776,-0.6076129674911499,-0.32200196385383606,0.9999558329582214,-0.030874047428369522,-0.6159102916717529,-0.3539126515388489,0.9999739527702332,0.07149358093738556,-0.6094500422477722,-0.22283677756786346,0.9999536275863647,-0.0779307633638382,-0.5720359086990356,-0.206664577126503,0.9998918175697327,0.1635005921125412,-0.4636247456073761,-0.07193217426538467,0.9999938011169434,-0.13299870491027832,-0.5285161137580872,-0.011638076975941658,0.9999825358390808,0.21544000506401062,-0.2641882300376892,-0.024444110691547394,0.9899308085441589,-0.17024442553520203,-0.23962025344371796,-0.004499387461692095,0.9684867262840271,0.24729770421981812,-0.03523661941289902,-0.007913196459412575,0.9955593943595886,-0.23889495432376862,-0.026249434798955917,-0.07217888534069061,0.9875988364219666,0.09682764112949371,0.0029005231335759163,0.028347687795758247,0.999967634677887,-0.09373046457767487,-0.00560190062969923,-0.026462215930223465,0.9999601244926453,0.14093239605426788,0.40733036398887634,-0.023859860375523567,0.9383328557014465,-0.062003351747989655,0.32759878039360046,-0.03147868439555168,0.9333536624908447,0.1672951877117157,0.7509933114051819,0.11593658477067947,0.9462924599647522,-0.10283830761909485,0.7143760323524475,0.14185397326946259,0.9407733678817749
11,-0.028218666091561317,-0.5863932967185974,-0.33872339129447937,0.9999867677688599,-0.0040292805060744286,-0.6062337756156921,-0.32149064540863037,0.9999584555625916,-0.029545390978455544,-0.6145312786102295,-0.35308218002319336,0.9999754428863525,0.0725894421339035,-0.6080737113952637,-0.221957728266716,0.9999564290046692,-0.07660449296236038,-0.5712676048278809,-0.20539145171642303,0.9998977184295654,0.1640702784061432,-0.46339738368988037,-0.06838631629943848,0.9999940395355225,-0.13050690293312073,-0.528620183467865,-0.005165348295122385,0.9999831318855286,0.21970126032829285,-0.2680063545703888,-0.016608309000730515,0.9902969598770142,-0.16648709774017334,-0.24134612083435059,0.019868968054652214,0.9687187671661377,0.26712024211883545,-0.05360688641667366,0.006015071179717779,0.9958196878433228,-0.2390032410621643,-0.031155530363321304,-0.035238876938819885,0.9880953431129456,0.09678544849157333,0.0030743610113859177,0.02822597324848175,0.9999667406082153,-0.09367257356643677,-0.0058073559775948524,-0.02640107460319996,0.999958872795105,0.14115464687347412,0.4070575535297394,-0.023779522627592087,0.9365764856338501,-0.06159960478544235,0.32620924711227417,-0.031583454459905624,0.9319044351577759,0.1672944724559784,0.7509837746620178,0.11512542515993118,0.9440405964851379,-0.10221205651760101,0.7137850522994995,0.14140957593917847,0.9380980134010315
12,-0.027470802888274193,-0.5863395929336548,-0.2757505774497986,0.999984622001648,-0.0026805929373949766,-0.6060736775398254,-0.26110267639160156,0.9999520778656006,-0.027714330703020096,-0.6143511533737183,-0.2912791967391968,0.9999717473983765,0.07503620535135269,-0.6086075305938721,-0.16530552506446838,0.9999493360519409,-0.07327805459499359,-0.5734646916389465,-0.14359480142593384,0.9998853802680969,0.166964590549469,-0.47607120871543884,-0.016755642369389534,0.9999933838844299,-0.12587781250476837,-0.5360903143882751,0.059361692517995834,0.999982476234436,0.22859889268875122,-0.3158302307128906,-0.016970336437225342,0.9875739812850952,-0.16652736067771912,-0.2512398660182953,0.11279696226119995,0.9627029299736023,0.26656419038772583,-0.18840046226978302,-0.0655466839671135,0.995102047920227,-0.24143196642398834,-0.06491007655858994,0.061701104044914246,0.9872880578041077,0.096768818795681,0.0036854948848485947,0.024564379826188087,0.9999619126319885,-0.09362386912107468,-0.006475270725786686,-0.02303004451096058,0.9999544024467468,0.13796325027942657,0.40922650694847107,-0.03292631357908249,0.9289864897727966,-0.06144588068127632,0.32390493154525757,-0.02838101238012314,0.9239208102226257,0.16506262123584747,0.7593504786491394,0.08789903670549393,0.9377406239509583,-0.10285739600658417,0.7149845361709595,0.1383255422115326,0.9286704659461975
13,-0.019569119438529015,-0.5596967339515686,-0.2787441611289978,0.9999805092811584,0.0035666092298924923,-0.5808965563774109,-0.26615265011787415,0.9999392032623291,-0.019391294568777084,-0.5891150832176208,-0.29888251423835754,0.9999656677246094,0.07541011273860931,-0.5979325771331787,-0.1714520901441574,0.9999408721923828,-0.07038833945989609,-0.5655626058578491,-0.15688888728618622,0.9998741149902344,0.17055384814739227,-0.47536832094192505,-0.023548411205410957,0.9999929666519165,-0.12547864019870758,-0.5383620262145996,0.05328844487667084,0.9999826550483704,0.2560403347015381,-0.3096957206726074,-0.08024848252534866,0.9881027936935425,-0.16725851595401764,-0.2608230710029602,0.09704265743494034,0.9616421461105347,0.21781986951828003,-0.2943344712257385,-0.18488554656505585,0.9953527450561523,-0.24220293760299683,-0.07354313135147095,0.04397456720471382,0.9876051545143127,0.09619154781103134,0.003965439740568399,0.02253667637705803,0.9999565482139587,-0.09302420914173126,-0.006949243135750294,-0.021435419097542763,0.9999505281448364,0.1345468908548355,0.41294777393341064,-0.033200789242982864,0.9308004379272461,-0.0658736526966095,0.31845101714134216,-0.027005303651094437,0.925403892993927,0.1583753228187561,0.762785017490387,0.09258215129375458,0.9383906722068787,-0.11005720496177673,0.7151786684989929,0.13787052035331726,0.9293907880783081
14,-0.018711166456341743,-0.5253214240074158,-0.3466171324253082,0.9999793171882629,0.004605593625456095,-0.5436680912971497,-0.33984050154685974,0.9999363422393799,-0.01671222783625126,-0.5521110892295837,-0.37427791953086853,0.9999644160270691,0.07611159235239029,-0.5656523108482361,-0.2564394772052765,0.9999393224716187,-0.06798207759857178,-0.5374761819839478,-0.2434050589799881,0.9998753070831299,0.17063702642917633,-0.4727784991264343,-0.10768620669841766,0.9999923706054688,-0.11942795664072037,-0.5371261835098267,0.004861209075897932,0.9999828338623047,0.27607110142707825,-0.33317339420318604,-0.20865818858146667,0.9886041283607483,-0.16533158719539642,-0.2918415665626526,0.0901171863079071,0.9599621295928955,0.14544932544231415,-0.32744351029396057,-0.2883915603160858,0.9952287673950195,-0.2463603913784027,-0.10612685233354568,0.12317086011171341,0.9879173636436462,0.09563389420509338,0.004043533932417631,0.019960938021540642,0.9999457001686096,-0.09249192476272583,-0.007572270929813385,-0.019872047007083893,0.9999423623085022,0.12420923262834549,0.4142777919769287,-0.026804156601428986,0.9242978096008301,-0.0806097686290741,0.31615567207336426,-0.021550394594669342,0.9228705763816833,0.15507742762565613,0.7626844048500061,0.09440430998802185,0.9345845580101013,-0.13860516250133514,0.714878499507904,0.12097808718681335,0.9268351197242737
15,-0.023762619122862816,-0.4470953345298767,-0.3541233539581299,0.9999779462814331,0.0014588177436962724,-0.46025505661964417,-0.35403260588645935,0.9999351501464844,-0.01722210831940174,-0.46683353185653687,-0.38566967844963074,0.9999628067016602,0.07636955380439758,-0.5065497159957886,-0.28580090403556824,0.9999397993087769,-0.0654684379696846,-0.4703967869281769,-0.26547136902809143,0.9998751282691956,0.16959376633167267,-0.46924906969070435,-0.12884432077407837,0.9999924302101135,-0.11566441506147385,-0.5311374068260193,-0.0042839208617806435,0.9999826550483704,0.2672080397605896,-0.33569103479385376,-0.18307329714298248,0.9885633587837219,-0.16642555594444275,-0.31927984952926636,0.12991487979888916,0.9536517858505249,0.07753296196460724,-0.2704816460609436,-0.21158161759376526,0.9945681095123291,-0.24617581069469452,-0.1839125007390976,0.2249331772327423,0.9861694574356079,0.09565235674381256,0.0038832351565361023,0.019394030794501305,0.9999417066574097,-0.09251624345779419,-0.007656640373170376,-0.019682923331856728,0.9999379515647888,0.11598676443099976,0.4141956567764282,-0.022178063169121742,0.9145176410675049,-0.09711579233407974,0.31200075149536133,-0.03412438929080963,0.9241083264350891,0.15403392910957336,0.7621477842330933,0.09634646028280258,0.9268718957901001,-0.16625884175300598,0.7142152786254883,0.08942198753356934,0.9233143925666809
16,-0.027486460283398628,-0.3421265482902527,-0.35422801971435547,0.9999235272407532,-0.008406671695411205,-0.3480740785598755,-0.36008793115615845,0.999798595905304,-0.025647491216659546,-0.35267022252082825,-0.39286237955093384,0.9998973608016968,0.06178821995854378,-0.429558128118515,-0.30457553267478943,0.9998636841773987,-0.07004662603139877,-0.3709886074066162,-0.30352237820625305,0.999671459197998,0.16229142248630524,-0.4554887115955353,-0.14199934899806976,0.999992311000824,-0.11832433193922043,-0.5027115941047668,-0.05975866690278053,0.9999798536300659,0.23603500425815582,-0.3339806795120239,-0.1771903932094574,0.9765817523002625,-0.1865958869457245,-0.3090663552284241,-0.07505377382040024,0.9406620264053345,0.03254969045519829,-0.2336374670267105,-0.04507442191243172,0.9665331840515137,-0.206557959318161,-0.23207306861877441,-0.1550213098526001,0.9571481943130493,0.09463540464639664,0.0010309299686923623,0.020384710282087326,0.9999378323554993,-0.09195807576179504,-0.005459521897137165,-0.01999662257730961,0.9999330043792725,0.11026760190725327,0.4136754870414734,-0.02006283961236477,0.8784042000770569,-0.09975200891494751,0.3135233521461487,-0.0407247468829155,0.8927480578422546,0.15005549788475037,0.7509651184082031,0.1237001121044159,0.8841904997825623,-0.19624119997024536,0.7073994278907776,0.09570040553808212,0.8882046937942505
17,-0.031785205006599426,-0.21372783184051514,-0.3693423569202423,0.9993565678596497,-0.016178177669644356,-0.2073763757944107,-0.38560813665390015,0.999162495136261,-0.026551736518740654,-0.2188396155834198,-0.4191631078720093,0.9989474415779114,0.04707003012299538,-0.2808023989200592,-0.38302454352378845,0.9996526837348938,-0.06104753166437149,-0.25122079253196716,-0.38027894496917725,0.9972203373908997,0.14838096499443054,-0.3389972746372223,-0.26344314217567444,0.9999927282333374,-0.11059071868658066,-0.4359933137893677,-0.14453375339508057,0.9999675154685974,0.2161940187215805,-0.23517388105392456,-0.26608866453170776,0.9677004218101501,-0.11562538146972656,-0.3034577965736389,-0.03278394788503647,0.8499472737312317,0.025556201115250587,-0.11436305195093155,-0.1940680593252182,0.9355476498603821,-0.13168124854564667,-0.19039343297481537,0.08897306770086288,0.8622583746910095,0.09373751282691956,0.0010833663400262594,0.020400922745466232,0.9999417066574097,-0.09121963381767273,-0.00569181190803647,-0.020046385005116463,0.9999336004257202,0.11011868715286255,0.3886583745479584,-0.012079890817403793,0.8017034530639648,-0.09927202761173248,0.2872260808944702,-0.02362816222012043,0.8137237429618835,0.14872466027736664,0.7023224830627441,0.18954508006572723,0.8033686876296997,-0.18359825015068054,0.6698175668716431,0.16270187497138977,0.8093134164810181
18,-0.03205249458551407,-0.17753183841705322,-0.36566752195358276,0.9987568259239197,-0.018591435626149178,-0.16839447617530823,-0.37406960129737854,0.9985477924346924,-0.026525139808654785,-0.18061624467372894,-0.40775448083877563,0.9975630044937134,0.036836400628089905,-0.23213712871074677,-0.3747420608997345,0.9995030164718628,-0.058481767773628235,-0.20450253784656525,-0.38146689534187317,0.9938852190971375,0.14521750807762146,-0.2786921560764313,-0.2679789960384369,0.9999930262565613,-0.11140364408493042,-0.4286949336528778,-0.16064505279064178,0.9999448657035828,0.21746835112571716,-0.16837020218372345,-0.27890869975090027,0.9544302821159363,-0.12081381678581238,-0.4021831452846527,-0.029510730877518654,0.7678745985031128,0.03970453888177872,-0.052336663007736206,-0.2150297909975052,0.8971365094184875,-0.16086594760417938,-0.4079524576663971,0.11982997506856918,0.7765847444534302,0.09383407235145569,0.0015996585134416819,0.020919708535075188,0.999944269657135,-0.09135158360004425,-0.0069671375676989555,-0.020969972014427185,0.9999315142631531,0.11119912564754486,0.36777567863464355,0.011858980171382427,0.7273234724998474,-0.09833137691020966,0.2684659957885742,-0.0057570431381464005,0.7383196949958801,0.13759315013885498,0.6768124103546143,0.2207086682319641,0.7287132740020752,-0.17516736686229706,0.6387853622436523,0.2052493691444397,0.7347769737243652
19,-0.030445104464888573,-0.2525305449962616,-0.26067760586738586,0.9972406029701233,-0.017914066091179848,-0.249234139919281,-0.2764730155467987,0.9972786903381348,-0.022252731025218964,-0.2587665617465973,-0.3070976138114929,0.9942585229873657,0.03862537071108818,-0.304402619600296,-0.3000425696372986,0.9992161393165588,-0.0495569184422493,-0.27062225341796875,-0.3193814158439636,0.9879008531570435,0.1465127021074295,-0.31685155630111694,-0.22808605432510376,0.999993085861206,-0.10755281150341034,-0.43658700585365295,-0.1517409086227417,0.999915599822998,0.21895945072174072,-0.19427086412906647,-0.22493469715118408,0.9403024315834045,-0.13066744804382324,-0.52797532081604,0.03926674649119377,0.6955910921096802,0.05520410090684891,-0.08022613078355789,-0.19057238101959229,0.8865480422973633,-0.1735510379076004,-0.5731983184814453,0.21224065124988556,0.7020446062088013,0.093918576836586,0.0021343743428587914,0.021245460957288742,0.999943733215332,-0.09136520326137543,-0.0077772424556314945,-0.021333608776330948,0.9999237656593323,0.1097133457660675,0.34175947308540344,0.010373391211032867,0.6659361720085144,-0.1150745078921318,0.26958537101745605,-0.024076996371150017,0.687576174736023,0.1125226616859436,0.5716886520385742,0.2778346538543701,0.6591079235076904,-0.1682427078485489,0.5695146322250366,0.24403661489486694,0.6667852997779846
20,-0.03229077532887459,-0.21754705905914307,-0.273612380027771,0.997130274772644,-0.018629582598805428,-0.2122170478105545,-0.2959120571613312,0.9971964359283447,-0.022311663255095482,-0.2225935161113739,-0.3229950964450836,0.9941080808639526,0.04005984589457512,-0.27747175097465515,-0.32276642322540283,0.9991986155509949,-0.0489015057682991,-0.24741250276565552,-0.3320811688899994,0.9878659844398499,0.1471121907234192,-0.30920839309692383,-0.21964530646800995,0.9999932646751404,-0.10169149935245514,-0.4521007835865021,-0.13124673068523407,0.9999125599861145,0.21929681301116943,-0.17195571959018707,-0.25556257367134094,0.9249856472015381,-0.12938492000102997,-0.5316580533981323,0.02190231904387474,0.6361855864524841,0.04909024387598038,-0.06620822846889496,-0.24358034133911133,0.8742974400520325,-0.17670316994190216,-0.5976532697677612,0.16265647113323212,0.644270658493042,0.09359730780124664,0.0022347455378621817,0.02296612784266472,0.99994295835495,-0.0908937007188797,-0.007956280373036861,-0.023179708048701286,0.9999203085899353,0.11051831394433975,0.35113251209259033,0.0066718487069010735,0.6035513281822205,-0.09231618791818619,0.27400195598602295,-0.05426503345370293,0.6322986483573914,0.10952867567539215,0.5336394309997559,0.3553236424922943,0.5935584306716919,-0.11185324937105179,0.5243210792541504,0.2697497308254242,0.6014074087142944
21,-0.04053376987576485,-0.19119438529014587,-0.2904382348060608,0.9972079396247864,-0.028531000018119812,-0.18534517288208008,-0.3210793435573578,0.9972948431968689,-0.03135296702384949,-0.19702409207820892,-0.34985271096229553,0.9943597912788391,0.03190142288804054,-0.2485296130180359,-0.33708104491233826,0.9992336630821228,-0.05670629441738129,-0.22354504466056824,-0.34432345628738403,0.9884962439537048,0.14502888917922974,-0.28098833560943604,-0.22704029083251953,0.999993622303009,-0.10371509939432144,-0.450361043214798,-0.1367061883211136,0.9999145269393921,0.21462319791316986,-0.14371037483215332,-0.2709786891937256,0.9190632104873657,-0.1329912394285202,-0.49998655915260315,-0.0003232451272197068,0.5858283638954163,0.04049962759017944,-0.048975344747304916,-0.2651563286781311,0.8727655410766602,-0.1836041957139969,-0.5542744994163513,0.13986732065677643,0.5943617820739746,0.09451054781675339,0.002636874793097377,0.025644149631261826,0.9999455809593201,-0.09182158857584,-0.008683556690812111,-0.025652766227722168,0.9999239444732666,0.10999146103858948,0.3540303111076355,0.013183525763452053,0.5564662218093872,-0.08150838315486908,0.2756843864917755,-0.06918616592884064,0.6092142462730408,0.10286902636289597,0.5564247369766235,0.3542669117450714,0.5367125272750854,-0.11301406472921371,0.5605840682983398,0.25347188115119934,0.5542691946029663
22,-0.03344789147377014,-0.221747487783432,-0.2731914818286896,0.9966637492179871,-0.024330157786607742,-0.21763047575950623,-0.29578667879104614,0.9968834519386292,-0.022543184459209442,-0.22706003487110138,-0.3259369730949402,0.9931864142417908,0.03427102416753769,-0.2779492437839508,-0.31552818417549133,0.9991822838783264,-0.04825863614678383,-0.2445986121892929,-0.3350362181663513,0.9867417216300964,0.1454721838235855,-0.301858514547348,-0.21157494187355042,0.9999939799308777,-0.10035182535648346,-0.4577174484729767,-0.13000191748142242,0.9999060034751892,0.2151387482881546,-0.16583694517612457,-0.24978874623775482,0.906669557094574,-0.12818306684494019,-0.49734991788864136,0.0314050056040287,0.5307870507240295,0.045082904398441315,-0.06349451839923859,-0.24177537858486176,0.8638198971748352,-0.18735185265541077,-0.571772038936615,0.1935422122478485,0.5391314029693604,0.09419358521699905,0.003083106130361557,0.025837820023298264,0.9999469518661499,-0.09133866429328918,-0.009118624962866306,-0.02590913139283657,0.9999222159385681,0.10622294992208481,0.359550416469574,0.010784699581563473,0.5059853792190552,-0.06111392006278038,0.2762796878814697,-0.06877978891134262,0.5628629326820374,0.09211518615484238,0.516845166683197,0.3695441484451294,0.48347583413124084,-0.10071991384029388,0.5016210079193115,0.2775583863258362,0.5002405643463135
23,-0.03425046056509018,-0.17434066534042358,-0.29149070382118225,0.9966859221458435,-0.025333251804113388,-0.1668972223997116,-0.32176294922828674,0.9969701170921326,-0.02378316968679428,-0.17700275778770447,-0.35378652811050415,0.9933269023895264,0.03022375889122486,-0.23568996787071228,-0.33888760209083557,0.9992215037345886,-0.04944116622209549,-0.20291396975517273,-0.35520678758621216,0.9871515035629272,0.14302267134189606,-0.27929580211639404,-0.23257586359977722,0.9999943971633911,-0.10098262131214142,-0.4429886043071747,-0.13660070300102234,0.9999063014984131,0.21396535634994507,-0.13450545072555542,-0.2613050639629364,0.890051007270813,-0.13075777888298035,-0.4702540934085846,0.021253405138850212,0.4812522530555725,0.03336896747350693,-0.03698888048529625,-0.238710418343544,0.8424875736236572,-0.18949328362941742,-0.5266425013542175,0.16977716982364655,0.4875688850879669,0.0941479280591011,0.00313739525154233,0.025959383696317673,0.999950647354126,-0.0912637934088707,-0.009194226004183292,-0.026076355949044228,0.9999266266822815,0.10487059503793716,0.36086133122444153,0.009035563096404076,0.46422404050827026,-0.06349721550941467,0.2778838276863098,-0.06679756194353104,0.5243621468544006,0.08654333651065826,0.5194839835166931,0.3571318984031677,0.43646687269210815,-0.10504965484142303,0.517665684223175,0.2878827154636383,0.4537076950073242
24,-0.034193024039268494,-0.18275435268878937,-0.2652745544910431,0.9968487024307251,-0.024776384234428406,-0.1748957335948944,-0.28882503509521484,0.9971535801887512,-0.023659251630306244,-0.18668128550052643,-0.3190964162349701,0.9937325716018677,0.030337821692228317,-0.2367175668478012,-0.3071306049823761,0.9992780089378357,-0.04951005056500435,-0.21153663098812103,-0.3253190815448761,0.9880390167236328,0.14186841249465942,-0.2783432900905609,-0.22068046033382416,0.9999948143959045,-0.10165563970804214,-0.4465913772583008,-0.11609070748090744,0.9999114274978638,0.21353110671043396,-0.13917812705039978,-0.2564319670200348,0.8859097361564636,-0.12958505749702454,-0.47043541073799133,0.05444159358739853,0.4393995404243469,0.035208288580179214,-0.039652884006500244,-0.2195214331150055,0.8442270159721375,-0.18872663378715515,-0.5335473418235779,0.214363232254982,0.44820401072502136,0.09416761249303818,0.004309999756515026,0.025982292369008064,0.9999542832374573,-0.09127301722764969,-0.010350729338824749,-0.026083078235387802,0.9999316334724426,0.10510826110839844,0.3826480209827423,-0.00297880289144814,0.4331323802471161,-0.06830012798309326,0.27513787150382996,-0.07463029026985168,0.5052915215492249,0.07464239001274109,0.4879622161388397,0.36812925338745117,0.3937899172306061,-0.10818246752023697,0.4933207333087921,0.27574992179870605,0.4122851490974426
25,-0.03188684582710266,-0.19647076725959778,-0.25285544991493225,0.99591064453125,-0.022413965314626694,-0.1883811503648758,-0.27091261744499207,0.9963712692260742,-0.021916525438427925,-0.20049595832824707,-0.3030857741832733,0.992222249507904,0.031477708369493484,-0.2463243454694748,-0.28133219480514526,0.9991507530212402,-0.049468204379081726,-0.22082103788852692,-0.30136117339134216,0.9858975410461426,0.1418318897485733,-0.28373605012893677,-0.21153748035430908,0.9999949336051941,-0.10226332396268845,-0.44794490933418274,-0.1138562336564064,0.9999040365219116,0.21379782259464264,-0.1450910121202469,-0.24466276168823242,0.8797536492347717,-0.1306086629629135,-0.46251657605171204,0.01193420123308897,0.4008285105228424,0.039316970854997635,-0.04503168538212776,-0.22425653040409088,0.8434832692146301,-0.18633094429969788,-0.533896803855896,0.12315191328525543,0.4130706191062927,0.09394975751638412,0.004463880322873592,0.02703448198735714,0.9999549984931946,-0.09102094173431396,-0.010481778532266617,-0.026886947453022003,0.9999307990074158,0.10413742065429688,0.3698999285697937,0.012654361315071583,0.39601173996925354,-0.05965174734592438,0.24487456679344177,-0.11663837730884552,0.47936922311782837,0.06510116904973984,0.4844363331794739,0.36944153904914856,0.3553437292575836,-0.10773994028568268,0.47950121760368347,0.22374437749385834,0.37444040179252625
26,-0.03193617984652519,-0.2132256031036377,-0.2423258125782013,0.9955973029136658,-0.02248423360288143,-0.20805120468139648,-0.25919094681739807,0.9961049556732178,-0.02273210696876049,-0.21817225217819214,-0.2886488437652588,0.9918512105941772,0.03211154043674469,-0.26374170184135437,-0.25655800104141235,0.9991195201873779,-0.05016722530126572,-0.23605559766292572,-0.2674182057380676,0.9854930639266968,0.14451104402542114,-0.30473655462265015,-0.16235613822937012,0.9999949932098389,-0.1013074442744255,-0.45219334959983826,-0.09294478595256805,0.9998961687088013,0.2143748700618744,-0.16833876073360443,-0.18571686744689941,0.8599128127098083,-0.13118717074394226,-0.48042869567871094,-0.013083343394100666,0.366922527551651,0.04156867042183876,-0.059083882719278336,-0.16498883068561554,0.8322893381118774,-0.18785935640335083,-0.5761666893959045,0.05081990361213684,0.37813234329223633,0.0934179350733757,0.004589696880429983,0.02773100882768631,0.9999567866325378,-0.09049804508686066,-0.010495871305465698,-0.027197008952498436,0.9999324083328247,0.10751023143529892,0.3980032205581665,-0.012445174157619476,0.3635525107383728,-0.060783300548791885,0.2517460286617279,-0.12003707140684128,0.4484407305717468,0.06271574646234512,0.4108462333679199,0.3928525447845459,0.32006514072418213,-0.10383888334035873,0.39492926001548767,0.27058711647987366,0.33785751461982727
27,-0.03238783776760101,-0.19923853874206543,-0.245576873421669,0.9958431720733643,-0.02262277342379093,-0.1909935176372528,-0.2633301913738251,0.9963632225990295,-0.022765321657061577,-0.20305760204792023,-0.2928570806980133,0.9923685789108276,0.032346922904253006,-0.24910956621170044,-0.261292040348053,0.9991844296455383,-0.05012127757072449,-0.22563406825065613,-0.2715705335140228,0.9865269064903259,0.14437051117420197,-0.29037198424339294,-0.16249047219753265,0.9999952912330627,-0.10122677683830261,-0.4538542926311493,-0.08952275663614273,0.9999005794525146,0.21481995284557343,-0.16181699931621552,-0.18457873165607452,0.8488759398460388,-0.13195018470287323,-0.5027921199798584,0.035929299890995026,0.33505699038505554,0.043796226382255554,-0.055759329348802567,-0.15860219299793243,0.8282468318939209,-0.1881553828716278,-0.567012369632721,0.18100786209106445,0.3451361060142517,0.09345316886901855,0.0064047761261463165,0.027846597135066986,0.9999604821205139,-0.09051712602376938,-0.01204006839543581,-0.027311798185110092,0.9999379515647888,0.1091984435915947,0.40690749883651733,-0.022362126037478447,0.3456931710243225,-0.07336049526929855,0.25447070598602295,-0.10827884823083878,0.44124504923820496,0.06846704334020615,0.40884464979171753,0.387516587972641,0.28905829787254333,-0.10382301360368729,0.4021398723125458,0.29556578397750854,0.30756041407585144
28,-0.03234083950519562,-0.18736079335212708,-0.27339160442352295,0.995949923992157,-0.022317035123705864,-0.17955447733402252,-0.2912311851978302,0.9964678883552551,-0.022638974711298943,-0.19314050674438477,-0.32074636220932007,0.9927152991294861,0.033597350120544434,-0.23139415681362152,-0.2938031256198883,0.9992027878761292,-0.049965258687734604,-0.21404771506786346,-0.3009118437767029,0.9872686266899109,0.14624245464801788,-0.2638505697250366,-0.1922532469034195,0.9999953508377075,-0.1014755591750145,-0.44394412636756897,-0.10892242938280106,0.9999052882194519,0.21853171288967133,-0.13616617023944855,-0.20607887208461761,0.8364949226379395,-0.13253161311149597,-0.4904238283634186,0.017589500173926353,0.31102874875068665,0.0457734614610672,-0.03296322375535965,-0.1596890240907669,0.8156969547271729,-0.18925420939922333,-0.5460972189903259,0.1708930879831314,0.3273337781429291,0.09440365433692932,0.007067093160003424,0.02795787714421749,0.999962329864502,-0.09143038839101791,-0.013021382503211498,-0.027448300272226334,0.9999412894248962,0.0990600660443306,0.40182602405548096,-0.011697993613779545,0.3178434371948242,-0.08262067288160324,0.24125032126903534,-0.15209044516086578,0.43001505732536316,0.05057021230459213,0.4497710168361664,0.37036776542663574,0.2613770663738251,-0.10576097667217255,0.43904900550842285,0.17533893883228302,0.28181251883506775
29,-0.02700107917189598,-0.1893826425075531,-0.2754156291484833,0.9962050914764404,-0.013062141835689545,-0.18063752353191376,-0.2949846684932709,0.9967157244682312,-0.013875573873519897,-0.19384296238422394,-0.32412412762641907,0.9932442307472229,0.04797538369894028,-0.23753131926059723,-0.2956700325012207,0.9992610216140747,-0.038543831557035446,-0.21754999458789825,-0.3037051260471344,0.9882596731185913,0.1550821214914322,-0.2733210325241089,-0.19076889753341675,0.9999955892562866,-0.09395870566368103,-0.44495889544487,-0.10651762038469315,0.9999099969863892,0.22144418954849243,-0.14252617955207825,-0.19005194306373596,0.827306866645813,-0.12948915362358093,-0.4933139383792877,0.02443828620016575,0.28881001472473145,0.04712600260972977,-0.03816455975174904,-0.14663149416446686,0.8115510940551758,-0.1894233375787735,-0.5594671368598938,0.1691141128540039,0.3048633337020874,0.09475766867399216,0.009236798621714115,0.028344696387648582,0.9999651908874512,-0.09173925966024399,-0.014905519783496857,-0.027732213959097862,0.9999456405639648,0.10152032971382141,0.4468400776386261,-0.032728858292102814,0.3026978671550751,-0.09105411171913147,0.2444262057542801,-0.13541261851787567,0.42773663997650146,0.04484676569700241,0.45989492535591125,0.36442482471466064,0.2361694574356079,-0.10735609382390976,0.442430704832077,0.21889744699001312,0.25734254717826843
30,-0.0211744774132967,-0.19630317389965057,-0.28402942419052124,0.9961801767349243,-0.004762996453791857,-0.18821360170841217,-0.3035382330417633,0.9967180490493774,-0.006835078354924917,-0.20067162811756134,-0.3340097963809967,0.9932708144187927,0.05663686245679855,-0.24503248929977417,-0.3003092408180237,0.9992638826370239,-0.032424136996269226,-0.22198137640953064,-0.3115643560886383,0.9884340763092041,0.16055607795715332,-0.2787703275680542,-0.19098712503910065,0.9999956488609314,-0.08890483528375626,-0.4500133991241455,-0.11124082654714584,0.9999086260795593,0.2300526648759842,-0.14683642983436584,-0.2046348750591278,0.8185779452323914,-0.12012844532728195,-0.5055248141288757,0.015629945322871208,0.26582977175712585,0.05191937834024429,-0.03938733786344528,-0.18504448235034943,0.8058376908302307,-0.18687741458415985,-0.5651599764823914,0.16825304925441742,0.2799642086029053,0.09475439786911011,0.01011108048260212,0.02872408926486969,0.9999672174453735,-0.09172697365283966,-0.015607370994985104,-0.0280960313975811,0.9999485015869141,0.10186293721199036,0.436862975358963,-0.030703429132699966,0.28078123927116394,-0.09021227806806564,0.24712620675563812,-0.12700273096561432,0.41408032178878784,0.05032593384385109,0.4556843638420105,0.37419721484184265,0.21303445100784302,-0.10592101514339447,0.44367459416389465,0.24389439821243286,0.23411616683006287
31,-0.01355874352157116,-0.19866573810577393,-0.21396127343177795,0.9962449073791504,0.0010062329238280654,-0.18926799297332764,-0.23105289041996002,0.99677973985672,0.0010795654961839318,-0.2024238556623459,-0.26003438234329224,0.9935782551765442,0.05826374515891075,-0.25194641947746277,-0.2278098464012146,0.999282717704773,-0.02415013499557972,-0.2272421419620514,-0.24159547686576843,0.9891725778579712,0.16256044805049896,-0.2878068685531616,-0.11787910759449005,0.999995768070221,-0.07724528759717941,-0.4638086259365082,-0.05321349576115608,0.999914288520813,0.2302737981081009,-0.16861458122730255,-0.08875282108783722,0.7896163463592529,-0.11725109070539474,-0.521613359451294,0.07431977242231369,0.24807341396808624,0.0526866540312767,-0.06284642219543457,-0.006867225747555494,0.7742304801940918,-0.1841367781162262,-0.5913530588150024,0.21846826374530792,0.2636971175670624,0.09474864602088928,0.011304985731840134,0.029876137152314186,0.9999696612358093,-0.09170223027467728,-0.016724538058042526,-0.028947757557034492,0.9999524354934692,0.10641661286354065,0.4434761703014374,-0.03713318705558777,0.26994267106056213,-0.09295281022787094,0.2441175878047943,-0.14697344601154327,0.41813409328460693,0.04668474569916725,0.4385634660720825,0.36843106150627136,0.19275537133216858,-0.10898593813180923,0.43010976910591125,0.23674900829792023,0.21464891731739044
32,-0.0018867786275222898,-0.19042997062206268,-0.21843375265598297,0.9964892268180847,0.012503127567470074,-0.1815159022808075,-0.23463943600654602,0.9970002770423889,0.01188562624156475,-0.19431452453136444,-0.26513785123825073,0.9940610527992249,0.06847573816776276,-0.24386247992515564,-0.22892005741596222,0.999333381652832,-0.016282247379422188,-0.2212958037853241,-0.2453976720571518,0.9900315999984741,0.16923068463802338,-0.28259775042533875,-0.11646924167871475,0.9999960064888,-0.07080773264169693,-0.46160516142845154,-0.05303015187382698,0.9999203085899353,0.2329849898815155,-0.1521797776222229,-0.10032100975513458,0.7821382284164429,-0.1145179495215416,-0.5172022581100464,0.06683126091957092,0.23395580053329468,0.057844437658786774,-0.048189036548137665,-0.04442579299211502,0.7749894857406616,-0.1803356558084488,-0.5744976997375488,0.19766353070735931,0.25191962718963623,0.09475117176771164,0.012029382400214672,0.030982712283730507,0.9999716877937317,-0.09169648587703705,-0.017440548166632652,-0.02983124554157257,0.9999556541442871,0.1046665608882904,0.4400262236595154,-0.035015761852264404,0.2626737654209137,-0.0923377275466919,0.2433343529701233,-0.1409579962491989,0.4252789616584778,0.037535298615694046,0.44749706983566284,0.3646254241466522,0.17484864592552185,-0.11939533054828644,0.43566566705703735,0.21053561568260193,0.19956204295158386
33,-0.001318998634815216,-0.2146732360124588,-0.15772639214992523,0.9964101910591125,0.014537213370203972,-0.20961889624595642,-0.17265217006206512,0.9969180822372437,0.014597280882298946,-0.21958565711975098,-0.20091719925403595,0.994060754776001,0.07024525851011276,-0.2654101550579071,-0.16689196228981018,0.9993221163749695,-0.011921197175979614,-0.2376827746629715,-0.18050649762153625,0.9902305006980896,0.16861183941364288,-0.29227215051651,-0.06563971936702728,0.9999959468841553,-0.06866258382797241,-0.4716015160083771,-0.0048448615707457066,0.9999218583106995,0.23723067343235016,-0.16129818558692932,-0.07687395066022873,0.7536807060241699,-0.11579696089029312,-0.5138973593711853,0.09385574609041214,0.21822120249271393,0.059287428855895996,-0.058319080621004105,-0.0392792709171772,0.7512434720993042,-0.18020640313625336,-0.5797601342201233,0.20330692827701569,0.23770563304424286,0.09427773207426071,0.012772997841238976,0.03104942850768566,0.9999731779098511,-0.09111185371875763,-0.01786983571946621,-0.029906291514635086,0.9999577403068542,0.10488322377204895,0.4363780915737152,-0.03512599691748619,0.2469799965620041,-0.0971096009016037,0.254535049200058,-0.13382521271705627,0.41634225845336914,0.04906941577792168,0.40488094091415405,0.37502360343933105,0.1575818657875061,-0.10138293355703354,0.3796086609363556,0.2899535894393921,0.18023937940597534
34,-0.0018212876748293638,-0.19166207313537598,-0.2896485924720764,0.9966297149658203,0.013175456784665585,-0.1842755824327469,-0.3084021508693695,0.997093677520752,0.014055605977773666,-0.19525082409381866,-0.3393794298171997,0.9944660067558289,0.06930810958147049,-0.24841247498989105,-0.29492461681365967,0.9993577003479004,-0.012400767765939236,-0.2240268439054489,-0.3085850477218628,0.9909029603004456,0.17116403579711914,-0.28535544872283936,-0.16931219398975372,0.9999961256980896,-0.0697142481803894,-0.4703092575073242,-0.09075342863798141,0.9999266862869263,0.23880115151405334,-0.14647790789604187,-0.17786972224712372,0.739335298538208,-0.11378414183855057,-0.5162853598594666,0.022354694083333015,0.20758485794067383,0.0586177334189415,-0.040968287736177444,-0.14497731626033783,0.726059079170227,-0.18526579439640045,-0.5786078572273254,0.13649508357048035,0.22566264867782593,0.09410426020622253,0.01257198117673397,0.031124921515583992,0.9999737739562988,-0.09084901213645935,-0.017679400742053986,-0.030001206323504448,0.9999595284461975,0.10677694529294968,0.4325677156448364,-0.02912776917219162,0.22714883089065552,-0.07483351975679398,0.2598992586135864,-0.1324460357427597,0.39427241683006287,0.045229971408843994,0.4143821895122528,0.3735717535018921,0.14205887913703918,-0.110378198325634,0.4410088360309601,0.24326300621032715,0.16421903669834137
35,-0.0007994373445399106,-0.21638116240501404,-0.20443932712078094,0.996843695640564,0.015285493806004524,-0.21156629920005798,-0.2202361822128296,0.9972600936889648,0.014674906618893147,-0.22127765417099,-0.24811989068984985,0.9948261976242065,0.07354149222373962,-0.26860085129737854,-0.20967796444892883,0.9993935227394104,-0.012686334550380707,-0.24413709342479706,-0.21967899799346924,0.9915298819541931,0.1721717119216919,-0.2987111210823059,-0.10085546970367432,0.9999961256980896,-0.06567949801683426,-0.487745076417923,-0.04102015495300293,0.9999284744262695,0.24238276481628418,-0.16251656413078308,-0.1438334733247757,0.7483338117599487,-0.11449939012527466,-0.5463338494300842,0.04847707971930504,0.214730367064476,0.059081654995679855,-0.07008137553930283,-0.1438857614994049,0.7402922511100769,-0.18534661829471588,-0.6272437572479248,0.15014581382274628,0.23594598472118378,0.09358758479356766,0.01256848219782114,0.03180075064301491,0.9999740123748779,-0.09017545729875565,-0.017558084800839424,-0.030963564291596413,0.9999596476554871,0.10610046982765198,0.4264354705810547,-0.0284267608076334,0.2482341229915619,-0.07411941140890121,0.2768712639808655,-0.13063566386699677,0.4348610043525696,0.0561152882874012,0.3780212700366974,0.3862922191619873,0.128167062997818,-0.08889031410217285,0.37543341517448425,0.3041834235191345,0.14841264486312866
36,-0.002001561224460602,-0.18653173744678497,-0.3195144236087799,0.9964951872825623,0.014871061779558659,-0.1796291023492813,-0.33784645795822144,0.9968646764755249,0.013126940466463566,-0.19078965485095978,-0.37064850330352783,0.9943104386329651,0.07480107992887497,-0.24199745059013367,-0.32111504673957825,0.9992924332618713,-0.014620508998632431,-0.22105330228805542,-0.3375779688358307,0.9907927513122559,0.17333853244781494,-0.2821781635284424,-0.19925633072853088,0.9999958872795105,-0.06725386530160904,-0.4785713255405426,-0.12189247459173203,0.9999265670776367,0.24210450053215027,-0.14123979210853577,-0.24298499524593353,0.7198765277862549,-0.1151205524802208,-0.5359370112419128,-0.019913701340556145,0.19786912202835083,0.05631235986948013,-0.05056455358862877,-0.2373799830675125,0.6975769400596619,-0.18744605779647827,-0.6085922122001648,0.09327028691768646,0.21586202085018158,0.0934981107711792,0.012515674345195293,0.03213445842266083,0.9999731779098511,-0.09002359956502914,-0.017529573291540146,-0.031379569321870804,0.9999593496322632,0.1120104268193245,0.418414831161499,-0.020869795233011246,0.2249934822320938,-0.054446108639240265,0.25507551431655884,-0.14474914968013763,0.403120756149292,0.05704033374786377,0.3942940831184387,0.3826014995574951,0.11544949561357498,-0.09152427315711975,0.3808588981628418,0.20684519410133362,0.13449645042419434
37,-0.0016547816339880228,-0.18861271440982819,-0.301833838224411,0.9961337447166443,0.015321332029998302,-0.18124672770500183,-0.31915152072906494,0.9964948892593384,0.013322694227099419,-0.1923748254776001,-0.3511204421520233,0.9936948418617249,0.07510711252689362,-0.2473767101764679,-0.3055441379547119,0.9992057681083679,-0.01462013740092516,-0.2278769463300705,-0.3201853632926941,0.9900296926498413,0.17616063356399536,-0.28610238432884216,-0.18724142014980316,0.9999956488609314,-0.0632878765463829,-0.48709091544151306,-0.11097811162471771,0.9999246597290039,0.24371689558029175,-0.14339148998260498,-0.23059923946857452,0.6905971765518188,-0.11449089646339417,-0.5533159375190735,-0.006251418963074684,0.18285170197486877,0.05607413500547409,-0.051513634622097015,-0.22219078242778778,0.6625702381134033,-0.18770454823970795,-0.624977707862854,0.10597890615463257,0.1994437277317047,0.092982716858387,0.012515190988779068,0.032160740345716476,0.9999718070030212,-0.0893317461013794,-0.01751626841723919,-0.031445473432540894,0.9999574422836304,0.11418246477842331,0.41860270500183105,-0.025890110060572624,0.20421193540096283,-0.05410953238606453,0.25755608081817627,-0.1423494964838028,0.3702155351638794,0.05371589958667755,0.3859153389930725,0.3803379535675049,0.10396116971969604,-0.09308265894651413,0.3864481449127197,0.22887255251407623,0.12131085246801376
38,-0.001604082528501749,-0.19716483354568481,-0.27420103549957275,0.9962307810783386,0.01467972993850708,-0.18932224810123444,-0.29062506556510925,0.9965963363647461,0.012702327221632004,-0.20205968618392944,-0.3206465542316437,0.9938573837280273,0.07443395256996155,-0.251069039106369,-0.28135401010513306,0.9992324709892273,-0.01549216452986002,-0.2373543679714203,-0.2949853539466858,0.9903444051742554,0.17571431398391724,-0.2863870859146118,-0.18144665658473969,0.9999957084655762,-0.06262995302677155,-0.4901110827922821,-0.09605955332517624,0.9999256134033203,0.24345257878303528,-0.14482460916042328,-0.21917225420475006,0.6914295554161072,-0.11343546956777573,-0.5539263486862183,0.0201491080224514,0.17101028561592102,0.05609197914600372,-0.05460597202181816,-0.2145015150308609,0.66928631067276,-0.18778780102729797,-0.6272048354148865,0.15507325530052185,0.1891889125108719,0.09281548857688904,0.012688788585364819,0.03217199817299843,0.9999727010726929,-0.08914569765329361,-0.017614101991057396,-0.0314723365008831,0.9999586343765259,0.11412473022937775,0.4173527657985687,-0.025860577821731567,0.1886148303747177,-0.056387417018413544,0.2587646543979645,-0.1255112737417221,0.34944942593574524,0.05398133024573326,0.379210501909256,0.3968629240989685,0.09368432313203812,-0.09358116239309311,0.39084896445274353,0.2641496956348419,0.1098574548959732
39,-0.0006143214413896203,-0.15240326523780823,-0.3202754557132721,0.9964145421981812,0.015373500995337963,-0.1448158174753189,-0.3383198082447052,0.9967456459999084,0.012937745079398155,-0.1560889631509781,-0.37315163016319275,0.9942066669464111,0.07402875274419785,-0.21291345357894897,-0.32442915439605713,0.9992623925209045,-0.015753623098134995,-0.19233840703964233,-0.3498052954673767,0.9908987879753113,0.1753717064857483,-0.25822821259498596,-0.21281634271144867,0.9999958872795105,-0.06308107078075409,-0.45682597160339355,-0.1271156221628189,0.9999294877052307,0.24136939644813538,-0.11548177152872086,-0.2503458261489868,0.681506872177124,-0.11178606003522873,-0.5133137106895447,-0.00981155876070261,0.16051936149597168,0.053712960332632065,-0.029690708965063095,-0.24144262075424194,0.6524352431297302,-0.18836815655231476,-0.5907313227653503,0.12070804089307785,0.17790943384170532,0.09288983047008514,0.012704841792583466,0.032466817647218704,0.9999731779098511,-0.08920342475175858,-0.017731888219714165,-0.03182614967226982,0.9999600648880005,0.11414135247468948,0.41802892088890076,-0.01905277743935585,0.17217902839183807,-0.038498714566230774,0.2501831352710724,-0.14706312119960785,0.33095768094062805,0.05581194907426834,0.4067806303501129,0.3879854381084442,0.0844699963927269,-0.09753149747848511,0.4480529725551605,0.15915025770664215,0.10057122260332108
40,-0.004069191403687,-0.16394555568695068,-0.36666038632392883,0.9966893196105957,0.012793025933206081,-0.15694093704223633,-0.385846883058548,0.9969989657402039,0.00911829061806202,-0.168087437748909,-0.41859525442123413,0.9946540594100952,0.07373169809579849,-0.2226998209953308,-0.3696853816509247,0.9993187189102173,-0.019902624189853668,-0.20112259685993195,-0.38404184579849243,0.9915872812271118,0.1757982224225998,-0.2638012170791626,-0.24578960239887238,0.9999960660934448,-0.06363515555858612,-0.45824289321899414,-0.15467803180217743,0.9999327659606934,0.2416284829378128,-0.11240167170763016,-0.30671215057373047,0.6843217611312866,-0.11199550330638885,-0.5133904814720154,-0.035872943699359894,0.1544000655412674,0.05183732882142067,-0.030098313465714455,-0.32293984293937683,0.6481329798698425,-0.18953955173492432,-0.5899732708930969,0.0841691866517067,0.17032548785209656,0.09255406260490417,0.012346494011580944,0.03233059495687485,0.9999722838401794,-0.08878178149461746,-0.017344892024993896,-0.03178047761321068,0.9999593496322632,0.11460845172405243,0.41870811581611633,-0.014379273168742657,0.15743619203567505,-0.038731034845113754,0.27672165632247925,-0.12892009317874908,0.3101941645145416,0.05744970217347145,0.4085518419742584,0.3996817171573639,0.07610296458005905,-0.09618290513753891,0.4503669738769531,0.21474871039390564,0.09110955148935318
41,0.002184762852266431,-0.1698857694864273,-0.32150718569755554,0.9969314336776733,0.019349241629242897,-0.1625891774892807,-0.3441963791847229,0.9972240328788757,0.018406623974442482,-0.17416182160377502,-0.3761109709739685,0.9950558543205261,0.07569903880357742,-0.22521130740642548,-0.35288187861442566,0.9993711113929749,-0.009891487658023834,-0.20595107972621918,-0.3755207657814026,0.9922406673431396,0.17489667236804962,-0.2654768228530884,-0.22740766406059265,0.9999962449073792,-0.05887756869196892,-0.4606861174106598,-0.14859117567539215,0.9999368190765381,0.2412097305059433,-0.11657499521970749,-0.2836495339870453,0.6952072381973267,-0.11160928010940552,-0.5168253779411316,-0.021899115294218063,0.1526802033185959,0.049991197884082794,-0.03272366523742676,-0.292855441570282,0.6583389639854431,-0.18908187747001648,-0.5895882248878479,0.11757313460111618,0.17138507962226868,0.09192429482936859,0.012311716563999653,0.03207755461335182,0.9999732375144958,-0.08799196034669876,-0.017244473099708557,-0.03173162415623665,0.9999606013298035,0.1212628185749054,0.4208902418613434,-0.01598692312836647,0.14903409779071808,-0.03859790787100792,0.2839532494544983,-0.12432108074426651,0.3063521981239319,0.07236403971910477,0.3785526752471924,0.39886674284935,0.06852623075246811,-0.06945222616195679,0.3834516704082489,0.26520174741744995,0.08213994652032852
42,0.004941858351230621,-0.1582285314798355,-0.3296760320663452,0.9971200823783875,0.022474076598882675,-0.15078404545783997,-0.35151034593582153,0.9974008202552795,0.021334106102585793,-0.16148090362548828,-0.38437265157699585,0.995384693145752,0.07775488495826721,-0.21723337471485138,-0.3497832119464874,0.9994123578071594,-0.008407898247241974,-0.19446276128292084,-0.37108176946640015,0.9927682876586914,0.1751420497894287,-0.26021936535835266,-0.23498840630054474,0.9999963641166687,-0.05823958292603493,-0.45766934752464294,-0.14917238056659698,0.9999397993087769,0.2414286881685257,-0.10437269508838654,-0.2994798719882965,0.6885977983474731,-0.11167609691619873,-0.5078423619270325,-0.03213712200522423,0.1468498259782791,0.050081249326467514,-0.020447568967938423,-0.3055494725704193,0.6378378868103027,-0.19004690647125244,-0.5676572918891907,0.09138251096010208,0.16193361580371857,0.09185286611318588,0.012321177870035172,0.03177696838974953,0.9999740123748779,-0.08788120001554489,-0.017236804589629173,-0.03159816935658455,0.9999618530273438,0.12894085049629211,0.4409254193305969,-0.020238596946001053,0.13988156616687775,-0.03924068808555603,0.2910565733909607,-0.11498873680830002,0.2977161109447479,0.07995188236236572,0.3838445544242859,0.39711251854896545,0.06170882657170296,-0.06268497556447983,0.38246119022369385,0.2769095003604889,0.07407665997743607
43,0.004969785921275616,-0.18836288154125214,-0.32198047637939453,0.9972693920135498,0.023759566247463226,-0.17992962896823883,-0.3434774875640869,0.9975188374519348,0.022035446017980576,-0.19290687143802643,-0.37599632143974304,0.9956426620483398,0.08117428421974182,-0.2255622148513794,-0.3431237041950226,0.9994319081306458,-0.0075216214172542095,-0.21462875604629517,-0.364595890045166,0.9931467771530151,0.17592118680477142,-0.2617241442203522,-0.23149514198303223,0.9999964237213135,-0.05887461453676224,-0.4593309462070465,-0.14498336613178253,0.999943196773529,0.24545906484127045,-0.10804762691259384,-0.29829680919647217,0.6910597085952759,-0.10421516001224518,-0.5074206590652466,-0.029079494997859,0.1443200260400772,0.057862550020217896,-0.022825436666607857,-0.2936479449272156,0.6405889391899109,-0.18663877248764038,-0.5677698254585266,0.09527254104614258,0.1694023609161377,0.09196103364229202,0.012357267551124096,0.0319482795894146,0.9999732971191406,-0.08799437433481216,-0.017291821539402008,-0.0317365862429142,0.9999613761901855,0.1286991834640503,0.42099717259407043,-0.02096630074083805,0.12961310148239136,-0.04073011502623558,0.2900124192237854,-0.12157732993364334,0.28504613041877747,0.07923289388418198,0.4396549463272095,0.3865196406841278,0.055677738040685654,-0.07369531691074371,0.45603716373443604,0.24094490706920624,0.06766858696937561
44,0.005054220091551542,-0.20274204015731812,-0.32056930661201477,0.9974612593650818,0.024979930371046066,-0.1942046582698822,-0.33986300230026245,0.9976796507835388,0.022333193570375443,-0.20768946409225464,-0.3713132441043854,0.9959689378738403,0.08775724470615387,-0.2388233095407486,-0.33399251103401184,0.999463677406311,-0.00598985655233264,-0.2291259467601776,-0.35469141602516174,0.9936431646347046,0.18218117952346802,-0.2667698264122009,-0.22763599455356598,0.9999964237213135,-0.058470554649829865,-0.4617169499397278,-0.1384928673505783,0.9999464750289917,0.24561084806919098,-0.11127910017967224,-0.2672872543334961,0.6910606622695923,-0.10460854321718216,-0.5028928518295288,-0.026580767706036568,0.1481555700302124,0.05847729369997978,-0.03837452828884125,-0.25679996609687805,0.6426347494125366,-0.1858735978603363,-0.5716748237609863,0.0727585181593895,0.18540877103805542,0.09198437631130219,0.012412519194185734,0.03208394721150398,0.9999731183052063,-0.08805560320615768,-0.01732000708580017,-0.03176787495613098,0.9999617338180542,0.12722720205783844,0.42625290155410767,-0.03511304035782814,0.12121456116437912,-0.041868656873703,0.28946155309677124,-0.12268275767564774,0.27154651284217834,0.06974916905164719,0.441407173871994,0.3830871284008026,0.05021364241838455,-0.08386582881212234,0.45501554012298584,0.24113459885120392,0.06170506402850151
45,0.003237553173676133,-0.1759130358695984,-0.32202592492103577,0.9974656105041504,0.022047562524676323,-0.166361004114151,-0.3421284854412079,0.9976767897605896,0.020112086087465286,-0.1791025698184967,-0.3750767409801483,0.9960218071937561,0.08339455723762512,-0.22356173396110535,-0.3398389220237732,0.9994655251502991,-0.007257665041834116,-0.20708702504634857,-0.36131545901298523,0.9937908053398132,0.181339830160141,-0.25598353147506714,-0.22980794310569763,0.999996542930603,-0.06071696802973747,-0.4497063457965851,-0.14673003554344177,0.9999481439590454,0.2432946413755417,-0.09960417449474335,-0.26921114325523376,0.6791952252388,-0.10810429602861404,-0.4621069133281708,-0.030105730518698692,0.13791772723197937,0.046518467366695404,-0.027666326612234116,-0.2563530504703522,0.6121504902839661,-0.18869228661060333,-0.4962737560272217,0.08194848895072937,0.1691485047340393,0.09204915165901184,0.012666605412960052,0.03221027925610542,0.9999744892120361,-0.08817503601312637,-0.017672516405582428,-0.031936001032590866,0.9999638199806213,0.11178280413150787,0.42547541856765747,-0.02339722029864788,0.1115168109536171,-0.048861920833587646,0.28815680742263794,-0.09152258932590485,0.2553398609161377,0.067242331802845,0.44847631454467773,0.3831614851951599,0.04530167207121849,-0.08849196135997772,0.4818630814552307,0.24836952984333038,0.05655656382441521
46,-0.008361240848898888,-0.176589235663414,-0.3622749149799347,0.9974433183670044,0.007645761128515005,-0.16901454329490662,-0.37986400723457336,0.9976096153259277,0.002545709256082773,-0.17970050871372223,-0.4157297909259796,0.9959041476249695,0.07048869878053665,-0.23051859438419342,-0.36293357610702515,0.9994480609893799,-0.024813605472445488,-0.20796974003314972,-0.38244467973709106,0.99342942237854,0.17760756611824036,-0.2578892111778259,-0.23487183451652527,0.9999966621398926,-0.07961658388376236,-0.4359545111656189,-0.1762370616197586,0.999944269657135,0.23991963267326355,-0.09507603198289871,-0.2648071050643921,0.6989732980728149,-0.11926940083503723,-0.37106719613075256,-0.11887513846158981,0.14187176525592804,0.09378756582736969,0.014880669303238392,-0.2546515464782715,0.6278223395347595,-0.07078059017658234,-0.30703064799308777,-0.043871112167835236,0.15384793281555176,0.09212035685777664,0.011782143265008926,0.03343258053064346,0.9999743700027466,-0.08837026357650757,-0.016836009919643402,-0.03290547803044319,0.9999627470970154,0.11046209931373596,0.3993809223175049,-0.025138095021247864,0.10665979981422424,-0.05057867616415024,0.28498438000679016,-0.09412286430597305,0.24820569157600403,0.06763709336519241,0.5147189497947693,0.3037989139556885,0.0415295772254467,-0.10132395476102829,0.5550721883773804,0.20124828815460205,0.05429168418049812
47,-0.013881062157452106,-0.16377133131027222,-0.5666395425796509,0.9976977705955505,-0.006058408413082361,-0.1694495677947998,-0.5794093608856201,0.9978477954864502,-0.013701164163649082,-0.17501609027385712,-0.6198843717575073,0.996311604976654,0.055159494280815125,-0.23045805096626282,-0.5189603567123413,0.999502956867218,-0.06660734117031097,-0.18176701664924622,-0.5349606275558472,0.9940788745880127,0.15628306567668915,-0.24208064377307892,-0.31139418482780457,0.9999969601631165,-0.10704079270362854,-0.3542868196964264,-0.2297714501619339,0.9999409914016724,0.2227392941713333,-0.0832890197634697,-0.24896375834941864,0.7283002138137817,-0.1609896421432495,-0.26269230246543884,-0.0935545414686203,0.15860100090503693,0.2008531540632248,0.14995916187763214,-0.1450037807226181,0.664811372756958,-0.1899295151233673,-0.1818094402551651,-0.0020827632397413254,0.15422706305980682,0.09391847252845764,0.01120130904018879,0.034258246421813965,0.999972939491272,-0.09031741321086884,-0.01667099818587303,-0.03427381440997124,0.9999556541442871,0.10872446745634079,0.39771485328674316,-0.0251358300447464,0.1657467931509018,-0.05992738530039787,0.2715805172920227,-0.09645204246044159,0.31403791904449463,0.06573885679244995,0.6773300766944885,0.12340158224105835,0.10931363701820374,-0.11204609274864197,0.6526713371276855,0.031103873625397682,0.13217246532440186
48,-0.022517791017889977,-0.3134736716747284,-0.5325587391853333,0.9979274868965149,-0.01374389510601759,-0.33465608954429626,-0.543351411819458,0.9980624318122864,-0.022278105840086937,-0.33222684264183044,-0.5760713219642639,0.9966795444488525,0.05649573355913162,-0.38932159543037415,-0.482437402009964,0.9995523691177368,-0.06909181922674179,-0.3223874568939209,-0.47562554478645325,0.9946686625480652,0.15669985115528107,-0.32676103711128235,-0.2873484492301941,0.999997079372406,-0.10157860815525055,-0.4228387773036957,-0.21340414881706238,0.999943733215332,0.2230939120054245,-0.145980104804039,-0.23016758263111115,0.751416802406311,-0.19102464616298676,-0.33637580275535583,0.029369128867983818,0.18452927470207214,0.2965686023235321,0.09629662334918976,-0.11198923736810684,0.6963650584220886,-0.30519673228263855,-0.24618658423423767,0.19145703315734863,0.19665326178073883,0.09418986737728119,0.011880139820277691,0.02211560308933258,0.999946653842926,-0.09063489735126495,-0.017948420718312263,-0.02392546273767948,0.9999184608459473,0.09814310073852539,0.3913688063621521,-0.02529124915599823,0.18901784718036652,-0.0770990252494812,0.2759263515472412,0.007865337654948235,0.33399805426597595,0.11110267788171768,0.7053101658821106,0.12044060230255127,0.13123632967472076,-0.13340610265731812,0.6596269011497498,0.05087753012776375,0.1522977352142334
49,-0.021955739706754684,-0.382053941488266,-0.5329307317733765,0.9981346130371094,-0.011780355125665665,-0.4057307243347168,-0.5386736989021301,0.9982559084892273,-0.021515293046832085,-0.40553125739097595,-0.567768931388855,0.9970113635063171,0.0658358708024025,-0.44904765486717224,-0.46248459815979004,0.9995970129966736,-0.0659317672252655,-0.39110952615737915,-0.44561639428138733,0.9952014088630676,0.17539289593696594,-0.3596343696117401,-0.2729114294052124,0.9999971389770508,-0.09928454458713531,-0.4667879045009613,-0.15666767954826355,0.9999486207962036,0.26177453994750977,-0.17890435457229614,-0.21699342131614685,0.7758998870849609,-0.18631745874881744,-0.33021244406700134,0.052841588854789734,0.26185905933380127,0.38559848070144653,0.06981084495782852,-0.13342472910881042,0.726542055606842,-0.3281864821910858,-0.22726304829120636,0.16124491393566132,0.27648091316223145,0.09470340609550476,0.014822223223745823,0.01503107137978077,0.9999251961708069,-0.09144874662160873,-0.02133842557668686,-0.01693134941160679,0.9999057054519653,0.09625466912984848,0.39442479610443115,-0.03364738076925278,0.2585234045982361,-0.08361860364675522,0.27841418981552124,0.012924816459417343,0.39243030548095703,0.11277816444635391,0.7141782641410828,0.14539237320423126,0.18027378618717194,-0.14081932604312897,0.6726466417312622,0.06018338352441788,0.2074865847826004
50,-0.02685980685055256,-0.4536527693271637,-0.5033666491508484,0.998320996761322,-0.014447336085140705,-0.48148056864738464,-0.5042575001716614,0.9984297752380371,-0.028858933597803116,-0.48423317074775696,-0.5317918658256531,0.9973100423812866,0.06895872205495834,-0.5108288526535034,-0.44781261682510376,0.9996369481086731,-0.07189948111772537,-0.4605090022087097,-0.39142364263534546,0.9956809282302856,0.18744312226772308,-0.39839839935302734,-0.22549107670783997,0.9999958872795105,-0.096689872443676,-0.49310317635536194,-0.11875687539577484,0.9999530911445618,0.3199445903301239,-0.24405315518379211,-0.16897539794445038,0.7978268265724182,-0.21549607813358307,-0.325308233499527,0.047534823417663574,0.33539631962776184,0.5029274225234985,-0.05249952897429466,-0.09429054707288742,0.7533782124519348,-0.41572681069374084,-0.22749394178390503,0.02563641034066677,0.3487946093082428,0.09474270045757294,0.01542018074542284,0.014087814837694168,0.9999082088470459,-0.09171042591333389,-0.02180282399058342,-0.01520183403044939,0.9999039173126221,0.10259759426116943,0.39640703797340393,-0.03708038479089737,0.32778751850128174,-0.08356229960918427,0.28658995032310486,0.008957596495747566,0.449720561504364,0.11171527951955795,0.7249155640602112,0.161934956908226,0.24350807070732117,-0.13695403933525085,0.6869377493858337,0.08811352401971817,0.27609899640083313
51,-0.02610749378800392,-0.4965732991695404,-0.48530688881874084,0.9984883666038513,-0.013202465139329433,-0.5228421688079834,-0.45507121086120605,0.9985847473144531,-0.02729487046599388,-0.5287972688674927,-0.48143428564071655,0.9975780844688416,0.07744558155536652,-0.5410382747650146,-0.3461446762084961,0.9996716380119324,-0.06964752078056335,-0.49997827410697937,-0.30013641715049744,0.9961102604866028,0.19171789288520813,-0.4189469516277313,-0.15089952945709229,0.9999929666519165,-0.09692534059286118,-0.5016652345657349,-0.07137282937765121,0.9999530911445618,0.3609061539173126,-0.32290419936180115,-0.11328990012407303,0.8176162838935852,-0.2562934160232544,-0.32108074426651,-0.023909715935587883,0.40121451020240784,0.571863055229187,-0.28978684544563293,-0.07639508694410324,0.7777292728424072,-0.4805198311805725,-0.28277406096458435,-0.12502682209014893,0.4135975241661072,0.09426175802946091,0.015117944218218327,0.014862542040646076,0.9999062418937683,-0.09148022532463074,-0.020953522995114326,-0.01535356417298317,0.9999046325683594,0.11691543459892273,0.4039461016654968,-0.0422649085521698,0.39191749691963196,-0.08262542635202408,0.3073890507221222,-0.0073891738429665565,0.5008527040481567,0.11891569197177887,0.7560112476348877,0.113432876765728,0.3134307861328125,-0.132456436753273,0.7022476196289062,0.12779803574085236,0.34307482838630676
52,-0.023939792066812515,-0.5499611496925354,-0.3387758731842041,0.9986386895179749,-0.008353469893336296,-0.5727859139442444,-0.3210422396659851,0.9987220764160156,-0.02538023144006729,-0.580152153968811,-0.35307449102401733,0.9978189468383789,0.07954686135053635,-0.5780305862426758,-0.2175387293100357,0.9997001886367798,-0.07115889340639114,-0.5430761575698853,-0.19582274556159973,0.9964948892593384,0.19052855670452118,-0.44788071513175964,-0.05021063610911369,0.9999883770942688,-0.10777562111616135,-0.5161704421043396,0.010380915366113186,0.9999528527259827,0.371250182390213,-0.39205536246299744,-0.05749835819005966,0.8341326713562012,-0.27183863520622253,-0.33848974108695984,-0.031093308702111244,0.45797598361968994,0.49213314056396484,-0.5280072093009949,-0.10375621169805527,0.7995707988739014,-0.43319666385650635,-0.4219304323196411,-0.20517878234386444,0.4720152020454407,0.09408758580684662,0.011670521460473537,0.015924090519547462,0.9999057650566101,-0.09133616089820862,-0.016773652285337448,-0.015692932531237602,0.9999058842658997,0.12709972262382507,0.4048056900501251,-0.046892184764146805,0.4438999891281128,-0.08160917460918427,0.31880149245262146,-0.018236806616187096,0.5384079813957214,0.12897881865501404,0.7574074864387512,0.11114774644374847,0.3730268180370331,-0.12689091265201569,0.7046269178390503,0.14271315932273865,0.4009718894958496
53,-0.018080784007906914,-0.5900899171829224,-0.24824728071689606,0.9987735152244568,-0.002388413529843092,-0.6118886470794678,-0.2299828678369522,0.9988440275192261,-0.024393413215875626,-0.6175569295883179,-0.26634979248046875,0.9980344176292419,0.07937255501747131,-0.6046924591064453,-0.1339130699634552,0.9997251033782959,-0.07652931660413742,-0.5606175661087036,-0.1231284961104393,0.9968364238739014,0.18972715735435486,-0.4680536389350891,-0.0038886801339685917,0.9999803900718689,-0.11946161091327667,-0.5132381916046143,0.050022438168525696,0.9999282956123352,0.35900241136550903,-0.46400687098503113,-0.07556690275669098,0.8490376472473145,-0.2703206241130829,-0.3702009320259094,-0.05889447033405304,0.5055958032608032,0.41927313804626465,-0.6295725703239441,-0.10728317499160767,0.8191548585891724,-0.3573104739189148,-0.5551631450653076,-0.20131905376911163,0.5239980220794678,0.09408542513847351,0.00723385950550437,0.01617342233657837,0.9999088644981384,-0.0913388580083847,-0.012016614899039268,-0.016185138374567032,0.9999077916145325,0.12642507255077362,0.41242411732673645,-0.04594891518354416,0.48077404499053955,-0.08060882985591888,0.32824450731277466,-0.020224882289767265,0.55291748046875,0.1323869228363037,0.7674766778945923,0.12215744704008102,0.42404550313949585,-0.12202583998441696,0.7114176750183105,0.15805558860301971,0.4480786621570587
54,-0.018628744408488274,-0.6073645949363708,-0.2580520808696747,0.9988943934440613,-0.0036552962847054005,-0.6272087097167969,-0.23967836797237396,0.9989531636238098,-0.026058562099933624,-0.6331951022148132,-0.27041560411453247,0.9982276558876038,0.07641289383172989,-0.6062082648277283,-0.1529698371887207,0.9997490644454956,-0.08057873696088791,-0.5637442469596863,-0.1308336704969406,0.9971448183059692,0.1831766963005066,-0.4650440812110901,-0.02475113607943058,0.9999757409095764,-0.1282273679971695,-0.5173708200454712,0.04678504914045334,0.9999237060546875,0.34373313188552856,-0.5052953958511353,-0.04038705304265022,0.8636354804039001,-0.2825493812561035,-0.41657257080078125,-0.053842734545469284,0.5536463260650635,0.21502527594566345,-0.593295693397522,0.08890853822231293,0.8346495628356934,-0.22929660975933075,-0.5251687169075012,-0.12140704691410065,0.5705572366714478,0.0940089076757431,0.005631278734654188,0.016601823270320892,0.9999051094055176,-0.09134497493505478,-0.010561046190559864,-0.016548633575439453,0.999904990196228,0.12673327326774597,0.41265299916267395,-0.0454341396689415,0.5237937569618225,-0.08151137083768845,0.3284685015678406,-0.024065401405096054,0.5827849507331848,0.14292564988136292,0.765840470790863,0.11299174278974533,0.4726690948009491,-0.12167755514383316,0.712870717048645,0.15239359438419342,0.4930580258369446
55,-0.0207987017929554,-0.60196852684021,-0.2913357615470886,0.9990041851997375,-0.0036282907240092754,-0.6208529472351074,-0.2757642865180969,0.9990549087524414,-0.02706206776201725,-0.6288264989852905,-0.3084765076637268,0.9984032511711121,0.07546902447938919,-0.6015508770942688,-0.19479700922966003,0.9997723698616028,-0.07843194901943207,-0.5633194446563721,-0.1733449101448059,0.9974249005317688,0.18304328620433807,-0.4637172818183899,-0.06804332137107849,0.9999765753746033,-0.13325856626033783,-0.5145676732063293,0.018088815733790398,0.9999276399612427,0.33880433440208435,-0.41989845037460327,-0.19737999141216278,0.876747727394104,-0.2884228527545929,-0.3719460666179657,-0.19735614955425262,0.596834659576416,0.194336399435997,-0.42482927441596985,-0.2880491018295288,0.8505498766899109,-0.18689334392547607,-0.38407811522483826,-0.39032885432243347,0.6131168007850647,0.09400315582752228,0.0026671362575143576,0.018038002774119377,0.9999029636383057,-0.09137818962335587,-0.007629574742168188,-0.01738649047911167,0.9999019503593445,0.12619267404079437,0.41421496868133545,-0.044973116368055344,0.5470551252365112,-0.08114858716726303,0.3329833745956421,-0.022554410621523857,0.5906782150268555,0.13990318775177002,0.7590806484222412,0.12787184119224548,0.5027816295623779,-0.12119047343730927,0.7153627276420593,0.16572485864162445,0.5214817523956299
56,-0.023266667500138283,-0.6251553893089294,-0.2878977954387665,0.9991027116775513,-0.004083558917045593,-0.6447657346725464,-0.2717031240463257,0.9991452693939209,-0.02785278484225273,-0.6508480906486511,-0.3036647140979767,0.99856036901474,0.07291851192712784,-0.6251993179321289,-0.1894463747739792,0.9997912049293518,-0.07691869884729385,-0.5839595794677734,-0.16577313840389252,0.9976697564125061,0.18232595920562744,-0.4802872836589813,-0.05268247053027153,0.9999781250953674,-0.13217440247535706,-0.5241710543632507,0.0229006540030241,0.9999318718910217,0.3459250032901764,-0.38301557302474976,-0.080206498503685,0.8879419565200806,-0.2847396731376648,-0.33875367045402527,-0.013895939104259014,0.6349587440490723,0.25734513998031616,-0.29020702838897705,-0.18994273245334625,0.8646811246871948,-0.2168596237897873,-0.23133817315101624,-0.21046225726604462,0.6502248048782349,0.09393403679132462,0.002534593688324094,0.01719401590526104,0.9999048113822937,-0.09127560257911682,-0.0070602865889668465,-0.016091909259557724,0.9999020099639893,0.12949980795383453,0.41422826051712036,-0.05412469804286957,0.5779150128364563,-0.08092520385980606,0.3297862410545349,-0.023935936391353607,0.6122450232505798,0.14884169399738312,0.7702838182449341,0.055838413536548615,0.5423722267150879,-0.12012279033660889,0.7289836406707764,0.13234736025333405,0.5565814971923828
57,-0.0243295319378376,-0.6178301572799683,-0.29797348380088806,0.99919193983078,-0.00504731759428978,-0.6380770206451416,-0.2900424301624298,0.9992281794548035,-0.029606502503156662,-0.6429262161254883,-0.3220885097980499,0.9987032413482666,0.07106470316648483,-0.6267622709274292,-0.2071070373058319,0.999809205532074,-0.0797569528222084,-0.5770460367202759,-0.1874362677335739,0.9978984594345093,0.18244172632694244,-0.4772872030735016,-0.06764953583478928,0.9999793767929077,-0.13175834715366364,-0.5249698162078857,0.007564448285847902,0.9999373555183411,0.3495091497898102,-0.368396520614624,-0.057265400886535645,0.8987345099449158,-0.27983713150024414,-0.31990939378738403,0.015810992568731308,0.6709503531455994,0.44801968336105347,-0.2004883885383606,-0.06844719499349594,0.877794086933136,-0.36263132095336914,-0.14757981896400452,-0.09865964949131012,0.6849240660667419,0.09388021379709244,0.002645700005814433,0.0165562704205513,0.9999104142189026,-0.09115498512983322,-0.007200038526207209,-0.01518577802926302,0.9999083280563354,0.13679449260234833,0.41235533356666565,-0.049772415310144424,0.613231897354126,-0.07916340231895447,0.3265606164932251,-0.014945365488529205,0.6431613564491272,0.14811886847019196,0.7577323317527771,0.09046783298254013,0.5809198617935181,-0.1140536516904831,0.7133989930152893,0.1382289081811905,0.5935106873512268
58,-0.02421555295586586,-0.6000601053237915,-0.33104267716407776,0.9992724061012268,-0.004996183328330517,-0.6205586791038513,-0.31047722697257996,0.9993036389350891,-0.029419871047139168,-0.6251657009124756,-0.3444313406944275,0.9988321661949158,0.07059923559427261,-0.6133434176445007,-0.21631787717342377,0.999826192855835,-0.08108024299144745,-0.5615878701210022,-0.1942528784275055,0.9981052279472351,0.18107520043849945,-0.46866360306739807,-0.07390528172254562,0.9999805092811584,-0.13051696121692657,-0.521738588809967,-0.0006228950223885477,0.9999421238899231,0.34748128056526184,-0.36103111505508423,-0.07409343868494034,0.9079919457435608,-0.2752559781074524,-0.2997837960720062,0.007001419551670551,0.7028664946556091,0.49097132682800293,-0.19221846759319305,-0.07893451303243637,0.8888774514198303,-0.43212419748306274,-0.14408083260059357,-0.08910984545946121,0.7157147526741028,0.09308507293462753,0.0027709652204066515,0.01495388150215149,0.9999166131019592,-0.09022939950227737,-0.007170741446316242,-0.013241758570075035,0.9999150037765503,0.13643597066402435,0.4124034345149994,-0.04370848461985588,0.6461670398712158,-0.07042121887207031,0.3252996802330017,0.0006534860003739595,0.6706300973892212,0.1464962214231491,0.7586936354637146,0.10246263444423676,0.6171969175338745,-0.10426142066717148,0.7147060632705688,0.14050181210041046,0.6282370090484619
59,-0.02417069487273693,-0.5906412601470947,-0.3561251759529114,0.9993449449539185,-0.004947637673467398,-0.6110867261886597,-0.33350563049316406,0.9993723034858704,-0.029270052909851074,-0.6160823702812195,-0.36769038438796997,0.9989485740661621,0.07052280753850937,-0.6050279140472412,-0.22371776401996613,0.9998422265052795,-0.08154641836881638,-0.5543838739395142,-0.20587827265262604,0.9982929229736328,0.1784457266330719,-0.46362054347991943,-0.0774029940366745,0.999981701374054,-0.12967334687709808,-0.5197819471359253,-0.0018165273359045386,0.9999470114707947,0.3444109261035919,-0.3572733402252197,-0.08020324259996414,0.9160652160644531,-0.27295249700546265,-0.2969038486480713,0.001273743575438857,0.7317227721214294,0.4843713641166687,-0.18124611675739288,-0.0794755071401596,0.8984407186508179,-0.43786802887916565,-0.1432412713766098,-0.08726231753826141,0.7436218857765198,0.09246876835823059,0.0028627123683691025,0.014347393065690994,0.9999219179153442,-0.08958879858255386,-0.007144434377551079,-0.012450207956135273,0.9999210834503174,0.1354210525751114,0.41251254081726074,-0.04181114584207535,0.6732053160667419,-0.06693562865257263,0.3245137333869934,0.003950513433665037,0.6930426955223083,0.14579297602176666,0.7577871680259705,0.10469939559698105,0.6449740529060364,-0.10411908477544785,0.7150193452835083,0.14578503370285034,0.656652569770813
60,-0.02465590462088585,-0.5778406262397766,-0.3825436234474182,0.9994101524353027,-0.005107776261866093,-0.5984100103378296,-0.3621378242969513,0.9994333982467651,-0.029883014038205147,-0.6036447882652283,-0.3951943814754486,0.9990530610084534,0.0708436444401741,-0.5972568392753601,-0.24869820475578308,0.999855637550354,-0.0821843072772026,-0.5476405024528503,-0.2297234833240509,0.9984604120254517,0.17848803102970123,-0.4615338444709778,-0.08212953060865402,0.9999824166297913,-0.12924036383628845,-0.5181015729904175,-0.019431253895163536,0.9999510645866394,0.34306201338768005,-0.3535042405128479,-0.0816238671541214,0.9232152700424194,-0.2713681161403656,-0.2953377962112427,-7.998835644684732e-05,0.7577547430992126,0.48357439041137695,-0.17071528732776642,-0.07959553599357605,0.9072100520133972,-0.4387509524822235,-0.14170631766319275,-0.0896395742893219,0.7687569856643677,0.0924665704369545,0.002941237995401025,0.015163706615567207,0.9999250173568726,-0.08958672732114792,-0.007192998193204403,-0.013125588186085224,0.9999252557754517,0.13498196005821228,0.4125548303127289,-0.038521647453308105,0.6958115696907043,-0.066851906478405,0.3237014412879944,1.888591577881016e-05,0.7144263982772827,0.14623937010765076,0.756964385509491,0.10222017765045166,0.671094536781311,-0.10647258162498474,0.71296226978302,0.14430466294288635,0.6823888421058655
61,-0.024589119479060173,-0.5707924962043762,-0.3897046446800232,0.9994688630104065,-0.005060901399701834,-0.5914852023124695,-0.37127310037612915,0.9994887113571167,-0.029716642573475838,-0.5966354608535767,-0.40396997332572937,0.9991472363471985,0.07120858132839203,-0.5933763384819031,-0.2602742910385132,0.9998681545257568,-0.08195705711841583,-0.5431589484214783,-0.24172796308994293,0.998612105846405,0.17848996818065643,-0.4611135721206665,-0.0851447805762291,0.9999832510948181,-0.12858667969703674,-0.5168976187705994,-0.024151083081960678,0.9999550580978394,0.3416942358016968,-0.351013720035553,-0.08106119185686111,0.9296475648880005,-0.2697841227054596,-0.2950350046157837,-0.003451728727668524,0.7813230156898499,0.4809293746948242,-0.16844362020492554,-0.07816030085086823,0.9151313304901123,-0.4386956989765167,-0.13881196081638336,-0.08626223355531693,0.7915457487106323,0.09233115613460541,0.0029991939663887024,0.01527324691414833,0.9999279379844666,-0.08944147825241089,-0.007243388332426548,-0.01327450666576624,0.9999293684959412,0.13446801900863647,0.4132351279258728,-0.03797973692417145,0.7170262932777405,-0.06679615378379822,0.3234180212020874,-0.0024262999650090933,0.7345390319824219,0.1465200036764145,0.7606871128082275,0.10272902250289917,0.6931895613670349,-0.10656845569610596,0.7154550552368164,0.13924333453178406,0.7054563164710999
62,-0.024648934602737427,-0.5698477029800415,-0.387008398771286,0.9995216727256775,-0.0050312974490225315,-0.5908289551734924,-0.36951977014541626,0.9995381832122803,-0.029643487185239792,-0.5962225198745728,-0.40157902240753174,0.9992318153381348,0.07223113626241684,-0.5941207408905029,-0.26163914799690247,0.999879002571106,-0.08160844445228577,-0.5446389317512512,-0.24198013544082642,0.9987478256225586,0.17910201847553253,-0.4632963538169861,-0.08679991215467453,0.9999840259552002,-0.12828822433948517,-0.5168849229812622,-0.024860717356204987,0.9999585747718811,0.3421129584312439,-0.3489072918891907,-0.08197344839572906,0.9355523586273193,-0.26864516735076904,-0.2970002293586731,-0.00024413542996626347,0.8024255633354187,0.4836525321006775,-0.17517615854740143,-0.0806012973189354,0.9224572777748108,-0.43686211109161377,-0.13834308087825775,-0.07908030599355698,0.8120139837265015,0.0920998677611351,0.00308063137345016,0.015311842784285545,0.9999291896820068,-0.08919137716293335,-0.007283924613147974,-0.013321013189852238,0.9999318718910217,0.13374541699886322,0.4134211540222168,-0.037877216935157776,0.7287182211875916,-0.06667111068964005,0.323022723197937,-0.0014728499809280038,0.7443907856941223,0.1451467126607895,0.7604841589927673,0.10551078617572784,0.702873945236206,-0.10805723816156387,0.7138250470161438,0.1401151567697525,0.7168779373168945
63,-0.025075586512684822,-0.5677253603935242,-0.40145352482795715,0.999569296836853,-0.005360634531825781,-0.5878662467002869,-0.3852718472480774,0.9995831251144409,-0.029943307861685753,-0.5932796597480774,-0.4168896973133087,0.9993081092834473,0.07221616804599762,-0.5906937122344971,-0.2809702455997467,0.9998894333839417,-0.08134935051202774,-0.5417434573173523,-0.2586895823478699,0.9988706111907959,0.179071843624115,-0.46168774366378784,-0.10774847865104675,0.999984860420227,-0.12762267887592316,-0.5164223313331604,-0.034433115273714066,0.9999617338180542,0.34141284227371216,-0.347369909286499,-0.08491086214780807,0.9411831498146057,-0.2683376371860504,-0.29426857829093933,-0.0012135060969740152,0.8214607238769531,0.4805721342563629,-0.17326942086219788,-0.0824986919760704,0.929413914680481,-0.4347169101238251,-0.13316740095615387,-0.07950860261917114,0.8304464221000671,0.09129075706005096,0.0031835283152759075,0.014978363178670406,0.9999288320541382,-0.08842135220766068,-0.007317340932786465,-0.012990476563572884,0.9999328255653381,0.13340841233730316,0.41336768865585327,-0.03765314817428589,0.7367228865623474,-0.06649242341518402,0.32275640964508057,0.0009331767214462161,0.7495885491371155,0.14426420629024506,0.7586756348609924,0.10679282993078232,0.7060052156448364,-0.10757490247488022,0.713076651096344,0.14270883798599243,0.7230367660522461
64,-0.025452762842178345,-0.5672006011009216,-0.41439783573150635,0.9996120929718018,-0.005546526052057743,-0.5869473814964294,-0.39878979325294495,0.9996234178543091,-0.03006785176694393,-0.5922247171401978,-0.4306280314922333,0.9993767142295837,0.07226073741912842,-0.5889407992362976,-0.29701197147369385,0.9998986124992371,-0.08116680383682251,-0.5403751730918884,-0.2740735709667206,0.9989809393882751,0.17908717691898346,-0.46048909425735474,-0.12268839031457901,0.9999855160713196,-0.1273939311504364,-0.5144636631011963,-0.052774690091609955,0.9999644756317139,0.3411955237388611,-0.3433031737804413,-0.09458070993423462,0.9460710287094116,-0.26786404848098755,-0.2901780903339386,-0.022415339946746826,0.8386528491973877,0.4763185679912567,-0.16998791694641113,-0.0927325189113617,0.9353902339935303,-0.4313753545284271,-0.12952975928783417,-0.09700079262256622,0.8469858169555664,0.09125678986310959,0.0032466426491737366,0.015212798491120338,0.9999299645423889,-0.08840164542198181,-0.007351497188210487,-0.013192128390073776,0.9999348521232605,0.1341276913881302,0.4134173095226288,-0.03723852336406708,0.750813364982605,-0.06745190173387527,0.32268908619880676,-0.00017058919183909893,0.7623124122619629,0.1451365202665329,0.7589049339294434,0.10270839929580688,0.7200664281845093,-0.108962282538414,0.7134166359901428,0.143606498837471,0.7368838787078857
65,-0.025964394211769104,-0.5649635791778564,-0.4157772958278656,0.9996505975723267,-0.005791364703327417,-0.5849330425262451,-0.3998816907405853,0.999659538269043,-0.030454842373728752,-0.5902919769287109,-0.43139564990997314,0.9994384050369263,0.072403684258461,-0.5875832438468933,-0.29769906401634216,0.9999066591262817,-0.08103281259536743,-0.5390297770500183,-0.27479255199432373,0.9990800023078918,0.1791813224554062,-0.45967626571655273,-0.12549510598182678,0.9999860525131226,-0.12703244388103485,-0.5142382383346558,-0.05493573471903801,0.9999670386314392,0.3407832980155945,-0.34210941195487976,-0.09680034220218658,0.9505100250244141,-0.26723650097846985,-0.2896689772605896,-0.02642808109521866,0.8541967272758484,0.4759156405925751,-0.17056024074554443,-0.09849665313959122,0.9409573674201965,-0.42962366342544556,-0.13014435768127441,-0.1049189567565918,0.8620051145553589,0.09125343710184097,0.0032927654683589935,0.0156016293913126,0.9999297857284546,-0.08840508759021759,-0.007384301163256168,-0.013536003418266773,0.9999358654022217,0.1352284848690033,0.4134368896484375,-0.03692100569605827,0.7590637803077698,-0.06759942322969437,0.3225013017654419,-0.0008937902748584747,0.7704417109489441,0.14458240568637848,0.7584347724914551,0.10397268831729889,0.7272851467132568,-0.1097799763083458,0.712561309337616,0.14497032761573792,0.7454214096069336
66,-0.026600632816553116,-0.5636070370674133,-0.41052740812301636,0.9996852874755859,-0.006053461227566004,-0.5837904214859009,-0.3948022425174713,0.9996921420097351,-0.030754512175917625,-0.5892751812934875,-0.4262734651565552,0.9994940161705017,0.0726911649107933,-0.5868774652481079,-0.2943257689476013,0.9999139904975891,-0.08087660372257233,-0.5383596420288086,-0.2721830904483795,0.999169647693634,0.17982026934623718,-0.45904216170310974,-0.12499181181192398,0.9999865293502808,-0.12581418454647064,-0.5140016674995422,-0.053627096116542816,0.9999695420265198,0.3404974043369293,-0.33974364399909973,-0.09746488183736801,0.9543642997741699,-0.2667703330516815,-0.28900405764579773,-0.025624003261327744,0.8682228922843933,0.4786047041416168,-0.16774016618728638,-0.09917961806058884,0.9456362128257751,-0.4284275770187378,-0.12425226718187332,-0.1042584553360939,0.8755382895469666,0.09109483659267426,0.0034895099233835936,0.015637291595339775,0.9999311566352844,-0.08825468271970749,-0.007503024302423,-0.01358440425246954,0.9999382495880127,0.1327354460954666,0.41389209032058716,-0.036751002073287964,0.7688184976577759,-0.06878155469894409,0.3222861588001251,-0.0006754172500222921,0.7796491980552673,0.13466934859752655,0.7584840655326843,0.10462337732315063,0.736422061920166,-0.11159461736679077,0.7119817733764648,0.14591825008392334,0.7559192776679993
67,-0.02771143801510334,-0.5638934373855591,-0.4078260362148285,0.9997162818908691,-0.006478252820670605,-0.5842567086219788,-0.3925761282444,0.9997204542160034,-0.03138502687215805,-0.5901040434837341,-0.4249524772167206,0.9995436668395996,0.0733959749341011,-0.5877017974853516,-0.293679803609848,0.9999191164970398,-0.08078281581401825,-0.5403615832328796,-0.26649945974349976,0.9992485642433167,0.1802072674036026,-0.4594039022922516,-0.12271641939878464,0.9999866485595703,-0.12409655004739761,-0.5142809748649597,-0.05096102133393288,0.9999715089797974,0.34064823389053345,-0.33957603573799133,-0.09768655896186829,0.957741916179657,-0.25950008630752563,-0.2891239821910858,-0.019968906417489052,0.8806473612785339,0.4788229763507843,-0.16942809522151947,-0.101119264960289,0.9499174356460571,-0.42500317096710205,-0.1206202432513237,-0.09780702739953995,0.8876889944076538,0.0910605788230896,0.0037328237667679787,0.015735473483800888,0.9999306797981262,-0.08821351081132889,-0.0076635852456092834,-0.01368013210594654,0.9999390840530396,0.132563054561615,0.41402798891067505,-0.03656379505991936,0.7758549451828003,-0.07035300135612488,0.32204532623291016,-0.0013575449120253325,0.787900447845459,0.13303017616271973,0.7589752674102783,0.10509369522333145,0.7458146214485168,-0.11717953532934189,0.7115405201911926,0.14848627150058746,0.7650012969970703
68,-0.029152164235711098,-0.5619479417800903,-0.4181303381919861,0.9997444152832031,-0.006954876706004143,-0.582073986530304,-0.40238696336746216,0.9997472763061523,-0.03181248530745506,-0.5888206958770752,-0.4334886372089386,0.9995887875556946,0.07379310578107834,-0.5848815441131592,-0.30341508984565735,0.9999256730079651,-0.08044176548719406,-0.5401609539985657,-0.2743038833141327,0.9993213415145874,0.1801609992980957,-0.45753082633018494,-0.1360563337802887,0.9999872446060181,-0.12234185636043549,-0.5112879872322083,-0.05742384493350983,0.9999732375144958,0.3375934064388275,-0.3375217020511627,-0.11533302813768387,0.9613568186759949,-0.24295386672019958,-0.27508729696273804,-0.023716120049357414,0.8916776776313782,0.4747729003429413,-0.1670072376728058,-0.11798805743455887,0.9543913006782532,-0.42271503806114197,-0.10369061678647995,-0.09751591831445694,0.898535966873169,0.09082014113664627,0.00402533495798707,0.015418343245983124,0.9999307990074158,-0.08796684443950653,-0.007836563512682915,-0.013388846069574356,0.9999391436576843,0.13146892189979553,0.41407984495162964,-0.0369463711977005,0.7816603183746338,-0.07191276550292969,0.32136619091033936,-0.0007814031559973955,0.7910068035125732,0.12755455076694489,0.7585698366165161,0.10399791598320007,0.7512491941452026,-0.11652112007141113,0.7113127708435059,0.14899060130119324,0.7696383595466614
69,-0.028726380318403244,-0.5615782737731934,-0.42514505982398987,0.9997698068618774,-0.0066442666575312614,-0.581742525100708,-0.40854471921920776,0.999771773815155,-0.031475815922021866,-0.5884736776351929,-0.44057872891426086,0.999629557132721,0.07380194216966629,-0.5847148299217224,-0.30743443965911865,0.999932050704956,-0.08032780885696411,-0.5391678214073181,-0.2838071882724762,0.9993876218795776,0.17852501571178436,-0.4572172462940216,-0.1440829485654831,0.9999879002571106,-0.12110745161771774,-0.5072431564331055,-0.06146140396595001,0.9999749064445496,0.33517366647720337,-0.33582237362861633,-0.12283381819725037,0.9646714329719543,-0.23115476965904236,-0.2641717791557312,-0.024995628744363785,0.9016323089599609,0.4724466800689697,-0.1664888858795166,-0.12310667335987091,0.9584642052650452,-0.4135521650314331,-0.09330170601606369,-0.09589414298534393,0.908349335193634,0.09018667042255402,0.0041935015469789505,0.014675619080662727,0.9999307990074158,-0.08731089532375336,-0.007933606393635273,-0.012709077447652817,0.9999390244483948,0.12746447324752808,0.41410309076309204,-0.03723489120602608,0.7920082211494446,-0.07270089536905289,0.3207789957523346,0.0018095985287800431,0.7971135377883911,0.1142934039235115,0.7582283020019531,0.10119865834712982,0.7617507576942444,-0.11602244526147842,0.7113532423973083,0.14935815334320068,0.7785045504570007
70,-0.02840300090610981,-0.5611296892166138,-0.42676645517349243,0.9997924566268921,-0.005779601633548737,-0.581320583820343,-0.4097732901573181,0.9997929334640503,-0.03092726320028305,-0.5880153179168701,-0.4420454204082489,0.9996658563613892,0.07528587430715561,-0.5844399929046631,-0.30704227089881897,0.9999366998672485,-0.07998114824295044,-0.5386546850204468,-0.2847546339035034,0.9994453191757202,0.17855429649353027,-0.45699501037597656,-0.14353223145008087,0.9999881982803345,-0.12095482647418976,-0.5058287978172302,-0.06481856107711792,0.9999757409095764,0.33506888151168823,-0.3356633186340332,-0.1274670660495758,0.9674537777900696,-0.22782853245735168,-0.2603403329849243,-0.036871254444122314,0.9102694392204285,0.47237733006477356,-0.16807793080806732,-0.13894425332546234,0.9619711637496948,-0.4105599820613861,-0.09169792383909225,-0.10787070542573929,0.916938066482544,0.0902617871761322,0.004256838466972113,0.014730768278241158,0.9999330043792725,-0.08736337721347809,-0.007966499775648117,-0.012757646851241589,0.9999405741691589,0.12555061280727386,0.41447487473487854,-0.03665639087557793,0.8066543936729431,-0.0779700055718422,0.3206697702407837,0.0015176155138760805,0.8102985620498657,0.11528094857931137,0.75826495885849,0.1016465276479721,0.7799800038337708,-0.11999445408582687,0.7114154696464539,0.15247982740402222,0.7949400544166565
71,-0.028679486364126205,-0.5607867240905762,-0.4319715201854706,0.9998126029968262,-0.0059868642129004,-0.581002414226532,-0.4152618944644928,0.9998109936714172,-0.031148774549365044,-0.5876506567001343,-0.4475793242454529,0.9996979832649231,0.07527443766593933,-0.584325909614563,-0.31326737999916077,0.9999398589134216,-0.07991346716880798,-0.5380098819732666,-0.29029157757759094,0.9994952082633972,0.17849531769752502,-0.4564235806465149,-0.14833934605121613,0.999988317489624,-0.12091442197561264,-0.5032402873039246,-0.074044369161129,0.9999760389328003,0.3341166079044342,-0.33409804105758667,-0.14077693223953247,0.9699066877365112,-0.22953875362873077,-0.26248839497566223,-0.059832192957401276,0.9182491898536682,0.47148728370666504,-0.16875407099723816,-0.16270749270915985,0.9650493860244751,-0.4145834147930145,-0.10100986063480377,-0.141319140791893,0.9246737957000732,0.09047585725784302,0.004307760391384363,0.015231979079544544,0.9999344944953918,-0.08758948743343353,-0.007986292243003845,-0.013213918544352055,0.9999416470527649,0.1255648136138916,0.41449645161628723,-0.03293276205658913,0.8199743032455444,-0.08514104783535004,0.32076963782310486,0.0007190791075117886,0.8234255909919739,0.11621175706386566,0.7580759525299072,0.11047787219285965,0.7967209219932556,-0.13600417971611023,0.7112671136856079,0.15431973338127136,0.8104733228683472
72,-0.028669359162449837,-0.5590156316757202,-0.43832075595855713,0.999830961227417,-0.006013043690472841,-0.5793188810348511,-0.4225405156612396,0.9998282790184021,-0.031134894117712975,-0.5861435532569885,-0.4548642933368683,0.9997274279594421,0.07528816163539886,-0.5826386213302612,-0.3226499557495117,0.9999440312385559,-0.07950737327337265,-0.5367372632026672,-0.2990756034851074,0.9995422959327698,0.17946897447109222,-0.45582228899002075,-0.1524391919374466,0.9999887943267822,-0.12216648459434509,-0.5027185678482056,-0.0857643336057663,0.9999771118164062,0.33455631136894226,-0.3333786427974701,-0.14600995182991028,0.9722493290901184,-0.24384188652038574,-0.2646700441837311,-0.07886584103107452,0.9257798790931702,0.47213706374168396,-0.16949404776096344,-0.17518624663352966,0.9679957628250122,-0.4340497553348541,-0.11428217589855194,-0.16967396438121796,0.9318127632141113,0.09100808948278427,0.00435101380571723,0.017264695838093758,0.9999354481697083,-0.08823809027671814,-0.00801155250519514,-0.015121275559067726,0.999942421913147,0.1258847564458847,0.41368240118026733,-0.027134297415614128,0.8269597291946411,-0.09228936582803726,0.3178924322128296,-0.00037935198633931577,0.8313738107681274,0.11569852381944656,0.7545724511146545,0.12720055878162384,0.8025113940238953,-0.16751393675804138,0.7041561603546143,0.15502305328845978,0.8180939555168152
73,-0.02786213345825672,-0.5588489770889282,-0.4360951781272888,0.999847412109375,-0.0053486996330320835,-0.5791577696800232,-0.42032086849212646,0.9998433589935303,-0.030301185324788094,-0.5859329104423523,-0.45288965106010437,0.9997536540031433,0.07544388622045517,-0.5825411081314087,-0.3205549120903015,0.9999472498893738,-0.07897429168224335,-0.5364820957183838,-0.2983974516391754,0.9995836615562439,0.18004350364208221,-0.45570820569992065,-0.15102700889110565,0.9999890327453613,-0.12256569415330887,-0.5027139186859131,-0.08569686114788055,0.9999775886535645,0.33424413204193115,-0.333172470331192,-0.1453942209482193,0.9738357067108154,-0.26147088408470154,-0.2768959403038025,-0.07737685739994049,0.9323650598526001,0.4722211956977844,-0.16984866559505463,-0.17662516236305237,0.9702584147453308,-0.46331852674484253,-0.1532677859067917,-0.16206982731819153,0.9380945563316345,0.09135850518941879,0.0045117344707250595,0.017622293904423714,0.9999383687973022,-0.08859746903181076,-0.008134528063237667,-0.015412159264087677,0.9999449253082275,0.1263454258441925,0.4130866527557373,-0.02450600266456604,0.8381029367446899,-0.1141703650355339,0.3118555247783661,-0.002962066326290369,0.8425256609916687,0.11495000869035721,0.75383460521698,0.13508562743663788,0.8163665533065796,-0.22159650921821594,0.7002990245819092,0.1558098942041397,0.831558108329773
74,-0.02144745923578739,-0.5586932897567749,-0.4348240792751312,0.999862551689148,-0.0007575261406600475,-0.5790059566497803,-0.41924142837524414,0.9998584389686584,-0.02520601823925972,-0.5857570171356201,-0.4509199559688568,0.9997780323028564,0.07643600553274155,-0.5823667645454407,-0.31651055812835693,0.9999517798423767,-0.07816152274608612,-0.5362371206283569,-0.296202689409256,0.9996240139007568,0.1799144595861435,-0.45552539825439453,-0.13909465074539185,0.9999895691871643,-0.12528130412101746,-0.5059202313423157,-0.08311281353235245,0.9999787211418152,0.3345799744129181,-0.3312024176120758,-0.11077002435922623,0.9752572774887085,-0.2937062978744507,-0.3114231526851654,-0.07426893711090088,0.938498854637146,0.47791555523872375,-0.16942141950130463,-0.12147826701402664,0.9723196625709534,-0.5086221098899841,-0.21077600121498108,-0.16020669043064117,0.9437330961227417,0.0913880467414856,0.004550169687718153,0.020619681105017662,0.9999397993087769,-0.08865048736333847,-0.008158779703080654,-0.01824711449444294,0.9999462962150574,0.12864156067371368,0.4127449691295624,-0.01686016097664833,0.8415029644966125,-0.1101047694683075,0.3060879707336426,-0.006238000933080912,0.8464587330818176,0.12867946922779083,0.7537912726402283,0.13635621964931488,0.8193523287773132,-0.23023369908332825,0.6931211948394775,0.15605014562606812,0.8350563645362854
75,-0.016987066715955734,-0.5616806149482727,-0.4257867932319641,0.9998761415481567,0.0037560316268354654,-0.5820795297622681,-0.40925201773643494,0.9998719096183777,-0.020218102261424065,-0.5896905660629272,-0.44297516345977783,0.9997997283935547,0.0781024917960167,-0.582724392414093,-0.30577322840690613,0.9999558329582214,-0.07573840767145157,-0.5395501852035522,-0.29301854968070984,0.9996588230133057,0.1793389767408371,-0.45468172430992126,-0.1340383142232895,0.9999899864196777,-0.12849538028240204,-0.5124523043632507,-0.0823388546705246,0.9999779462814331,0.33481666445732117,-0.32635143399238586,-0.10205994546413422,0.9766435027122498,-0.3263266086578369,-0.3506568968296051,-0.07206878066062927,0.9435279965400696,0.4852815568447113,-0.1670105904340744,-0.10435814410448074,0.9741155505180359,-0.5494734048843384,-0.28741681575775146,-0.15443944931030273,0.9474175572395325,0.09138572961091995,0.004413819406181574,0.02138553187251091,0.9999421834945679,-0.08864384889602661,-0.007938000373542309,-0.01896345429122448,0.9999473094940186,0.13862627744674683,0.40938979387283325,-0.017263324931263924,0.8475030660629272,-0.10735846310853958,0.30646827816963196,-0.005383907817304134,0.8498479723930359,0.1543242633342743,0.7532942891120911,0.1356169432401657,0.8268150687217712,-0.21526071429252625,0.6934706568717957,0.1784733384847641,0.8401284217834473
76,-0.017132388427853584,-0.5725125670433044,-0.38602975010871887,0.9998882412910461,0.003512979717925191,-0.5936081409454346,-0.37018585205078125,0.9998835921287537,-0.020438041538000107,-0.6021120548248291,-0.40185999870300293,0.9998186826705933,0.07868186384439468,-0.5898111462593079,-0.27103957533836365,0.9999591112136841,-0.07466713339090347,-0.551390528678894,-0.252648264169693,0.9996870756149292,0.1793430745601654,-0.4555151164531708,-0.1138579249382019,0.9999901056289673,-0.13140229880809784,-0.5265552401542664,-0.04508798196911812,0.9999738335609436,0.33840954303741455,-0.32662612199783325,-0.08465758711099625,0.9784250259399414,-0.35060420632362366,-0.4073801040649414,-0.043834783136844635,0.9480952024459839,0.4909977912902832,-0.16697664558887482,-0.0796356201171875,0.9763807058334351,-0.5962731242179871,-0.39497557282447815,-0.12359113246202469,0.9513635039329529,0.09177550673484802,0.00416387477889657,0.02086649462580681,0.9999447464942932,-0.08891566097736359,-0.007609142921864986,-0.018435707315802574,0.9999480247497559,0.15757490694522858,0.4072934687137604,-0.017829515039920807,0.8565562963485718,-0.10613135993480682,0.31105947494506836,-0.0019450619583949447,0.85810387134552,0.2006593942642212,0.7520568370819092,0.1494317203760147,0.8383519053459167,-0.20509658753871918,0.6972267627716064,0.19893774390220642,0.8506841659545898
77,-0.01650748774409294,-0.5723733305931091,-0.37032026052474976,0.9998992681503296,0.004758401773869991,-0.5936638116836548,-0.3548111915588379,0.999894380569458,-0.018855273723602295,-0.6022909879684448,-0.38748687505722046,0.9998360276222229,0.07891345024108887,-0.5902881622314453,-0.25533542037010193,0.999962329864502,-0.07413177937269211,-0.5541045665740967,-0.241209015250206,0.9997138977050781,0.17866019904613495,-0.45543381571769714,-0.10131003707647324,0.9999901652336121,-0.13450689613819122,-0.5433720946311951,-0.03220144659280777,0.9999716877937317,0.33893638849258423,-0.326630562543869,-0.07068604975938797,0.9799716472625732,-0.3668581545352936,-0.4815361499786377,-0.03568558022379875,0.9526958465576172,0.49529537558555603,-0.1656804084777832,-0.06000632420182228,0.9784021377563477,-0.6026642322540283,-0.5148090124130249,-0.11585409939289093,0.9556500911712646,0.09177752584218979,0.003538935910910368,0.02021028660237789,0.9999420046806335,-0.08890590071678162,-0.0070140548050403595,-0.017762411385774612,0.9999431371688843,0.1642874926328659,0.4066403806209564,-0.02602189965546131,0.8523550629615784,-0.09899207204580307,0.32017984986305237,-0.0021621983032673597,0.8522754311561584,0.22303584218025208,0.7520535588264465,0.13171926140785217,0.8313450217247009,-0.1668998748064041,0.7012107968330383,0.19411630928516388,0.8426655530929565
78,-0.016706466674804688,-0.5717137455940247,-0.3761189877986908,0.9999091029167175,0.0047857812605798244,-0.5929200053215027,-0.36079734563827515,0.9999038577079773,-0.018768442794680595,-0.601244330406189,-0.3935171663761139,0.9998512864112854,0.07890480756759644,-0.5898392796516418,-0.2611958682537079,0.9999650120735168,-0.07411286234855652,-0.5528228878974915,-0.24616803228855133,0.9997366666793823,0.1776292622089386,-0.4528382122516632,-0.10457529127597809,0.9999899864196777,-0.13721095025539398,-0.550796627998352,-0.036081988364458084,0.9999679923057556,0.3388884365558624,-0.32608339190483093,-0.07529547810554504,0.9810791611671448,-0.3725016117095947,-0.5440186262130737,-0.049978505820035934,0.9567697048187256,0.49549299478530884,-0.16561797261238098,-0.06879343092441559,0.9800309538841248,-0.6010566353797913,-0.6383696794509888,-0.13428005576133728,0.9594117403030396,0.09192369133234024,0.0019319632556289434,0.02026018686592579,0.9999390244483948,-0.08902664482593536,-0.005596955772489309,-0.017803670838475227,0.99993896484375,0.18357686698436737,0.40342962741851807,-0.02438868209719658,0.8455022573471069,-0.09277542680501938,0.32919368147850037,-0.0027156430296599865,0.8503456115722656,0.25576743483543396,0.7465456128120422,0.13517145812511444,0.8260722160339355,-0.1357337236404419,0.7042328715324402,0.19151383638381958,0.840201199054718
79,-0.013402728363871574,-0.571079432964325,-0.35795146226882935,0.9999181032180786,0.008797100745141506,-0.5923137068748474,-0.342387855052948,0.9999130368232727,-0.014985869638621807,-0.6005310416221619,-0.37480291724205017,0.9998655915260315,0.08124127238988876,-0.5894895195960999,-0.24022945761680603,0.9999681115150452,-0.07356024533510208,-0.5520191788673401,-0.22673805058002472,0.9997596740722656,0.17785529792308807,-0.4506678879261017,-0.09135543555021286,0.9999901056289673,-0.13701997697353363,-0.558478593826294,-0.016784610226750374,0.999961793422699,0.34367498755455017,-0.3232053816318512,-0.06675080209970474,0.9823141098022461,-0.35980305075645447,-0.5922598838806152,-0.0348404198884964,0.959951639175415,0.5016328692436218,-0.16543740034103394,-0.05825372040271759,0.9816265106201172,-0.5758115649223328,-0.7283473610877991,-0.11500126868486404,0.9622973799705505,0.09212825447320938,0.0006118930759839714,0.017973868176341057,0.9999386668205261,-0.08915537595748901,-0.0044778515584766865,-0.01559140719473362,0.9999364614486694,0.19014279544353485,0.4007616639137268,-0.029387397691607475,0.849912703037262,-0.09187749028205872,0.33838367462158203,-0.0022118636406958103,0.8549928069114685,0.2896464169025421,0.7399951815605164,0.12796811759471893,0.8314683437347412,-0.12453783303499222,0.7115582227706909,0.18918460607528687,0.8456206917762756
80,-0.013440171256661415,-0.5708034634590149,-0.3506944179534912,0.999925971031189,0.008882942609488964,-0.592119038105011,-0.33473455905914307,0.9999207854270935,-0.014896370470523834,-0.6003104448318481,-0.36692193150520325,0.9998776912689209,0.08122177422046661,-0.5886389017105103,-0.23285295069217682,0.999970555305481,-0.07380540668964386,-0.5512641072273254,-0.21993497014045715,0.9997771382331848,0.17782467603683472,-0.4483523666858673,-0.08202797919511795,0.9999892115592957,-0.1368575096130371,-0.561768651008606,-0.018911615014076233,0.9999470710754395,0.35097312927246094,-0.32232561707496643,-0.05683184042572975,0.982527494430542,-0.3511141240596771,-0.6412896513938904,-0.035718489438295364,0.9624770879745483,0.5163906216621399,-0.16556517779827118,-0.04730519652366638,0.9822922945022583,-0.5605089068412781,-0.8241521120071411,-0.11562322080135345,0.9645816683769226,0.09228008985519409,-0.0014366061659529805,0.017925089225172997,0.9999400973320007,-0.08924588561058044,-0.0026195670943707228,-0.015537557192146778,0.999936580657959,0.19666032493114471,0.39401009678840637,-0.029331648722290993,0.859878659248352,-0.09230149537324905,0.34147152304649353,-0.002071022754535079,0.8650319576263428,0.2936737835407257,0.7318329215049744,0.13043718039989471,0.8439353108406067,-0.10269200056791306,0.7120198011398315,0.18881253898143768,0.8568174242973328
81,-0.0103145195171237,-0.5559426546096802,-0.37356793880462646,0.9999324083328247,0.011330801993608475,-0.5766644477844238,-0.35661372542381287,0.9999262094497681,-0.012495102360844612,-0.5839739441871643,-0.3912428021430969,0.9998858571052551,0.08152332156896591,-0.569230854511261,-0.2516135573387146,0.9999715685844421,-0.07374460250139236,-0.5260925889015198,-0.246124267578125,0.9997768998146057,0.17783135175704956,-0.4253990054130554,-0.1009993627667427,0.9999874234199524,-0.13444778323173523,-0.5604460835456848,-0.055269405245780945,0.9999029040336609,0.35077473521232605,-0.30471041798591614,-0.0748504027724266,0.9816142320632935,-0.3080413341522217,-0.6512073278427124,-0.10199437290430069,0.9614343047142029,0.5231191515922546,-0.1626884788274765,-0.06212177872657776,0.9810348153114319,-0.47162094712257385,-0.8555110692977905,-0.17957545816898346,0.9583413004875183,0.09234986454248428,-0.0028572725132107735,0.018205946311354637,0.9999411702156067,-0.08930269628763199,-0.0013356026029214263,-0.01577542908489704,0.9999356865882874,0.2022830992937088,0.39475274085998535,-0.023153280839323997,0.8627291917800903,-0.09398401528596878,0.3450795114040375,-0.002117888303473592,0.8683772683143616,0.29666566848754883,0.7303218841552734,0.14042580127716064,0.851992130279541,-0.1046932265162468,0.7119952440261841,0.18791769444942474,0.8638814091682434
82,-0.007302394136786461,-0.5401564240455627,-0.3873597979545593,0.9999378323554993,0.013120272196829319,-0.5606386661529541,-0.36972397565841675,0.9999303817749023,-0.010586987249553204,-0.5664047002792358,-0.4047204852104187,0.9998917579650879,0.08179961144924164,-0.5520583391189575,-0.2670609652996063,0.9999719858169556,-0.0736594870686531,-0.5019325613975525,-0.261227011680603,0.9997662901878357,0.17773544788360596,-0.40713122487068176,-0.11811744421720505,0.9999853372573853,-0.12144976109266281,-0.5482491850852966,-0.07551166415214539,0.9998405575752258,0.35041582584381104,-0.2923765182495117,-0.09145090728998184,0.9809219241142273,-0.24234189093112946,-0.6640217304229736,-0.12144380062818527,0.9585804343223572,0.5234379172325134,-0.15650613605976105,-0.06632669270038605,0.9801104664802551,-0.3747275769710541,-0.8819313645362854,-0.18664111196994781,0.9502135515213013,0.09182572364807129,-0.003676029620692134,0.01824043318629265,0.9999397397041321,-0.08876866847276688,-0.0006192689179442823,-0.01581455022096634,0.9999305009841919,0.20272010564804077,0.39695897698402405,-0.021953139454126358,0.8613269925117493,-0.09078029543161392,0.3449323773384094,0.0024973698891699314,0.8636388182640076,0.3000154495239258,0.7233223915100098,0.13984978199005127,0.8550856709480286,-0.10021521896123886,0.7013050317764282,0.18909978866577148,0.8631559014320374
83,-0.0032961771357804537,-0.5416874289512634,-0.36267122626304626,0.9999415278434753,0.016780877485871315,-0.5625035762786865,-0.34452301263809204,0.9999313354492188,-0.00631086528301239,-0.5686474442481995,-0.3782927691936493,0.9998920559883118,0.08272712677717209,-0.5552824139595032,-0.24632178246974945,0.999969482421875,-0.07085307687520981,-0.5075391530990601,-0.23993659019470215,0.9997300505638123,0.17761372029781342,-0.4126344919204712,-0.10646086186170578,0.9999833703041077,-0.10921962559223175,-0.54965740442276,-0.07313822209835052,0.9997721910476685,0.3465324342250824,-0.29440000653266907,-0.09052345156669617,0.9807669520378113,-0.19328796863555908,-0.678417980670929,-0.11447492986917496,0.9556071758270264,0.5208055377006531,-0.156023770570755,-0.06760784238576889,0.9805572628974915,-0.2789939343929291,-0.893860399723053,-0.17679652571678162,0.9434714317321777,0.09162230044603348,-0.00497519550845027,0.01925469934940338,0.9999364614486694,-0.08852877467870712,0.0006367327296175063,-0.016776205971837044,0.9999203085899353,0.20635271072387695,0.3971952199935913,-0.023228231817483902,0.8673714399337769,-0.09024276584386826,0.34644442796707153,0.0006409892230294645,0.8645241260528564,0.29942789673805237,0.7226795554161072,0.11344020813703537,0.8634967803955078,-0.10560867190361023,0.7008277773857117,0.18786868453025818,0.8661824464797974
84,-0.0013115174369886518,-0.5429905652999878,-0.35473039746284485,0.9999452233314514,0.0193320419639349,-0.5640185475349426,-0.335195928812027,0.9999334216117859,-0.003523694584146142,-0.570287823677063,-0.36979126930236816,0.9998952150344849,0.08282511681318283,-0.555110514163971,-0.23748669028282166,0.9999683499336243,-0.06955176591873169,-0.5104764103889465,-0.23427124321460724,0.9997164011001587,0.17295871675014496,-0.4105094075202942,-0.09549978375434875,0.9999803304672241,-0.1048288345336914,-0.5485407114028931,-0.07837031036615372,0.9997061491012573,0.3268938958644867,-0.2859330475330353,-0.082903191447258,0.9791082739830017,-0.1694944053888321,-0.6752175688743591,-0.15838751196861267,0.9533582925796509,0.4947277009487152,-0.14629240334033966,-0.07002115994691849,0.9797978401184082,-0.20185738801956177,-0.8918535113334656,-0.23093609511852264,0.9345259666442871,0.09061899781227112,-0.006604655645787716,0.02435528300702572,0.9999323487281799,-0.08759283274412155,0.002298655454069376,-0.021569978445768356,0.9999092221260071,0.2048342078924179,0.3964737057685852,-0.01765569858253002,0.8708958029747009,-0.0889924094080925,0.34696510434150696,-0.014171737246215343,0.8623878955841064,0.2928692400455475,0.7216290831565857,0.1108516976237297,0.8701773285865784,-0.11500592529773712,0.6938455104827881,0.18141669034957886,0.8645542860031128
85,0.002902659587562084,-0.5493572354316711,-0.3012048304080963,0.9999492764472961,0.023613346740603447,-0.569859504699707,-0.27838805317878723,0.9999373555183411,0.0007175203645601869,-0.5770580768585205,-0.3139500319957733,0.9999008178710938,0.08319925516843796,-0.5576930642127991,-0.17822203040122986,0.9999691247940063,-0.06886603683233261,-0.5158569812774658,-0.18347127735614777,0.9997172951698303,0.17059722542762756,-0.4132004380226135,-0.04669244959950447,0.9999790787696838,-0.10243795812129974,-0.5504685044288635,-0.06037265807390213,0.9996398091316223,0.30956530570983887,-0.2826637327671051,-0.040369462221860886,0.9784173965454102,-0.12502041459083557,-0.6812047958374023,-0.14319536089897156,0.9515462517738342,0.45472434163093567,-0.14228801429271698,-0.045741211622953415,0.9804771542549133,-0.12145327031612396,-0.9099951386451721,-0.20976781845092773,0.9263131022453308,0.09047975391149521,-0.00809398666024208,0.0277476217597723,0.9999263286590576,-0.0874791368842125,0.0039134337566792965,-0.02474530227482319,0.9998915195465088,0.2022933065891266,0.39140594005584717,-0.013023891486227512,0.8723159432411194,-0.0849161222577095,0.3452862799167633,-0.016893379390239716,0.8523873686790466,0.284970760345459,0.7116374373435974,0.11357422173023224,0.8687771558761597,-0.11618403345346451,0.6822142004966736,0.18546892702579498,0.8489065766334534
86,0.006397067569196224,-0.5646942257881165,-0.2850217819213867,0.9999532103538513,0.026341751217842102,-0.5839902758598328,-0.2623567283153534,0.9999414086341858,0.004200198221951723,-0.5917053818702698,-0.29912927746772766,0.999906599521637,0.0827823281288147,-0.568144679069519,-0.1650485098361969,0.9999700784683228,-0.06808360666036606,-0.5294276475906372,-0.17412948608398438,0.9997200965881348,0.16267256438732147,-0.41762593388557434,-0.034934151917696,0.9999791383743286,-0.10028024762868881,-0.556169331073761,-0.05333573371171951,0.9995995759963989,0.291680246591568,-0.28492093086242676,-0.02531718648970127,0.9791424870491028,-0.09909164160490036,-0.6811609864234924,-0.1329851895570755,0.9516645073890686,0.40494561195373535,-0.14135906100273132,-0.03449481353163719,0.9819674491882324,-0.06033537909388542,-0.8992260098457336,-0.15039025247097015,0.9241437315940857,0.09006457775831223,-0.00925776269286871,0.03196556121110916,0.9999187588691711,-0.08712216466665268,0.004975816700607538,-0.0291332695633173,0.9998693466186523,0.20048268139362335,0.38626644015312195,0.0004257365653757006,0.867745578289032,-0.08615818619728088,0.3436732888221741,-0.02060031332075596,0.8390697240829468,0.2805495262145996,0.7096003293991089,0.12249109148979187,0.8588919043540955,-0.13205569982528687,0.6830597519874573,0.1696394830942154,0.8287437558174133
87,0.01102416031062603,-0.5735252499580383,-0.253221720457077,0.9999575018882751,0.030330920591950417,-0.592097282409668,-0.22959022223949432,0.9999467134475708,0.00933531392365694,-0.5995893478393555,-0.2650608718395233,0.999914824962616,0.08317768573760986,-0.5724282264709473,-0.13193295896053314,0.9999725222587585,-0.06615428626537323,-0.5357633233070374,-0.14245273172855377,0.9997420310974121,0.1588808298110962,-0.4192139506340027,-0.0013867748202756047,0.9999793171882629,-0.09026359021663666,-0.5613449215888977,-0.018908841535449028,0.9995817542076111,0.27951329946517944,-0.28643202781677246,0.020559892058372498,0.9788841009140015,-0.043769706040620804,-0.7190663814544678,-0.05525719374418259,0.9503105878829956,0.3549065589904785,-0.14421065151691437,0.02904680371284485,0.9830568432807922,0.03302639350295067,-0.9304813146591187,-0.013965660706162453,0.9198390245437622,0.09004564583301544,-0.010018225759267807,0.03196018561720848,0.9999188780784607,-0.08711584657430649,0.005594954360276461,-0.029201073572039604,0.9998652338981628,0.20583370327949524,0.3824056088924408,-0.0002259717439301312,0.8759375810623169,-0.08695315569639206,0.34141626954078674,-0.02328093722462654,0.8422459363937378,0.2895722985267639,0.7065281271934509,0.12258010357618332,0.8639075756072998,-0.12945018708705902,0.6760395765304565,0.17604286968708038,0.8255590796470642
88,0.0410480722784996,-0.5968984961509705,-0.19417127966880798,0.9999610781669617,0.05925371125340462,-0.6140126585960388,-0.16994988918304443,0.9999507665634155,0.04092543572187424,-0.6239295601844788,-0.21316233277320862,0.9999219179153442,0.08377352356910706,-0.589259684085846,-0.07254286110401154,0.9999737739562988,-0.051462940871715546,-0.5669572353363037,-0.11655180156230927,0.9997606873512268,0.14408980309963226,-0.44203701615333557,0.05291292816400528,0.9999794363975525,-0.08730825781822205,-0.5802064538002014,-0.008851835504174232,0.999600350856781,0.2715679407119751,-0.31996607780456543,0.05254504084587097,0.9788781404495239,0.00955604575574398,-0.713801383972168,-0.05239880457520485,0.9540333151817322,0.3038652539253235,-0.21194811165332794,0.0042711300775408745,0.9842551946640015,0.12945376336574554,-0.9008544087409973,-0.00830793660134077,0.9263498187065125,0.08906587213277817,-0.011454694904386997,0.03644612431526184,0.9999232888221741,-0.08623234182596207,0.0070942472666502,-0.03360027074813843,0.9998713731765747,0.21140697598457336,0.37826475501060486,0.0017637507990002632,0.8838146328926086,-0.08148470520973206,0.34237727522850037,-0.03085063025355339,0.8450755476951599,0.29005250334739685,0.7052839994430542,0.12792649865150452,0.8704630732536316,-0.11744461953639984,0.6845287680625916,0.1750977784395218,0.8273701071739197
89,0.06169677898287773,-0.5963979363441467,-0.17469120025634766,0.9998854398727417,0.07216551899909973,-0.6153820753097534,-0.15315672755241394,0.9997904896736145,0.05816415324807167,-0.6243933439254761,-0.20408906042575836,0.9998517036437988,0.06731124222278595,-0.5982073545455933,-0.06423339992761612,0.9998393058776855,-0.04774847626686096,-0.5713406801223755,-0.13669615983963013,0.9996063709259033,0.11833854764699936,-0.4502151608467102,0.054509904235601425,0.9999637603759766,-0.09222207963466644,-0.576402485370636,-0.041621413081884384,0.9996104836463928,0.23028631508350372,-0.3216848373413086,0.022753465920686722,0.9368019104003906,0.04810189828276634,-0.6338270902633667,-0.17530949413776398,0.9565854072570801,0.1601434350013733,-0.3154369294643402,-0.11857599020004272,0.94432133436203,0.1743641197681427,-0.8172401785850525,-0.16420160233974457,0.9314265847206116,0.08717796206474304,-0.011734993197023869,0.046565741300582886,0.9999247789382935,-0.08481252193450928,0.007173092104494572,-0.04375623166561127,0.9998777508735657,0.19372224807739258,0.3758313059806824,0.01451412308961153,0.8715810775756836,-0.07696706801652908,0.3444470465183258,-0.02196655236184597,0.8120802640914917,0.27214765548706055,0.705228865146637,0.15139710903167725,0.8609886765480042,-0.12263908982276917,0.7028730511665344,0.1777077168226242,0.8096988797187805
90,0.07664579153060913,-0.5955983400344849,-0.1685844510793686,0.9998756051063538,0.08628641068935394,-0.6130366325378418,-0.1450948566198349,0.9997686147689819,0.071080781519413,-0.621607780456543,-0.1987491101026535,0.9998509883880615,0.06819281727075577,-0.59711092710495,-0.046214815229177475,0.9998027682304382,-0.04461143910884857,-0.5687821507453918,-0.13579989969730377,0.9996057748794556,0.11188267171382904,-0.4491010010242462,0.08357147127389908,0.9999414682388306,-0.09357642382383347,-0.5721850395202637,-0.045702312141656876,0.9996300339698792,0.21075177192687988,-0.3202454149723053,0.025545284152030945,0.8731803894042969,0.10303525626659393,-0.5532236695289612,-0.1774493008852005,0.9579775333404541,0.15636596083641052,-0.3430703282356262,-0.11342057585716248,0.8825507164001465,0.24089160561561584,-0.7245522737503052,-0.16308394074440002,0.9348541498184204,0.08641621470451355,-0.011779969558119774,0.0567006878554821,0.9999291300773621,-0.08426815271377563,0.007146820891648531,-0.05403737351298332,0.9998871088027954,0.19100581109523773,0.37601518630981445,0.02220626175403595,0.8578645586967468,-0.07290765643119812,0.3444483280181885,-0.023421751335263252,0.7911260724067688,0.26781362295150757,0.7060380578041077,0.15919233858585358,0.8496436476707458,-0.1229003295302391,0.7085183262825012,0.17547264695167542,0.7975567579269409
91,0.10052445530891418,-0.5626214146614075,-0.15380972623825073,0.999872624874115,0.10708563029766083,-0.5885311365127563,-0.1295979917049408,0.9997572898864746,0.09224747121334076,-0.5945583581924438,-0.18516013026237488,0.9998555183410645,0.07328895479440689,-0.5934337973594666,-0.028355514630675316,0.9997726678848267,-0.03158041462302208,-0.5567948818206787,-0.1268095225095749,0.9996182322502136,0.11549890041351318,-0.441338449716568,0.10554729402065277,0.9999237656593323,-0.08369148522615433,-0.536431074142456,-0.044637929648160934,0.9996527433395386,0.21250204741954803,-0.28765833377838135,0.03068668022751808,0.8104391694068909,0.15715838968753815,-0.45595601201057434,-0.1685258150100708,0.9590306282043457,0.1742011159658432,-0.3320666253566742,-0.11576243489980698,0.825035572052002,0.30653849244117737,-0.6241416335105896,-0.15843921899795532,0.9387628436088562,0.08556270599365234,-0.011705012060701847,0.06220656633377075,0.9999322891235352,-0.08352718502283096,0.006943688727915287,-0.060155048966407776,0.999894917011261,0.1830856204032898,0.37630322575569153,0.019708285108208656,0.8158249855041504,-0.07122326642274857,0.3437812030315399,-0.041166335344314575,0.7568399310112,0.25939255952835083,0.7124799489974976,0.1563175469636917,0.8071085810661316,-0.12229330092668533,0.7121787071228027,0.1432155817747116,0.7622820138931274
92,0.10675723850727081,-0.5512797236442566,-0.18094247579574585,0.9998705387115479,0.11563558131456375,-0.5782402753829956,-0.15795312821865082,0.9997463226318359,0.10209047794342041,-0.5852801203727722,-0.21150849759578705,0.9998607039451599,0.0794377401471138,-0.5899757742881775,-0.05854279175400734,0.9997376203536987,-0.01801019348204136,-0.5551599860191345,-0.1340639889240265,0.9996352791786194,0.11099743098020554,-0.43975159525871277,0.08980140835046768,0.9998981356620789,-0.06993673741817474,-0.5227476954460144,-0.07265029847621918,0.9996770024299622,0.21084517240524292,-0.28915220499038696,0.025641480460762978,0.7548999190330505,0.17261914908885956,-0.39959031343460083,-0.18351121246814728,0.9610286951065063,0.2042565792798996,-0.3876776695251465,-0.12020659446716309,0.7814913988113403,0.3428877890110016,-0.5265662670135498,-0.15552809834480286,0.9430166482925415,0.07999900728464127,-0.011500080116093159,0.0676363930106163,0.9999350309371948,-0.07819722592830658,0.006589541677385569,-0.06634198129177094,0.9999021887779236,0.17986595630645752,0.37694501876831055,0.03704272583127022,0.7681800127029419,-0.0573996938765049,0.34124723076820374,-0.04310566931962967,0.7240438461303711,0.2618240416049957,0.716439425945282,0.17330846190452576,0.761920154094696,-0.11771263927221298,0.7114436626434326,0.1422436684370041,0.7257692217826843
93,0.10778029263019562,-0.535807192325592,-0.20033103227615356,0.9998789429664612,0.11931689083576202,-0.5629355907440186,-0.17800931632518768,0.9997601509094238,0.10546467453241348,-0.5713093876838684,-0.24359989166259766,0.9998720288276672,0.08993588387966156,-0.5816699862480164,-0.07135244458913803,0.9997363090515137,-0.009507824666798115,-0.5517276525497437,-0.1849503070116043,0.9996657371520996,0.10677631944417953,-0.4396824240684509,0.07168092578649521,0.9998780488967896,-0.05604284629225731,-0.5121233463287354,-0.11039843410253525,0.9997040629386902,0.19429072737693787,-0.2929458022117615,0.024130288511514664,0.7016496658325195,0.17953024804592133,-0.35320553183555603,-0.20086124539375305,0.9636862874031067,0.21726010739803314,-0.42704448103904724,-0.14544492959976196,0.7551078796386719,0.34772542119026184,-0.42580971121788025,-0.1546783149242401,0.9477946162223816,0.07500869035720825,-0.01140054501593113,0.07114697247743607,0.9999386072158813,-0.07324686646461487,0.006435271818190813,-0.070431187748909,0.9999098181724548,0.16897282004356384,0.3773222267627716,0.043574631214141846,0.7297570705413818,-0.055963870137929916,0.34118133783340454,-0.04126298800110817,0.7048272490501404,0.27302151918411255,0.7164650559425354,0.174239844083786,0.7299114465713501,-0.11897673457860947,0.7126060128211975,0.14447709918022156,0.7056738138198853
94,0.12272629141807556,-0.5351621508598328,-0.18989010155200958,0.9998843669891357,0.13260167837142944,-0.5632471442222595,-0.16880959272384644,0.9997705817222595,0.12322656065225601,-0.5711673498153687,-0.23154298961162567,0.999879777431488,0.09336044639348984,-0.5816538333892822,-0.07370254397392273,0.9997393488883972,0.010959879495203495,-0.551393449306488,-0.18394936621189117,0.9996873140335083,0.10373441129922867,-0.4392220973968506,0.0938045084476471,0.9998790621757507,-0.04932526499032974,-0.508755087852478,-0.10752508044242859,0.9997273683547974,0.1912824958562851,-0.29331254959106445,0.0398990772664547,0.6629769802093506,0.16217662394046783,-0.3133728504180908,-0.18775232136249542,0.964935839176178,0.2765112519264221,-0.39062032103538513,-0.13635030388832092,0.7548447847366333,0.323855996131897,-0.3465997576713562,-0.15237575769424438,0.9490702152252197,0.07323174923658371,-0.010620943270623684,0.07864387333393097,0.9999427199363708,-0.07131732255220413,0.005688078701496124,-0.07831071317195892,0.9999166131019592,0.16862380504608154,0.3792644739151001,0.04291273280978203,0.6947432160377502,-0.05493629351258278,0.34112659096717834,-0.056156110018491745,0.6970894932746887,0.2754671275615692,0.7216187715530396,0.16576969623565674,0.7001422047615051,-0.11904346197843552,0.7194523215293884,0.10911291092634201,0.6900661587715149
95,0.1400005966424942,-0.5380358099937439,-0.16546157002449036,0.9998753070831299,0.1472223848104477,-0.5643596053123474,-0.14485469460487366,0.9997445344924927,0.14135418832302094,-0.5724673271179199,-0.20654110610485077,0.9998775720596313,0.09815844148397446,-0.5865864157676697,-0.05941421538591385,0.9997002482414246,0.030081771314144135,-0.5546173453330994,-0.17519618570804596,0.9996923208236694,0.10690760612487793,-0.44580966234207153,0.10603666305541992,0.9998825192451477,-0.05037355795502663,-0.5073627829551697,-0.09899183362722397,0.999750554561615,0.2085084468126297,-0.3438337743282318,0.059164002537727356,0.6473272442817688,0.13941353559494019,-0.27891892194747925,-0.18053244054317474,0.9667878746986389,0.32446426153182983,-0.4751907289028168,-0.12568621337413788,0.7647145390510559,0.3044305741786957,-0.28421854972839355,-0.15025284886360168,0.9522362947463989,0.07359636574983597,-0.009499004110693932,0.08088512718677521,0.9999475479125977,-0.07164102792739868,0.004503385163843632,-0.0803622305393219,0.9999239444732666,0.16964860260486603,0.38801309466362,0.0414373055100441,0.6951820254325867,-0.05680876597762108,0.34130755066871643,-0.06462661921977997,0.7116084694862366,0.27867111563682556,0.7283436059951782,0.1580970138311386,0.7109926342964172,-0.12769749760627747,0.7206714153289795,0.09888169169425964,0.705733060836792
96,0.14667344093322754,-0.5400152206420898,-0.11623367667198181,0.9998595118522644,0.15303455293178558,-0.565201997756958,-0.09687761217355728,0.9996926188468933,0.1500491201877594,-0.5730233788490295,-0.1556176096200943,0.9998680353164673,0.10113631933927536,-0.5902602076530457,-0.0235385000705719,0.9996544718742371,0.045513082295656204,-0.5583118200302124,-0.13470207154750824,0.9996860027313232,0.11205131560564041,-0.449335515499115,0.12952442467212677,0.9998890161514282,-0.05320538207888603,-0.5098593831062317,-0.07350187748670578,0.9997726678848267,0.25811925530433655,-0.37040749192237854,0.12315163016319275,0.6501612663269043,0.11533434689044952,-0.2752755880355835,-0.16068069636821747,0.9690776467323303,0.4127296805381775,-0.4823998212814331,0.01967848278582096,0.7794806361198425,0.28160205483436584,-0.26325473189353943,-0.14872302114963531,0.9555419087409973,0.07385038584470749,-0.008284885436296463,0.0805334597826004,0.9999517202377319,-0.07186301052570343,0.003369147190824151,-0.07981888949871063,0.999930202960968,0.1714051216840744,0.3881220817565918,0.04047776386141777,0.6991859674453735,-0.05786537006497383,0.34125739336013794,-0.07683354616165161,0.7253422737121582,0.2811225950717926,0.7334879636764526,0.1317795068025589,0.7197921276092529,-0.12087702751159668,0.7199368476867676,0.08518209308385849,0.7156092524528503
97,0.14438562095165253,-0.5410653948783875,-0.11990716308355331,0.9998548030853271,0.15136346220970154,-0.5665974020957947,-0.10011773556470871,0.9996656775474548,0.1480775624513626,-0.5755802392959595,-0.15656833350658417,0.9998664855957031,0.10260463505983353,-0.592772364616394,-0.023887237533926964,0.9996402859687805,0.04665910452604294,-0.5631770491600037,-0.12800922989845276,0.999688446521759,0.1153423935174942,-0.4572296142578125,0.13028927147388458,0.9998949766159058,-0.05547983571887016,-0.5112156271934509,-0.0654679462313652,0.999792218208313,0.29481929540634155,-0.4072205126285553,0.16781987249851227,0.6624308824539185,0.0990360751748085,-0.28505316376686096,-0.16260485351085663,0.9715432524681091,0.4863376021385193,-0.4814273715019226,0.13491879403591156,0.7974678874015808,0.2570499777793884,-0.25661516189575195,-0.2032308280467987,0.9593526721000671,0.07404488325119019,-0.0075302100740373135,0.08023419976234436,0.9999548196792603,-0.07207059115171432,0.0027472989168018103,-0.07901056855916977,0.9999348521232605,0.17583724856376648,0.3868897259235382,0.03514215722680092,0.7077588438987732,-0.05865621194243431,0.33993566036224365,-0.07924722135066986,0.7393434643745422,0.2844039797782898,0.7350602149963379,0.11550585925579071,0.7298364043235779,-0.11187290400266647,0.7221903800964355,0.07413427531719208,0.7278810143470764
98,0.1430412232875824,-0.5421056151390076,-0.12098722159862518,0.9998261332511902,0.1499495804309845,-0.5671200156211853,-0.1017412394285202,0.9995567798614502,0.14649969339370728,-0.5758382081985474,-0.15751969814300537,0.9998434782028198,0.10249029844999313,-0.5948136448860168,-0.023724952712655067,0.9995697736740112,0.044585905969142914,-0.5647125244140625,-0.1260441094636917,0.9996505379676819,0.11780315637588501,-0.46691226959228516,0.12926484644412994,0.999899685382843,-0.05967041477560997,-0.5126203894615173,-0.05778074264526367,0.9998080134391785,0.32266661524772644,-0.43643268942832947,0.18113276362419128,0.6677616238594055,0.07364723831415176,-0.28362786769866943,-0.165521040558815,0.9733574986457825,0.5301427245140076,-0.4784345030784607,0.16229011118412018,0.8119308948516846,0.24153590202331543,-0.2623791992664337,-0.23567163944244385,0.9625751376152039,0.07413764297962189,-0.0073837339878082275,0.07960914820432663,0.9999570846557617,-0.07223131507635117,0.0026641744188964367,-0.07805190980434418,0.9999381303787231,0.18325302004814148,0.38673558831214905,0.034786734730005264,0.7015510201454163,-0.055703628808259964,0.34112656116485596,-0.0813528522849083,0.7418432235717773,0.29759499430656433,0.7363542318344116,0.11899786442518234,0.724938690662384,-0.08714089542627335,0.726923942565918,0.07891729474067688,0.727745771408081
99,0.14546599984169006,-0.5427232980728149,-0.10699671506881714,0.999811053276062,0.15033605694770813,-0.5674413442611694,-0.08898943662643433,0.9994946122169495,0.14840500056743622,-0.5764361023902893,-0.14649635553359985,0.9998295307159424,0.10089237242937088,-0.5999596118927002,-0.017421474680304527,0.9995444416999817,0.044199321419000626,-0.5646932721138,-0.12558771669864655,0.9996288418769836,0.11827956140041351,-0.47860515117645264,0.1318577080965042,0.9999060034751892,-0.06097942590713501,-0.5134770274162292,-0.05739019811153412,0.9998229146003723,0.3275579512119293,-0.45871004462242126,0.19577117264270782,0.6730893850326538,0.052330922335386276,-0.2855921983718872,-0.1765993982553482,0.9750369787216187,0.5534147620201111,-0.4807665944099426,0.19800245761871338,0.8245566487312317,0.228105828166008,-0.2638896107673645,-0.2535422444343567,0.9653275609016418,0.07390996068716049,-0.007255746051669121,0.08065134286880493,0.9999595880508423,-0.07202939689159393,0.0025723816361278296,-0.0787619948387146,0.9999414086341858,0.1846589893102646,0.38642436265945435,0.02742804028093815,0.7044408321380615,-0.05153529718518257,0.3410983681678772,-0.08668730407953262,0.750463604927063,0.2974179983139038,0.7394808530807495,0.09939844161272049,0.7307615280151367,-0.08481139689683914,0.7323165535926819,0.06148367002606392,0.7365209460258484
100,0.14016129076480865,-0.5434324145317078,-0.11765526980161667,0.9997676014900208,0.14693573117256165,-0.570981502532959,-0.09973263740539551,0.9993177652359009,0.14245033264160156,-0.5791378617286682,-0.15617433190345764,0.9997824430465698,0.09350069612264633,-0.6041486263275146,-0.025734996423125267,0.9994360208511353,0.03890758007764816,-0.5656841397285461,-0.12890379130840302,0.9995452761650085,0.11876737326383591,-0.48515719175338745,0.12355100363492966,0.9999106526374817,-0.07703883945941925,-0.5141227841377258,-0.05575023964047432,0.9998339414596558,0.33250948786735535,-0.4626586139202118,0.17051371932029724,0.6824392676353455,0.015046649612486362,-0.28629109263420105,-0.17498241364955902,0.9761562347412109,0.5679848790168762,-0.46789753437042236,0.16153867542743683,0.8355079889297485,0.1880873590707779,-0.2671350836753845,-0.24725966155529022,0.967534601688385,0.07487886399030685,-0.007239161059260368,0.07994676381349564,0.9999610185623169,-0.07304736971855164,0.002561132423579693,-0.07812898606061935,0.9999428987503052,0.18872429430484772,0.387002170085907,0.025551186874508858,0.7024252414703369,-0.05233445391058922,0.3410051763057709,-0.08475352078676224,0.7499735951423645,0.29854124784469604,0.7460250854492188,0.10386961698532104,0.7310523390769958,-0.0878942459821701,0.7322375774383545,0.06733733415603638,0.7352970838546753
101,0.135667622089386,-0.5438632965087891,-0.1215539202094078,0.9997552633285522,0.14031870663166046,-0.5713277459144592,-0.10406872630119324,0.9992583394050598,0.1375320702791214,-0.5795669555664062,-0.15968461334705353,0.9997643828392029,0.08504701405763626,-0.6045497059822083,-0.02916937693953514,0.9994205236434937,0.03339559584856033,-0.5653205513954163,-0.1298186331987381,0.9995201826095581,0.1188407614827156,-0.4877600073814392,0.11898477375507355,0.9999167919158936,-0.10450755804777145,-0.5150868892669678,-0.046365220099687576,0.9998449087142944,0.32813888788223267,-0.4632108807563782,0.16711366176605225,0.7013205289840698,-0.04450110346078873,-0.2819664776325226,-0.1751604527235031,0.9777349233627319,0.5695613026618958,-0.45921024680137634,0.17043665051460266,0.8490638732910156,0.13428278267383575,-0.26883044838905334,-0.2694177031517029,0.9700531959533691,0.07694844901561737,-0.007695399224758148,0.07748258858919144,0.9999622106552124,-0.07524562627077103,0.0032323459163308144,-0.07509558647871017,0.999943733215332,0.18875114619731903,0.3878623843193054,0.0203241053968668,0.7151294946670532,-0.0512516126036644,0.34099072217941284,-0.08244197815656662,0.7511212825775146,0.29801779985427856,0.7455649375915527,0.10393259674310684,0.7412623763084412,-0.07979047298431396,0.7325804829597473,0.0847124233841896,0.7356228828430176
102,0.1272045522928238,-0.5440331697463989,-0.12621289491653442,0.9997424483299255,0.1316516101360321,-0.571852445602417,-0.10870537906885147,0.999191403388977,0.12892203032970428,-0.5800329446792603,-0.16397760808467865,0.9997421503067017,0.0784723237156868,-0.6044339537620544,-0.03236350789666176,0.9993963241577148,0.026053743436932564,-0.565090537071228,-0.13125692307949066,0.9994811415672302,0.11871949583292007,-0.4887353181838989,0.11805181205272675,0.9999224543571472,-0.11957255750894547,-0.5156118273735046,-0.042220186442136765,0.9998549818992615,0.3291725516319275,-0.4593370854854584,0.15579991042613983,0.718690812587738,-0.07129230350255966,-0.279774934053421,-0.17579980194568634,0.9789989590644836,0.5723785161972046,-0.4525873363018036,0.14391975104808807,0.8610536456108093,0.09657365828752518,-0.2702317535877228,-0.2829012870788574,0.9721640944480896,0.07854022085666656,-0.008029118180274963,0.07587816566228867,0.9999628663063049,-0.07686662673950195,0.0036940232384949923,-0.07322165369987488,0.999943733215332,0.18992726504802704,0.3878777027130127,0.017343783751130104,0.7208307981491089,-0.050112634897232056,0.3410736322402954,-0.08170004934072495,0.7498829364776611,0.2984500229358673,0.7451611161231995,0.10223481804132462,0.7465528249740601,-0.0796976312994957,0.735002875328064,0.0862264484167099,0.7339640855789185
103,0.12603896856307983,-0.5443359613418579,-0.12912510335445404,0.9997481107711792,0.13002170622348785,-0.5734673738479614,-0.11084724217653275,0.9991950988769531,0.12734922766685486,-0.5821079015731812,-0.1659247875213623,0.9997435212135315,0.07656751573085785,-0.6050024628639221,-0.03341565653681755,0.9994120001792908,0.023524364456534386,-0.5659763813018799,-0.13297690451145172,0.999485194683075,0.11890922486782074,-0.48821890354156494,0.1139305979013443,0.9999282360076904,-0.12566189467906952,-0.516028642654419,-0.041053835302591324,0.9998657703399658,0.3349764943122864,-0.4537162184715271,0.14964912831783295,0.73807692527771,-0.08509741723537445,-0.27902644872665405,-0.17872802913188934,0.9804100394248962,0.5777883529663086,-0.44919347763061523,0.13298740983009338,0.8729236721992493,0.07967472076416016,-0.26772135496139526,-0.30050578713417053,0.9744067788124084,0.07961840182542801,-0.008275598287582397,0.07445625215768814,0.9999639987945557,-0.07798944413661957,0.004044398199766874,-0.07163108885288239,0.9999446272850037,0.19761523604393005,0.38788020610809326,0.013434886932373047,0.7322008013725281,-0.05051783099770546,0.3410308063030243,-0.08199717849493027,0.7538245320320129,0.3031526505947113,0.7453111410140991,0.10318289697170258,0.7565770149230957,-0.07603481411933899,0.7344143986701965,0.0870056226849556,0.736737072467804
104,0.12362057715654373,-0.5444605350494385,-0.12972095608711243,0.9997559189796448,0.12771624326705933,-0.5741350650787354,-0.11213698983192444,0.999212920665741,0.12454507499933243,-0.5830713510513306,-0.16719752550125122,0.9997478127479553,0.07538049668073654,-0.6048508286476135,-0.03430622071027756,0.9994341731071472,0.020213419571518898,-0.566064715385437,-0.13486751914024353,0.9994934797286987,0.11904766410589218,-0.48805540800094604,0.11056089401245117,0.9999337792396545,-0.13020016252994537,-0.5165091156959534,-0.039526812732219696,0.9998753666877747,0.33553922176361084,-0.45072028040885925,0.14686983823776245,0.7566473484039307,-0.08756477385759354,-0.27491286396980286,-0.17812958359718323,0.9816699624061584,0.5738118886947632,-0.4485960006713867,0.13090454041957855,0.8840776085853577,0.07580047845840454,-0.26435717940330505,-0.29539716243743896,0.9764272570610046,0.08096691220998764,-0.008708604611456394,0.07259760051965714,0.9999651908874512,-0.0793907418847084,0.004594453144818544,-0.06962838768959045,0.9999455809593201,0.20032086968421936,0.3883616030216217,0.012790083885192871,0.745384156703949,-0.051441740244627,0.3411143124103546,-0.08158273994922638,0.7593810558319092,0.30953529477119446,0.745971143245697,0.10441431403160095,0.7670066356658936,-0.07820624113082886,0.7341197729110718,0.09170305728912354,0.741340696811676
105,0.1219039186835289,-0.5460257530212402,-0.13217255473136902,0.9997593760490417,0.1261565387248993,-0.5764604210853577,-0.11474858224391937,0.9992147088050842,0.12230926007032394,-0.5858814120292664,-0.1693894863128662,0.9997476935386658,0.07514335215091705,-0.6049712300300598,-0.03563970327377319,0.9994447231292725,0.01823812536895275,-0.5666760802268982,-0.13590586185455322,0.9994937777519226,0.11932831257581711,-0.48772063851356506,0.10678399354219437,0.9999383687973022,-0.1312781423330307,-0.5168614387512207,-0.039478007704019547,0.9998837113380432,0.3380967080593109,-0.45036470890045166,0.14523404836654663,0.7731410264968872,-0.08627160638570786,-0.27776744961738586,-0.18435074388980865,0.9827635288238525,0.5764882564544678,-0.44645509123802185,0.12385362386703491,0.893962562084198,0.08068663626909256,-0.2657443583011627,-0.3190169036388397,0.9782466888427734,0.08172706514596939,-0.009145569056272507,0.07121556252241135,0.9999656081199646,-0.0802171379327774,0.005100879352539778,-0.06810612976551056,0.9999452829360962,0.20246687531471252,0.38903388381004333,0.012560728937387466,0.7556202411651611,-0.051689084619283676,0.3419388234615326,-0.0811801552772522,0.7611523866653442,0.3155590295791626,0.7460954189300537,0.1081344336271286,0.7755376100540161,-0.07428830862045288,0.7344750165939331,0.10173403471708298,0.7417123317718506
106,0.11999533325433731,-0.5461317300796509,-0.13282357156276703,0.9997609257698059,0.12415119260549545,-0.5766159296035767,-0.11580659449100494,0.9992081522941589,0.12071721255779266,-0.5859822630882263,-0.1705162525177002,0.9997437000274658,0.07220615446567535,-0.6053173542022705,-0.03667798265814781,0.9994508028030396,0.017399029806256294,-0.5665914416313171,-0.13644368946552277,0.9994864463806152,0.11771585792303085,-0.4888957440853119,0.10334077477455139,0.9999428987503052,-0.12988169491291046,-0.5170292258262634,-0.03985843062400818,0.9998916983604431,0.33526313304901123,-0.44974812865257263,0.14476239681243896,0.7864392399787903,-0.07732976973056793,-0.27873945236206055,-0.18336385488510132,0.9836678504943848,0.5723797678947449,-0.4458850026130676,0.1211504265666008,0.9021203517913818,0.08274181932210922,-0.2689457833766937,-0.30079832673072815,0.9797601699829102,0.08175243437290192,-0.009280487895011902,0.07098381966352463,0.9999657869338989,-0.08024147897958755,0.005214374046772718,-0.06794674694538116,0.9999445676803589,0.20200084149837494,0.388654500246048,0.013637012802064419,0.7544479370117188,-0.049737598747015,0.3411765694618225,-0.08094809204339981,0.755993664264679,0.31430840492248535,0.7459138631820679,0.10858073830604553,0.7721607685089111,-0.07578727602958679,0.7342291474342346,0.10156569629907608,0.7319472432136536
107,0.11704210191965103,-0.5471053123474121,-0.1340353935956955,0.9997599124908447,0.12184251099824905,-0.5778800845146179,-0.11741863191127777,0.999193012714386,0.11774313449859619,-0.58750981092453,-0.17146489024162292,0.9997376203536987,0.07211822271347046,-0.6055276989936829,-0.038399141281843185,0.999444305896759,0.015772782266139984,-0.5673657655715942,-0.13662013411521912,0.9994712471961975,0.11782513558864594,-0.48938265442848206,0.10194152593612671,0.999946653842926,-0.1298026293516159,-0.5171645283699036,-0.03812309727072716,0.9998986721038818,0.3357139229774475,-0.44978755712509155,0.14306753873825073,0.7972269654273987,-0.07447491586208344,-0.2783408761024475,-0.17695355415344238,0.9843447208404541,0.5709817409515381,-0.44513145089149475,0.12146475911140442,0.9095506072044373,0.08760754764080048,-0.2686404585838318,-0.2921096086502075,0.981156587600708,0.08216504007577896,-0.009481886401772499,0.0701177641749382,0.9999657273292542,-0.08066454529762268,0.005432222969830036,-0.06711778044700623,0.9999436140060425,0.2048388123512268,0.3878095746040344,0.011435259133577347,0.7518172264099121,-0.05098838731646538,0.34115415811538696,-0.08071812242269516,0.7463016510009766,0.31934571266174316,0.74526047706604,0.10864313691854477,0.7663718461990356,-0.07706468552350998,0.7329325675964355,0.10225113481283188,0.7176238298416138
108,0.11438784748315811,-0.5478601455688477,-0.13521888852119446,0.9997565150260925,0.11957871913909912,-0.5788626074790955,-0.11899339407682419,0.9991683959960938,0.1150675043463707,-0.5886552929878235,-0.1727224588394165,0.9997288584709167,0.0711136907339096,-0.6058277487754822,-0.04062436893582344,0.9994360208511353,0.014049026183784008,-0.567827045917511,-0.13788163661956787,0.9994531273841858,0.11782780289649963,-0.4901660084724426,0.09920305758714676,0.9999500513076782,-0.13087913393974304,-0.5176472663879395,-0.03850967064499855,0.9999049305915833,0.33568844199180603,-0.45065298676490784,0.14232732355594635,0.8078293204307556,-0.07785773277282715,-0.27982017397880554,-0.1785912811756134,0.9850563406944275,0.5703355073928833,-0.44425249099731445,0.1214410737156868,0.9163146018981934,0.08330919593572617,-0.2705894708633423,-0.3003389537334442,0.9824438691139221,0.08233633637428284,-0.00968895759433508,0.06997530907392502,0.9999657869338989,-0.08085651695728302,0.005622114520519972,-0.06696135550737381,0.9999430775642395,0.20563700795173645,0.3873165249824524,0.01207245048135519,0.7502514123916626,-0.0538502037525177,0.3411453068256378,-0.08101098984479904,0.7424454689025879,0.31910479068756104,0.7450985312461853,0.1120196282863617,0.7650002837181091,-0.08360052853822708,0.7328476309776306,0.10152462869882584,0.7118169069290161
109,0.11170055717229843,-0.5475063920021057,-0.13600245118141174,0.999754011631012,0.11749640852212906,-0.5787672400474548,-0.11964944750070572,0.9991574883460999,0.11339294165372849,-0.5884974002838135,-0.17348594963550568,0.9997230172157288,0.06954780966043472,-0.605763852596283,-0.04348205775022507,0.9994351267814636,0.013897682540118694,-0.5677849650382996,-0.13943715393543243,0.9994453191757202,0.11629613488912582,-0.49044519662857056,0.09621546417474747,0.9999531507492065,-0.13018687069416046,-0.5179098844528198,-0.0387592613697052,0.9999103546142578,0.33469289541244507,-0.44962456822395325,0.14128150045871735,0.8158449530601501,-0.07447881251573563,-0.2795230746269226,-0.1724914312362671,0.9856314063072205,0.5665576457977295,-0.4401068091392517,0.120404452085495,0.9216226935386658,0.08185065537691116,-0.2723499536514282,-0.27870821952819824,0.9833998680114746,0.08248739689588547,-0.009871039539575577,0.06974433362483978,0.9999668598175049,-0.08099083602428436,0.005803548265248537,-0.0668134018778801,0.9999443888664246,0.20675905048847198,0.3868867754936218,0.011574497446417809,0.7533257007598877,-0.05390447750687599,0.3410329222679138,-0.08233653753995895,0.7452787756919861,0.32064661383628845,0.7432135343551636,0.111634761095047,0.766947865486145,-0.07346228510141373,0.7324854135513306,0.09968358278274536,0.7102253437042236
110,0.10795392096042633,-0.5475643277168274,-0.14207938313484192,0.9997329115867615,0.11484228074550629,-0.5788332223892212,-0.12600155174732208,0.9990723133087158,0.10958468914031982,-0.5885324478149414,-0.17862431704998016,0.9996896982192993,0.06980592757463455,-0.6056966781616211,-0.04825030267238617,0.9993898868560791,0.012029307894408703,-0.567828893661499,-0.1401200145483017,0.9993781447410583,0.11773199588060379,-0.4904310703277588,0.0937642827630043,0.9999552965164185,-0.13119235634803772,-0.5189395546913147,-0.03810099512338638,0.9999138116836548,0.3397742211818695,-0.44879457354545593,0.1407313197851181,0.822841465473175,-0.0775114968419075,-0.280372679233551,-0.17119406163692474,0.9858473539352417,0.5772733092308044,-0.4396008551120758,0.12061364948749542,0.9271010756492615,0.07631959021091461,-0.2730993926525116,-0.2805081307888031,0.984326958656311,0.08279550075531006,-0.009918169118463993,0.06923471391201019,0.9999657273292542,-0.08129327744245529,0.00584491016343236,-0.06632182747125626,0.9999416470527649,0.2078721970319748,0.38677892088890076,0.011233900673687458,0.7482997179031372,-0.05777573585510254,0.34073662757873535,-0.0821390300989151,0.7388689517974854,0.3259708881378174,0.7432628273963928,0.11129714548587799,0.7631477117538452,-0.07372922450304031,0.731954038143158,0.0989128053188324,0.7007677555084229
111,0.10765498131513596,-0.5482586622238159,-0.1438383311033249,0.9997201561927795,0.11457499116659164,-0.5795237421989441,-0.12772612273693085,0.9990172982215881,0.10917200148105621,-0.5893862843513489,-0.18015213310718536,0.9996677041053772,0.07000815123319626,-0.6057184934616089,-0.04989863187074661,0.9993615746498108,0.011820116080343723,-0.5682095289230347,-0.1405325084924698,0.99933260679245,0.11857926845550537,-0.49038511514663696,0.09228746592998505,0.9999575018882751,-0.13069051504135132,-0.5192074775695801,-0.03815031424164772,0.9999174475669861,0.34130311012268066,-0.4483569264411926,0.13896577060222626,0.8303723335266113,-0.07675453275442123,-0.2807597815990448,-0.1710158884525299,0.9860721230506897,0.5791885852813721,-0.4361051619052887,0.1199633777141571,0.9320037961006165,0.07563722878694534,-0.27145931124687195,-0.28120848536491394,0.9850890636444092,0.08286286145448685,-0.009977340698242188,0.06907445192337036,0.9999650716781616,-0.08135534077882767,0.005899139679968357,-0.06617924571037292,0.9999397993087769,0.2082420289516449,0.3866599500179291,0.011253147386014462,0.7461076378822327,-0.058737561106681824,0.3407110869884491,-0.08216650038957596,0.7354571223258972,0.325996458530426,0.7432459592819214,0.11048541218042374,0.7621937394142151,-0.07514997571706772,0.7323362827301025,0.09470106661319733,0.6956746578216553
112,0.10813795030117035,-0.5483037829399109,-0.14367765188217163,0.9997222423553467,0.11526647955179214,-0.5795770287513733,-0.12773624062538147,0.9990192651748657,0.10992570221424103,-0.5894122123718262,-0.1802290976047516,0.9996680617332458,0.07081593573093414,-0.6059272885322571,-0.050816405564546585,0.9993711113929749,0.013235404156148434,-0.5681893229484558,-0.14116178452968597,0.9993410110473633,0.12010052800178528,-0.49051374197006226,0.08903113007545471,0.9999600052833557,-0.13012364506721497,-0.5204197764396667,-0.03828874230384827,0.9999222755432129,0.34151753783226013,-0.4478904604911804,0.1319151520729065,0.8396589756011963,-0.0765809491276741,-0.28137433528900146,-0.17218512296676636,0.9867661595344543,0.5795990228652954,-0.43234023451805115,0.11711297929286957,0.9367658495903015,0.0773058608174324,-0.27258965373039246,-0.29018279910087585,0.9861288666725159,0.08312388509511948,-0.009991275146603584,0.0686546117067337,0.9999656677246094,-0.08162848651409149,0.005910071544349194,-0.06583964079618454,0.9999405145645142,0.2089090496301651,0.3867552876472473,0.013811253942549229,0.7547543048858643,-0.062248338013887405,0.34049326181411743,-0.0796823725104332,0.7435246706008911,0.3271847665309906,0.7432042360305786,0.11650199443101883,0.7712681889533997,-0.08219845592975616,0.7318630814552307,0.10137602686882019,0.7025301456451416
113,0.10795673727989197,-0.548755407333374,-0.14445871114730835,0.9997270703315735,0.11519531905651093,-0.579997181892395,-0.12855376303195953,0.9990308880805969,0.10971222817897797,-0.5899919271469116,-0.1807185709476471,0.9996711611747742,0.07133594155311584,-0.6058976650238037,-0.05150629207491875,0.999380350112915,0.013167557306587696,-0.5684496760368347,-0.14130935072898865,0.9993441700935364,0.1225929856300354,-0.49040788412094116,0.08855179697275162,0.999962329864502,-0.12968485057353973,-0.5207692980766296,-0.03699718415737152,0.9999266862869263,0.3426704704761505,-0.4476749002933502,0.13105137646198273,0.8482872247695923,-0.07515310496091843,-0.2816137969493866,-0.17116300761699677,0.9871402382850647,0.5797016024589539,-0.4267459511756897,0.11665122210979462,0.9413045644760132,0.07929432392120361,-0.27064040303230286,-0.2901322543621063,0.9869210124015808,0.08341273665428162,-0.010004308074712753,0.06810052692890167,0.999966025352478,-0.08191404491662979,0.005921324249356985,-0.06530479341745377,0.9999407529830933,0.20962375402450562,0.38682010769844055,0.013016999699175358,0.7582132816314697,-0.06179254129528999,0.3403104245662689,-0.08055158704519272,0.7446814775466919,0.3277096450328827,0.7431744337081909,0.1154678538441658,0.7743595242500305,-0.08236551284790039,0.7314056754112244,0.1010703518986702,0.7020953893661499
114,0.1079217791557312,-0.5487548112869263,-0.14472270011901855,0.9997206926345825,0.11520853638648987,-0.5799857378005981,-0.128798246383667,0.9989995956420898,0.10969723016023636,-0.590008556842804,-0.18095143139362335,0.9996615648269653,0.0715637281537056,-0.6056985855102539,-0.05157661437988281,0.9993668794631958,0.013076980598270893,-0.568485677242279,-0.14138728380203247,0.9993310570716858,0.12280935049057007,-0.4903159439563751,0.08853447437286377,0.9999638795852661,-0.1302596628665924,-0.521266758441925,-0.037023283541202545,0.9999299645423889,0.3433170020580292,-0.4471941888332367,0.13100457191467285,0.8542777895927429,-0.0776718407869339,-0.28182822465896606,-0.17125974595546722,0.9876070022583008,0.5805709958076477,-0.42445266246795654,0.1170692965388298,0.9448596239089966,0.0779738649725914,-0.27124571800231934,-0.29076138138771057,0.987710177898407,0.08356232196092606,-0.010039477609097958,0.06793451309204102,0.9999664425849915,-0.08206162601709366,0.005962581839412451,-0.06514567136764526,0.9999412894248962,0.20983591675758362,0.3867599666118622,0.013334541581571102,0.7650671601295471,-0.06189420074224472,0.3402926027774811,-0.08051454275846481,0.7498001456260681,0.3272058069705963,0.7427220344543457,0.11843477934598923,0.7819234728813171,-0.08429409563541412,0.7304214835166931,0.1051499992609024,0.7075164318084717
115,0.10793127119541168,-0.5491633415222168,-0.14476779103279114,0.9997272491455078,0.11533096432685852,-0.5804261565208435,-0.12895813584327698,0.9990218877792358,0.10977820307016373,-0.5905265808105469,-0.18101802468299866,0.9996679425239563,0.07262343913316727,-0.6057374477386475,-0.05216207355260849,0.9993828535079956,0.013462485745549202,-0.5687944889068604,-0.14152586460113525,0.9993431568145752,0.12404335290193558,-0.49021583795547485,0.08735226094722748,0.9999658465385437,-0.13007290661334991,-0.5213885307312012,-0.035314545035362244,0.9999331831932068,0.3439832329750061,-0.4451003968715668,0.12876440584659576,0.8615137338638306,-0.07675252109766006,-0.28111326694488525,-0.16663500666618347,0.9877145886421204,0.5798599123954773,-0.4202406704425812,0.11500149965286255,0.9483988881111145,0.07440056651830673,-0.27150872349739075,-0.28790685534477234,0.9882001280784607,0.08384603261947632,-0.010061330161988735,0.0672025978565216,0.9999670386314392,-0.08232557773590088,0.005989251658320427,-0.06447731703519821,0.9999420046806335,0.21018175780773163,0.3868270218372345,0.01306922361254692,0.7702377438545227,-0.06161652132868767,0.3403603732585907,-0.08016330748796463,0.7531208395957947,0.3273252248764038,0.7417146563529968,0.11852385848760605,0.7844647169113159,-0.08347183465957642,0.7312825918197632,0.10531715303659439,0.7097033262252808
116,0.10774929076433182,-0.5493704080581665,-0.14497242867946625,0.999734103679657,0.11526818573474884,-0.5805932879447937,-0.12915925681591034,0.9990434050559998,0.10956920683383942,-0.5907320976257324,-0.18111032247543335,0.9996733069419861,0.07290420681238174,-0.6056674122810364,-0.05220466107130051,0.9993987083435059,0.013294789008796215,-0.5688378214836121,-0.1413678079843521,0.9993494153022766,0.12503424286842346,-0.49005240201950073,0.08727693557739258,0.9999676942825317,-0.13000115752220154,-0.521477997303009,-0.033356908708810806,0.9999361038208008,0.34452366828918457,-0.44435566663742065,0.12875376641750336,0.8687691688537598,-0.07686430960893631,-0.2812371551990509,-0.16524814069271088,0.9878484606742859,0.5800425410270691,-0.4179660975933075,0.11533334851264954,0.9519768953323364,0.07336335629224777,-0.27150171995162964,-0.2874128222465515,0.9886652827262878,0.08392348885536194,-0.01010426227003336,0.06657906621694565,0.999967098236084,-0.08239276707172394,0.006046160589903593,-0.06385797262191772,0.9999415874481201,0.2101173847913742,0.38687559962272644,0.01098540611565113,0.771710991859436,-0.05703762546181679,0.3403002917766571,-0.08025556057691574,0.7501699328422546,0.32721996307373047,0.7412179112434387,0.11530709266662598,0.7830885648727417,-0.0784665122628212,0.7313573956489563,0.1051810011267662,0.7050361037254333
117,0.10781867057085037,-0.5496946573257446,-0.14463214576244354,0.9997389316558838,0.1153205931186676,-0.5811281800270081,-0.12887826561927795,0.9990601539611816,0.10965217649936676,-0.5912700891494751,-0.18101155757904053,0.9996781349182129,0.07288743555545807,-0.6059728264808655,-0.052231866866350174,0.999414324760437,0.013257845304906368,-0.5692338943481445,-0.14142665266990662,0.9993612170219421,0.125031977891922,-0.4901130199432373,0.08720909059047699,0.9999694228172302,-0.12997747957706451,-0.5217640995979309,-0.03345149755477905,0.9999390244483948,0.3443303108215332,-0.4442193806171417,0.12868067622184753,0.8758488893508911,-0.07700047641992569,-0.2813258171081543,-0.1659986525774002,0.9882690906524658,0.5805244445800781,-0.4172438681125641,0.11527126282453537,0.955263078212738,0.07404150068759918,-0.2711922228336334,-0.28776443004608154,0.9892526268959045,0.08398693799972534,-0.010166065767407417,0.06638073176145554,0.9999679923057556,-0.08245141804218292,0.006119643338024616,-0.06367827951908112,0.99994295835495,0.2100650817155838,0.3864983916282654,0.01099742017686367,0.7810320854187012,-0.05700557306408882,0.33981844782829285,-0.08123382925987244,0.7584314346313477,0.32523083686828613,0.739967942237854,0.11649652570486069,0.7912229299545288,-0.07818648219108582,0.7312137484550476,0.10293148458003998,0.714342474937439
118,0.1090976670384407,-0.5504612922668457,-0.14467154443264008,0.9997485280036926,0.11619332432746887,-0.5819652080535889,-0.12889042496681213,0.9990928173065186,0.11040815711021423,-0.5918819904327393,-0.18107269704341888,0.9996889233589172,0.07343726605176926,-0.606274425983429,-0.052200719714164734,0.9994361400604248,0.013376563787460327,-0.5692360401153564,-0.1415068805217743,0.9993800520896912,0.12651365995407104,-0.4900469481945038,0.08716919273138046,0.9999712109565735,-0.1298387348651886,-0.5218652486801147,-0.03356030210852623,0.9999422430992126,0.3444567024707794,-0.44399958848953247,0.12846745550632477,0.8821825981140137,-0.07675778865814209,-0.2812083065509796,-0.16830573976039886,0.9885260462760925,0.5803162455558777,-0.41590216755867004,0.11449990421533585,0.9582458734512329,0.07460471242666245,-0.2695581316947937,-0.2971445620059967,0.989730954170227,0.08412874490022659,-0.010184181854128838,0.06631702184677124,0.9999683499336243,-0.08259527385234833,0.006134693045169115,-0.0636167824268341,0.999943196773529,0.20986910164356232,0.3869646489620209,0.010263778269290924,0.7853121757507324,-0.054372746497392654,0.3398105800151825,-0.08118905127048492,0.7588672637939453,0.3248547911643982,0.7403493523597717,0.11320071667432785,0.794547438621521,-0.07768218219280243,0.7311661243438721,0.1028866320848465,0.7144955396652222
119,0.10906395316123962,-0.549787700176239,-0.14347641170024872,0.9997531175613403,0.1161351129412651,-0.5814475417137146,-0.1279364824295044,0.9991146326065063,0.11040803045034409,-0.5911827683448792,-0.18025526404380798,0.9996922612190247,0.07334206998348236,-0.6056771874427795,-0.05222715437412262,0.9994528293609619,0.01339165959507227,-0.5682496428489685,-0.14149056375026703,0.9993833899497986,0.12642839550971985,-0.489442378282547,0.08686897903680801,0.9999727010726929,-0.12972088158130646,-0.5208693146705627,-0.03347400948405266,0.9999433755874634,0.3439543545246124,-0.4429069459438324,0.1275087296962738,0.8858098983764648,-0.07523871958255768,-0.2809355556964874,-0.1652238667011261,0.9881531000137329,0.5800754427909851,-0.4146800935268402,0.11372639983892441,0.9602242708206177,0.07502327114343643,-0.26988741755485535,-0.2795737087726593,0.9893959164619446,0.08427280932664871,-0.010247600264847279,0.06568901985883713,0.9999688267707825,-0.08271661400794983,0.006214309949427843,-0.06308065354824066,0.9999430179595947,0.20909328758716583,0.3869272768497467,0.004357100930064917,0.7855952382087708,-0.053690120577812195,0.3389438986778259,-0.08102245628833771,0.7501145601272583,0.3244823217391968,0.7399692535400391,0.09391795098781586,0.7924481630325317,-0.06924764066934586,0.7285889387130737,0.10365929454565048,0.7021244764328003
120,0.10761924833059311,-0.5492957234382629,-0.1474606692790985,0.9997506737709045,0.11528484523296356,-0.5809151530265808,-0.13208097219467163,0.999110758304596,0.10930422693490982,-0.5907222032546997,-0.1839117407798767,0.9996860027313232,0.07355359196662903,-0.6049529314041138,-0.055828940123319626,0.999447762966156,0.012839702889323235,-0.5681669116020203,-0.14239361882209778,0.9993653297424316,0.12653052806854248,-0.48900020122528076,0.08504901081323624,0.9999735355377197,-0.12962606549263,-0.5206357836723328,-0.03250047191977501,0.9999436140060425,0.34384486079216003,-0.44080591201782227,0.12472651153802872,0.8888933658599854,-0.0749237984418869,-0.28001871705055237,-0.14280308783054352,0.9880207777023315,0.5799327492713928,-0.41062504053115845,0.11027572304010391,0.9620087146759033,0.07393346726894379,-0.27001893520355225,-0.2308478206396103,0.9894149303436279,0.08477858453989029,-0.010256833396852016,0.06470397859811783,0.9999690651893616,-0.08315257728099823,0.006228559650480747,-0.06219135969877243,0.9999428391456604,0.2093803882598877,0.38742223381996155,-0.0009531000396236777,0.786807656288147,-0.054688554257154465,0.338973730802536,-0.07948699593544006,0.7479572892189026,0.3246896266937256,0.7400058507919312,0.09167958796024323,0.7915797233581543,-0.0691952183842659,0.7278804779052734,0.1071176826953888,0.696430504322052
121,0.10735323280096054,-0.5488042235374451,-0.1483543962240219,0.9997413754463196,0.1151394471526146,-0.5804736018180847,-0.13316741585731506,0.9990854859352112,0.10918499529361725,-0.5902383327484131,-0.18512950837612152,0.9996703863143921,0.07358968257904053,-0.6047685742378235,-0.05765305459499359,0.9994317889213562,0.012804059311747551,-0.5680771470069885,-0.14388111233711243,0.999329686164856,0.12649713456630707,-0.48895713686943054,0.08331657201051712,0.999974250793457,-0.1295480579137802,-0.5206903219223022,-0.032530102878808975,0.9999432563781738,0.34347373247146606,-0.44016769528388977,0.12245900183916092,0.8910630345344543,-0.07450811564922333,-0.2800663113594055,-0.1360684037208557,0.9876598119735718,0.578900933265686,-0.40919435024261475,0.10817738622426987,0.9633013606071472,0.07086151838302612,-0.270148903131485,-0.21686643362045288,0.9891154766082764,0.08500175923109055,-0.010267210192978382,0.06448519229888916,0.9999694228172302,-0.0833234190940857,0.006240635644644499,-0.06203913316130638,0.9999428391456604,0.20917922258377075,0.3878709077835083,-0.0009267596760764718,0.7877015471458435,-0.05598612129688263,0.3389992415904999,-0.07944975793361664,0.7484518885612488,0.32392066717147827,0.7415125966072083,0.09274749457836151,0.7927237749099731,-0.06900167465209961,0.7278419137001038,0.10644686967134476,0.6941583156585693
122,0.10732786357402802,-0.5480055212974548,-0.14720945060253143,0.9997464418411255,0.11511729657649994,-0.5796977877616882,-0.13231246173381805,0.9991074800491333,0.10921049118041992,-0.589393138885498,-0.18456371128559113,0.9996764063835144,0.07322166860103607,-0.6044077277183533,-0.05763011425733566,0.999448835849762,0.012790792621672153,-0.5674198269844055,-0.14463911950588226,0.9993428587913513,0.12475262582302094,-0.48885244131088257,0.0825783833861351,0.9999753832817078,-0.12986616790294647,-0.5206707119941711,-0.032911282032728195,0.9999443888664246,0.34225255250930786,-0.4392012655735016,0.12168243527412415,0.8936882615089417,-0.07502899318933487,-0.27969038486480713,-0.13679875433444977,0.9875887036323547,0.577682614326477,-0.40917542576789856,0.10765863209962845,0.9647469520568848,0.06482746452093124,-0.2702197730541229,-0.2205861657857895,0.9891827702522278,0.08503054082393646,-0.010338691994547844,0.06430431455373764,0.9999699592590332,-0.0833490714430809,0.006323802750557661,-0.06189146637916565,0.999943196773529,0.20913438498973846,0.38821786642074585,0.00036936189280822873,0.7894654273986816,-0.055874794721603394,0.33873826265335083,-0.07769320905208588,0.7443102598190308,0.32274284958839417,0.7413457036018372,0.09738118201494217,0.7924296855926514,-0.06444267183542252,0.7244648337364197,0.11867579072713852,0.6857913136482239
123,0.1066577211022377,-0.5478405952453613,-0.14779137074947357,0.9997420310974121,0.11467049270868301,-0.5792124271392822,-0.1328333169221878,0.9990886449813843,0.10852956771850586,-0.5890001058578491,-0.18516473472118378,0.9996694326400757,0.07321669906377792,-0.6038731336593628,-0.057945333421230316,0.9994440674781799,0.011918343603610992,-0.5671004056930542,-0.1450965702533722,0.9993315935134888,0.12470202147960663,-0.4888460338115692,0.08116472512483597,0.9999761581420898,-0.13176916539669037,-0.5210891366004944,-0.03301374614238739,0.999945878982544,0.341377317905426,-0.4391607940196991,0.12024900317192078,0.8965420126914978,-0.08477440476417542,-0.2797684073448181,-0.14861004054546356,0.9878647923469543,0.5766280889511108,-0.40906664729118347,0.10740697383880615,0.9662846326828003,0.06094308942556381,-0.27134212851524353,-0.261269211769104,0.9896873235702515,0.08505413681268692,-0.010413640178740025,0.06415381282567978,0.9999696016311646,-0.08337350189685822,0.006389561574906111,-0.061716414988040924,0.9999424815177917,0.20893706381320953,0.38777410984039307,0.0010497525800019503,0.7908370494842529,-0.05593475326895714,0.33839941024780273,-0.07761139422655106,0.744462788105011,0.32069313526153564,0.7409605979919434,0.09790707379579544,0.7946016788482666,-0.06672908365726471,0.724536657333374,0.11227685213088989,0.6874999403953552
124,0.1084539070725441,-0.5478372573852539,-0.1478060632944107,0.9997468590736389,0.11531010270118713,-0.5792186260223389,-0.13281506299972534,0.9991030097007751,0.10924620926380157,-0.58891761302948,-0.1853724718093872,0.9996727108955383,0.07301591336727142,-0.6042124032974243,-0.057901669293642044,0.9994600415229797,0.011839526705443859,-0.5658851861953735,-0.14717569947242737,0.9993399977684021,0.12464245408773422,-0.4889887273311615,0.08083292841911316,0.9999773502349854,-0.13226014375686646,-0.5213467478752136,-0.0366438664495945,0.999947726726532,0.3405391275882721,-0.43912532925605774,0.11866465210914612,0.9004834890365601,-0.1036786213517189,-0.28001856803894043,-0.17772826552391052,0.9883382320404053,0.576601505279541,-0.4091576337814331,0.10322130471467972,0.9682199954986572,0.052559711039066315,-0.2729499638080597,-0.31668147444725037,0.9901009798049927,0.08488708734512329,-0.010427880100905895,0.06445971876382828,0.9999688863754272,-0.08323062211275101,0.006402596365660429,-0.06199890375137329,0.999940812587738,0.20831288397312164,0.3879088759422302,0.009095943532884121,0.7914124727249146,-0.054613903164863586,0.33838707208633423,-0.07470318675041199,0.7460455298423767,0.3179722726345062,0.740884006023407,0.11108490079641342,0.7978429198265076,-0.0716976672410965,0.7245168089866638,0.11556794494390488,0.6896892189979553
125,0.10794437676668167,-0.5410507321357727,-0.15004464983940125,0.9997435808181763,0.11487268656492233,-0.5717334747314453,-0.1355712115764618,0.9990878701210022,0.10860107094049454,-0.5806896090507507,-0.18851563334465027,0.9996649622917175,0.07302136719226837,-0.6010743975639343,-0.0603594146668911,0.9994609355926514,0.010938909836113453,-0.5586273670196533,-0.15065179765224457,0.9993315935134888,0.12464435398578644,-0.4889149069786072,0.07820788025856018,0.999978244304657,-0.134369358420372,-0.5210468173027039,-0.037595249712467194,0.9999488592147827,0.3404163718223572,-0.4384472668170929,0.1151147410273552,0.9037941098213196,-0.11359520256519318,-0.2794150710105896,-0.17994074523448944,0.9888166189193726,0.5768344402313232,-0.40693411231040955,0.09899652004241943,0.9696754813194275,0.045547690242528915,-0.2759242057800293,-0.3148140609264374,0.9905179738998413,0.08492060005664825,-0.010508567094802856,0.06438254565000534,0.9999683499336243,-0.08327355235815048,0.006481139920651913,-0.06192502751946449,0.9999397397041321,0.2080639898777008,0.387933611869812,0.010011791251599789,0.7943381071090698,-0.04938979819417,0.3384611904621124,-0.07234657555818558,0.7503017783164978,0.3179842233657837,0.7404664754867554,0.11657135933637619,0.8018754720687866,-0.06925296783447266,0.7246749997138977,0.11726031452417374,0.6951008439064026
126,0.10681382566690445,-0.5396260619163513,-0.15599219501018524,0.9997361302375793,0.11403924226760864,-0.5697385668754578,-0.14165416359901428,0.9990599751472473,0.10697498172521591,-0.5787299275398254,-0.194545716047287,0.9996535181999207,0.07324928790330887,-0.5997188091278076,-0.06421317905187607,0.9994599223136902,0.009268899448215961,-0.5563561916351318,-0.15368720889091492,0.9993193745613098,0.12623828649520874,-0.48889458179473877,0.07332277297973633,0.99997878074646,-0.13770508766174316,-0.5221206545829773,-0.03824245184659958,0.9999496340751648,0.34139272570610046,-0.43858417868614197,0.10668783634901047,0.9074043035507202,-0.12971334159374237,-0.2873589098453522,-0.19446642696857452,0.9893782138824463,0.5788966417312622,-0.4069698452949524,0.0896751880645752,0.9711611866950989,0.031135709956288338,-0.2939409911632538,-0.35449397563934326,0.9911243915557861,0.08520173281431198,-0.010523478500545025,0.06363065540790558,0.9999680519104004,-0.08360406011343002,0.006496415939182043,-0.061056047677993774,0.9999392032623291,0.2097632735967636,0.38881734013557434,0.012245937250554562,0.8037503957748413,-0.048655129969120026,0.33886459469795227,-0.06865362077951431,0.7610196471214294,0.3203105032444,0.7429044246673584,0.12754815816879272,0.8134607672691345,-0.06908316910266876,0.7243664264678955,0.12651802599430084,0.7096399664878845
127,0.11197531223297119,-0.5382726788520813,-0.15577006340026855,0.9997103214263916,0.11790131032466888,-0.5684689283370972,-0.1413821130990982,0.9989844560623169,0.11075770109891891,-0.5768152475357056,-0.1945396065711975,0.9996194839477539,0.07483536005020142,-0.5997027158737183,-0.06479109078645706,0.9994474649429321,0.011158683337271214,-0.5526787042617798,-0.15691903233528137,0.9992851614952087,0.1309521496295929,-0.48943468928337097,0.06873240321874619,0.9999791979789734,-0.13738662004470825,-0.5237549543380737,-0.045341044664382935,0.9999493956565857,0.34162935614585876,-0.4386972188949585,0.09372840821743011,0.9099875092506409,-0.1302398145198822,-0.3093843460083008,-0.2271173596382141,0.9899829030036926,0.5791624188423157,-0.40579330921173096,0.07571461796760559,0.9719240069389343,0.029831288382411003,-0.3251163363456726,-0.39812129735946655,0.9916664958000183,0.08547203987836838,-0.01053822971880436,0.06239950284361839,0.9999692440032959,-0.08389483392238617,0.006510621402412653,-0.05976215377449989,0.9999412298202515,0.21300378441810608,0.3902978003025055,0.014421673491597176,0.819090723991394,-0.048921138048172,0.3397495448589325,-0.068510040640831,0.7786090970039368,0.3241247832775116,0.7498789429664612,0.13428916037082672,0.8300632238388062,-0.06474334001541138,0.7239925861358643,0.1386306881904602,0.7322825193405151
128,0.11689463257789612,-0.5384228825569153,-0.15114904940128326,0.999687135219574,0.12155590206384659,-0.5685837268829346,-0.1366308033466339,0.9989184737205505,0.1146625205874443,-0.5771247148513794,-0.19105443358421326,0.9995880722999573,0.07557611912488937,-0.6008814573287964,-0.06052030622959137,0.9994373917579651,0.012378677725791931,-0.5528437495231628,-0.15662209689617157,0.9992499351501465,0.1326405256986618,-0.4912194311618805,0.07034273445606232,0.9999794960021973,-0.13702723383903503,-0.5278080105781555,-0.04559763893485069,0.9999481439590454,0.341045081615448,-0.4397872984409332,0.09772282838821411,0.9121724367141724,-0.1304173618555069,-0.33332639932632446,-0.23366491496562958,0.9905300736427307,0.5762498378753662,-0.40318575501441956,0.08753611147403717,0.9729041457176208,0.028434425592422485,-0.35088449716567993,-0.4018997550010681,0.9920974373817444,0.08549172431230545,-0.010552258230745792,0.061724111437797546,0.9999701976776123,-0.08391696959733963,0.006523921620100737,-0.05899255350232124,0.9999426007270813,0.20418161153793335,0.39546316862106323,0.014373709447681904,0.8318426012992859,-0.049046989530324936,0.3430659770965576,-0.07047165930271149,0.7924800515174866,0.3144071698188782,0.7540750503540039,0.13905711472034454,0.8437860608100891,-0.05822547897696495,0.7237593531608582,0.14548411965370178,0.7492491006851196
129,0.1195424497127533,-0.5401716828346252,-0.15308094024658203,0.9996480941772461,0.1234070211648941,-0.5704423189163208,-0.13817907869815826,0.9988219738006592,0.11635801196098328,-0.5783699154853821,-0.19331492483615875,0.9995372891426086,0.07641151547431946,-0.6019476056098938,-0.06100752577185631,0.9994189143180847,0.012529801577329636,-0.5530765652656555,-0.15859511494636536,0.9991682767868042,0.1345120519399643,-0.4920603334903717,0.070450559258461,0.9999793767929077,-0.13663159310817719,-0.5331162214279175,-0.04964075982570648,0.9999423027038574,0.3417198657989502,-0.4398227035999298,0.09916574507951736,0.9140848517417908,-0.13081863522529602,-0.3548738658428192,-0.2501732110977173,0.9907944202423096,0.574467658996582,-0.402617871761322,0.08826315402984619,0.974150538444519,0.028175421059131622,-0.3739308714866638,-0.4238307476043701,0.992265522480011,0.08550295233726501,-0.010524715296924114,0.06144542247056961,0.9999693632125854,-0.08392840623855591,0.006486130878329277,-0.0586298331618309,0.9999392628669739,0.19036221504211426,0.39857739210128784,0.004382084123790264,0.8395989537239075,-0.04895421862602234,0.3419112265110016,-0.08410044014453888,0.7973485589027405,0.26817747950553894,0.7662506699562073,0.12741731107234955,0.8541663885116577,-0.0384087972342968,0.7122181057929993,0.14246371388435364,0.7550384402275085
130,0.12158039212226868,-0.5402608513832092,-0.15139268338680267,0.9996669888496399,0.12418581545352936,-0.5706258416175842,-0.13641759753227234,0.9988917112350464,0.11777772009372711,-0.5784837007522583,-0.19225507974624634,0.9995601773262024,0.07622990012168884,-0.6020037531852722,-0.06034008413553238,0.9994581341743469,0.01300190482288599,-0.5533020496368408,-0.15839724242687225,0.9991961717605591,0.1344132125377655,-0.4898325800895691,0.07273002713918686,0.9999802112579346,-0.132878378033638,-0.5399960279464722,-0.05360915884375572,0.9999415874481201,0.3391624689102173,-0.4357071816921234,0.10072934627532959,0.9090359210968018,-0.12809576094150543,-0.3745206594467163,-0.2551251947879791,0.99071204662323,0.5716431736946106,-0.4005395174026489,0.09552537649869919,0.9737213850021362,0.028824079781770706,-0.3850954473018646,-0.41945570707321167,0.9915550947189331,0.0831829383969307,-0.008381828665733337,0.06179189682006836,0.9999680519104004,-0.08144715428352356,0.004171660169959068,-0.05900510028004646,0.9999337792396545,0.16950522363185883,0.4007296562194824,-0.036392562091350555,0.8307198882102966,-0.04900474101305008,0.33580976724624634,-0.08931926637887955,0.7774760723114014,0.2211763560771942,0.7831723690032959,-0.013615853153169155,0.8571364879608154,-0.041915412992239,0.6997531056404114,0.12439016997814178,0.7274595499038696
131,0.12475254386663437,-0.5403265357017517,-0.15415528416633606,0.9996799230575562,0.12625420093536377,-0.5707067251205444,-0.1389877051115036,0.9989486932754517,0.11994922161102295,-0.5786684155464172,-0.1951807141304016,0.9995717406272888,0.07676833868026733,-0.6019492149353027,-0.06334084272384644,0.9994912147521973,0.013991803862154484,-0.5529783368110657,-0.16181513667106628,0.9991866946220398,0.13651975989341736,-0.48916640877723694,0.07050557434558868,0.9999811053276062,-0.12884746491909027,-0.541319727897644,-0.06007886305451393,0.9999352693557739,0.33929216861724854,-0.4322091341018677,0.089963398873806,0.9039031863212585,-0.12332518398761749,-0.3820371925830841,-0.2660311460494995,0.9896357655525208,0.5595334768295288,-0.39293500781059265,0.07145420461893082,0.9732176065444946,0.030151519924402237,-0.3932778239250183,-0.4305322766304016,0.9883806109428406,0.08203424513339996,-0.006914183031767607,0.06129811704158783,0.9999657273292542,-0.08013423532247543,0.002713831840083003,-0.05853814631700516,0.9999213814735413,0.14557965099811554,0.4026707708835602,-0.05830948054790497,0.818829357624054,-0.07123355567455292,0.33118921518325806,-0.08886050432920456,0.7396016716957092,0.17868541181087494,0.7899994850158691,-0.048345863819122314,0.8597410321235657,-0.08039899170398712,0.6916175484657288,0.13994085788726807,0.6867491006851196
132,0.13333116471767426,-0.5407776236534119,-0.1549665629863739,0.9996863007545471,0.13369981944561005,-0.5712053179740906,-0.13934732973575592,0.998989999294281,0.12802942097187042,-0.5791110992431641,-0.1956370770931244,0.999570906162262,0.08015534281730652,-0.6014133095741272,-0.06365837901830673,0.9995200037956238,0.019595880061388016,-0.5528600215911865,-0.1630064994096756,0.9991512298583984,0.1393538862466812,-0.4863724410533905,0.06909152120351791,0.9999818801879883,-0.12241937965154648,-0.5423628091812134,-0.06377308070659637,0.9999229907989502,0.3396826386451721,-0.4284069538116455,0.09051493555307388,0.9036073684692383,-0.11572091281414032,-0.40301719307899475,-0.2760509252548218,0.9882237911224365,0.553886353969574,-0.38692954182624817,0.0744386836886406,0.9738253951072693,0.030971795320510864,-0.40342357754707336,-0.4413677453994751,0.9825264811515808,0.08101900666952133,-0.00628129905089736,0.06031158193945885,0.9999634623527527,-0.07896208018064499,0.0022067325189709663,-0.05757812783122063,0.9999068975448608,0.13518168032169342,0.40481409430503845,-0.05227825418114662,0.81076580286026,-0.09126938134431839,0.3289840519428253,-0.08805445581674576,0.7061552405357361,0.1793678253889084,0.7861440777778625,-0.007555031217634678,0.8623074293136597,-0.11357925832271576,0.665763795375824,0.19291740655899048,0.64374178647995
133,0.15881817042827606,-0.5409544110298157,-0.154649555683136,0.9997005462646484,0.15880359709262848,-0.5714640617370605,-0.13872940838336945,0.9990520477294922,0.15485882759094238,-0.5794044733047485,-0.19553829729557037,0.9995872974395752,0.09470721334218979,-0.6014018058776855,-0.0636417344212532,0.999556839466095,0.04119320586323738,-0.55296391248703,-0.16685321927070618,0.9991798996925354,0.1482323259115219,-0.4841475486755371,0.06702455133199692,0.999983012676239,-0.11044585704803467,-0.5441092252731323,-0.07306987792253494,0.999919056892395,0.3411664366722107,-0.4147520363330841,0.0881749764084816,0.9071422815322876,-0.09475258737802505,-0.40560996532440186,-0.2949233651161194,0.9882968664169312,0.5468640327453613,-0.3736031651496887,0.07435254752635956,0.9752438068389893,0.043069884181022644,-0.4120156764984131,-0.4681752622127533,0.9819283485412598,0.08077169209718704,-0.00574255408719182,0.05999739468097687,0.9999620318412781,-0.07864408940076828,0.0017306279623880982,-0.05737254023551941,0.9998957514762878,0.1320207715034485,0.4062075912952423,-0.04588839411735535,0.8130509853363037,-0.1203586608171463,0.3267524242401123,-0.09245175868272781,0.6960775256156921,0.18888360261917114,0.7838332653045654,0.010331020690500736,0.8679925203323364,-0.15567328035831451,0.6407557725906372,0.21907487511634827,0.6082354784011841
134,0.1821557581424713,-0.5432644486427307,-0.12702135741710663,0.999713122844696,0.18204639852046967,-0.5735238194465637,-0.11012972146272659,0.9991124868392944,0.18091033399105072,-0.5814996361732483,-0.16767670214176178,0.9996052384376526,0.11128656566143036,-0.6025914549827576,-0.04255750775337219,0.9995916485786438,0.06655726581811905,-0.5554352402687073,-0.15570709109306335,0.9992119073867798,0.15340419113636017,-0.4831608533859253,0.08644965291023254,0.9999840259552002,-0.08184684813022614,-0.5516967177391052,-0.07163996994495392,0.9999133944511414,0.3413180112838745,-0.401280015707016,0.14009177684783936,0.9080810546875,-0.03461090847849846,-0.4161306917667389,-0.2817535102367401,0.9878064393997192,0.5316236615180969,-0.35402292013168335,0.16780033707618713,0.9765413999557495,0.07694477587938309,-0.4195600152015686,-0.44663384556770325,0.9812790155410767,0.07881753891706467,-0.004990674089640379,0.06068417429924011,0.9999607801437378,-0.0764082670211792,0.0010884309886023402,-0.058200135827064514,0.999881386756897,0.13441109657287598,0.404175728559494,-0.04101584106683731,0.8188765048980713,-0.1156851127743721,0.3268427550792694,-0.13047295808792114,0.6899510622024536,0.17011494934558868,0.7821910381317139,0.01017299946397543,0.8745661377906799,-0.1694766879081726,0.5985056757926941,0.22683924436569214,0.5637789368629456
135,0.21717864274978638,-0.5529316663742065,-0.12235347181558609,0.9997206330299377,0.21340984106063843,-0.5846245288848877,-0.10395672172307968,0.9991604685783386,0.21259050071239471,-0.5910070538520813,-0.1638038009405136,0.9996201395988464,0.1323949247598648,-0.6118687987327576,-0.03547181561589241,0.9996232986450195,0.08618071675300598,-0.5608538389205933,-0.15551939606666565,0.9992473125457764,0.16561263799667358,-0.481362909078598,0.08876544237136841,0.9999844431877136,-0.059234559535980225,-0.5639292597770691,-0.07014647126197815,0.9999043941497803,0.3389061689376831,-0.3910738229751587,0.15277908742427826,0.9109500050544739,-0.011591771617531776,-0.4430375099182129,-0.2819620668888092,0.987549901008606,0.5026592016220093,-0.3463020622730255,0.19128015637397766,0.9768272042274475,0.11195235699415207,-0.4374668300151825,-0.44691789150238037,0.9800417423248291,0.07886690646409988,-0.0033232325222343206,0.060828398913145065,0.9999536275863647,-0.0764767974615097,-0.0006083660991862416,-0.05839650332927704,0.9998534321784973,0.13869984447956085,0.4128694534301758,-0.0371696762740612,0.8271239995956421,-0.13364282250404358,0.32686251401901245,-0.12932656705379486,0.6877225041389465,0.15594665706157684,0.781584620475769,0.03849608451128006,0.8734844326972961,-0.1864790916442871,0.6054187417030334,0.22746077179908752,0.5256615877151489
136,0.20803208649158478,-0.5901411771774292,-0.14778755605220795,0.9997220039367676,0.2088869959115982,-0.6163331866264343,-0.1202186644077301,0.9991774559020996,0.2023206502199173,-0.6244583129882812,-0.1784907877445221,0.9996271133422852,0.15181438624858856,-0.6195960640907288,-0.036311592906713486,0.9996400475502014,0.07657846063375473,-0.5780035257339478,-0.15622682869434357,0.9992426037788391,0.1807214617729187,-0.4764922857284546,0.0810246393084526,0.9999821782112122,-0.05681299418210983,-0.5758972764015198,-0.06967373192310333,0.9998927712440491,0.3399544358253479,-0.39548787474632263,0.1928613930940628,0.9061187505722046,0.003496479941532016,-0.5035150051116943,-0.2549537122249603,0.9871675968170166,0.4827609956264496,-0.3520069122314453,0.32353174686431885,0.9726690053939819,0.14411012828350067,-0.5031750798225403,-0.3608859181404114,0.9794251918792725,0.0795113816857338,-0.0008892190526239574,0.06030745431780815,0.9999372363090515,-0.07738566398620605,-0.002842457965016365,-0.057675447314977646,0.999816358089447,0.13716831803321838,0.4126759171485901,-0.04864748567342758,0.8138303160667419,-0.1276678889989853,0.30909761786460876,-0.06048836559057236,0.6321597695350647,0.07931455224752426,0.750108540058136,0.05051812529563904,0.8172500729560852,-0.22067323327064514,0.6121445298194885,0.26243332028388977,0.47851336002349854
137,0.20343662798404694,-0.6136147379875183,-0.1732805222272873,0.9997096657752991,0.20630387961864471,-0.6386062502861023,-0.1442377269268036,0.9991582036018372,0.19753135740756989,-0.6463413834571838,-0.20076240599155426,0.9996253252029419,0.1602395474910736,-0.6309056282043457,-0.052144140005111694,0.9996359944343567,0.07298226654529572,-0.5915771126747131,-0.16370834410190582,0.9992254376411438,0.18628497421741486,-0.47558388113975525,0.06898537278175354,0.9999775886535645,-0.042779576033353806,-0.5816205143928528,-0.07719112187623978,0.9998897314071655,0.3268670439720154,-0.3967162072658539,0.21259766817092896,0.8877009153366089,0.037415746599435806,-0.5279867649078369,-0.2548077404499054,0.9873009920120239,0.44785723090171814,-0.3534308969974518,0.3683706521987915,0.9632995128631592,0.18902312219142914,-0.5469216108322144,-0.34892037510871887,0.9802085161209106,0.08057958632707596,-0.0001616392401047051,0.060738705098629,0.9999242424964905,-0.07880177348852158,-0.00378226675093174,-0.057949285954236984,0.9998077154159546,0.12208583950996399,0.40399497747421265,-0.03001306764781475,0.7637171745300293,-0.1283801794052124,0.3088625967502594,-0.06633397936820984,0.5855874419212341,0.0847567617893219,0.7147666811943054,0.13627159595489502,0.745659351348877,-0.22613434493541718,0.6248338222503662,0.20021645724773407,0.44061821699142456
138,0.20398278534412384,-0.6093073487281799,-0.1699998676776886,0.9996914863586426,0.20407967269420624,-0.6366181373596191,-0.14313286542892456,0.9991739392280579,0.19997286796569824,-0.642518162727356,-0.20012959837913513,0.999621570110321,0.15190714597702026,-0.6322625875473022,-0.05577384680509567,0.9996544718742371,0.07579627633094788,-0.5924577713012695,-0.17169082164764404,0.9992231726646423,0.17876732349395752,-0.4757623076438904,0.0701228603720665,0.9999717473983765,-0.019037915393710136,-0.5905885100364685,-0.08130795508623123,0.9998708367347717,0.2762414813041687,-0.42025017738342285,0.24382612109184265,0.8692550659179688,0.0692751556634903,-0.5903177261352539,-0.21089723706245422,0.9864181280136108,0.3922295570373535,-0.36075112223625183,0.42726972699165344,0.9512702822685242,0.202637180685997,-0.6081486940383911,-0.19806848466396332,0.9722286462783813,0.08047425746917725,7.1721333370078355e-06,0.06610970944166183,0.9999153017997742,-0.07869575917720795,-0.00442076800391078,-0.06386115401983261,0.9998045563697815,0.11506795883178711,0.40001583099365234,0.007189631462097168,0.715850293636322,-0.10746295005083084,0.3145243227481842,-0.10164593160152435,0.5771850347518921,0.0670982077717781,0.719931960105896,0.1711955964565277,0.6789196729660034,-0.1775626540184021,0.7130164504051208,0.07099057734012604,0.42390087246894836
139,0.22186163067817688,-0.6050202250480652,-0.11329564452171326,0.9996843934059143,0.21567369997501373,-0.6329850554466248,-0.09111906588077545,0.9991936087608337,0.22226305305957794,-0.6413177251815796,-0.15116478502750397,0.9996206164360046,0.1490028351545334,-0.623433530330658,-0.024147428572177887,0.9996703863143921,0.09401918947696686,-0.589611828327179,-0.15433183312416077,0.9992355704307556,0.14582744240760803,-0.4698118567466736,0.13495120406150818,0.999947190284729,0.03767545893788338,-0.6015426516532898,-0.07999733835458755,0.999854564666748,0.23706766963005066,-0.4264768362045288,0.32186517119407654,0.8016166090965271,0.12981738150119781,-0.6798900365829468,-0.08701138198375702,0.9822503924369812,0.34932205080986023,-0.36351892352104187,0.5499762296676636,0.8847094178199768,0.23756980895996094,-0.686126172542572,0.10117489844560623,0.9291785955429077,0.06748484075069427,0.002303522313013673,0.08747278153896332,0.9998981952667236,-0.06481211632490158,-0.008230320177972317,-0.08753890544176102,0.9997940063476562,0.11866933852434158,0.38342389464378357,0.042880866676568985,0.6533568501472473,-0.02331199124455452,0.30681824684143066,-0.12418335676193237,0.5678494572639465,0.08265107870101929,0.7236156463623047,0.1580827236175537,0.6139770150184631,-0.10275352746248245,0.7041950821876526,0.0015971306711435318,0.40093177556991577
140,0.22064268589019775,-0.5963089466094971,-0.08475655317306519,0.999668300151825,0.21456900238990784,-0.6277583837509155,-0.0669163390994072,0.9992049336433411,0.22374942898750305,-0.6339572072029114,-0.13211658596992493,0.9996173977851868,0.14828862249851227,-0.6198620200157166,-0.006395601201802492,0.9996858835220337,0.09563087671995163,-0.5892115235328674,-0.14739184081554413,0.9992547631263733,0.081416554749012,-0.46173521876335144,0.15963836014270782,0.9998517036437988,0.057595979422330856,-0.6091220378875732,-0.07952979952096939,0.9997864961624146,0.1399785429239273,-0.42616575956344604,0.32636964321136475,0.7376616597175598,0.1611347198486328,-0.7021597027778625,-0.09053052216768265,0.977725625038147,0.26551246643066406,-0.3794916570186615,0.5316302180290222,0.8082289695739746,0.22699764370918274,-0.7172726988792419,0.09994649142026901,0.8578914403915405,0.04249023646116257,0.004149835091084242,0.10615263134241104,0.9998510479927063,-0.039190229028463364,-0.011096206493675709,-0.10731620341539383,0.9997650980949402,0.11713363230228424,0.37950047850608826,0.09269435703754425,0.6078663468360901,0.0731213316321373,0.2849285900592804,-0.14592446386814117,0.6003618240356445,0.09429488331079483,0.7272632718086243,0.19827210903167725,0.5627915859222412,-0.011166296899318695,0.7047256231307983,-0.06064080074429512,0.4268057942390442
141,0.21682710945606232,-0.58419269323349,-0.07280530035495758,0.9993983507156372,0.21295291185379028,-0.6175028085708618,-0.06102663651108742,0.9989296793937683,0.22114071249961853,-0.622326672077179,-0.12914149463176727,0.9994968771934509,0.14008359611034393,-0.6196093559265137,-0.011572547256946564,0.9995760321617126,0.10026629269123077,-0.5865806341171265,-0.14740796387195587,0.9991501569747925,0.040452565997838974,-0.4627632796764374,0.14988285303115845,0.9991289973258972,0.08342355489730835,-0.6029993295669556,-0.09674440324306488,0.9996137619018555,0.05144526809453964,-0.42522192001342773,0.31165891885757446,0.6652942895889282,0.22017847001552582,-0.6862969398498535,-0.12945887446403503,0.978496789932251,0.11421508342027664,-0.32087433338165283,0.4213443994522095,0.7275630235671997,0.23639364540576935,-0.7180629372596741,0.008609790354967117,0.8254430890083313,0.0014453029725700617,0.004090617410838604,0.10702378302812576,0.9998183846473694,0.0022165661212056875,-0.01088697835803032,-0.10827931761741638,0.9997628927230835,-0.012516256421804428,0.37978890538215637,0.11202659457921982,0.5644983053207397,0.19781659543514252,0.28108179569244385,-0.14343838393688202,0.6289573311805725,-0.12512466311454773,0.7115162014961243,0.19469031691551208,0.5176988840103149,0.3121834099292755,0.6668667793273926,-0.05495796352624893,0.4538983404636383
142,0.213202565908432,-0.5831215381622314,-0.05663402006030083,0.9986016750335693,0.21004988253116608,-0.6156193017959595,-0.04473588243126869,0.9980771541595459,0.21671485900878906,-0.6207664608955383,-0.1139894649386406,0.9988303780555725,0.1271459460258484,-0.6202294230461121,-0.0017714448040351272,0.9992144703865051,0.09728273749351501,-0.5855417251586914,-0.13688169419765472,0.9984370470046997,0.025041406974196434,-0.4614794850349426,0.15128180384635925,0.9986916184425354,0.09820866584777832,-0.5995224714279175,-0.09432899951934814,0.9992865920066833,-0.0017952002817764878,-0.3363984227180481,0.29468968510627747,0.5997638702392578,0.2303147166967392,-0.660109281539917,-0.11984463036060333,0.961945652961731,0.057033438235521317,-0.13987021148204803,0.314336895942688,0.6549752950668335,0.23250554502010345,-0.7197045683860779,0.022370709106326103,0.763184666633606,-0.0017118473770096898,0.004088824149221182,0.10383770614862442,0.9997649788856506,0.005403454881161451,-0.010846493765711784,-0.10483216494321823,0.9997438192367554,0.03590266779065132,0.3810247480869293,0.10496532171964645,0.5161074995994568,0.1844465434551239,0.2784239649772644,-0.14498884975910187,0.6364992260932922,-0.01835050620138645,0.7152160406112671,0.18399447202682495,0.47048404812812805,0.27237826585769653,0.6672002673149109,-0.04972943291068077,0.44808992743492126
143,0.2116856724023819,-0.5746495127677917,-0.04438943415880203,0.9984089136123657,0.209281325340271,-0.6044332981109619,-0.032024458050727844,0.9974621534347534,0.21539652347564697,-0.6062472462654114,-0.09681646525859833,0.998758852481842,0.1232433095574379,-0.6059798002243042,0.005443517584353685,0.9988787770271301,0.10145453363656998,-0.5629182457923889,-0.12311970442533493,0.998368501663208,0.029009148478507996,-0.45975786447525024,0.1513417363166809,0.9980646967887878,0.10449011623859406,-0.5785252451896667,-0.08298152685165405,0.9992321133613586,0.07219380885362625,-0.5136812925338745,0.2723980247974396,0.5403441786766052,0.29913684725761414,-0.6445711851119995,-0.05722017213702202,0.9602356553077698,0.14629070460796356,-0.6298857927322388,0.43785321712493896,0.589607834815979,0.21760591864585876,-0.7414100170135498,0.19296935200691223,0.6964207887649536,0.00765799917280674,0.004272204823791981,0.10161437839269638,0.999763011932373,-0.004411077126860619,-0.01116916537284851,-0.10208588093519211,0.9997534155845642,0.1286212056875229,0.3664824664592743,0.09675482660531998,0.4699169397354126,0.07900036126375198,0.2836800813674927,-0.09114380925893784,0.6249144077301025,0.21292644739151,0.6935533881187439,0.18031562864780426,0.42848894000053406,-0.10575070977210999,0.6673330664634705,0.020167643204331398,0.42720165848731995
144,0.1994982659816742,-0.5752069354057312,-0.003093040781095624,0.9985602498054504,0.18702912330627441,-0.6037380695343018,0.0005409576115198433,0.9977075457572937,0.20907095074653625,-0.6058897376060486,-0.06236463412642479,0.9988774061203003,0.09568493813276291,-0.5958279371261597,0.006465126760303974,0.99898761510849,0.10881088674068451,-0.5491644144058228,-0.10036937892436981,0.9985179305076599,-0.044384319335222244,-0.4474623501300812,0.15021876990795135,0.9982472658157349,0.14933206140995026,-0.572751522064209,-0.04602617397904396,0.9992808103561401,-0.09633392095565796,-0.4834270775318146,0.2599540054798126,0.5113431811332703,0.29643934965133667,-0.6713107824325562,-0.06990491598844528,0.9611829519271851,-0.11135631054639816,-0.5799058675765991,0.4642527103424072,0.5426488518714905,0.1791044920682907,-0.7501545548439026,0.07332338392734528,0.6681963801383972,-0.04196566715836525,0.00294303591363132,0.09559676051139832,0.9997668266296387,0.045312147587537766,-0.009625166654586792,-0.0953940823674202,0.9997613430023193,-0.05898711085319519,0.3678928315639496,0.08352961391210556,0.436776340007782,0.1357254832983017,0.30136311054229736,-0.09169019758701324,0.6167239546775818,-0.16805683076381683,0.6842334270477295,0.08453629910945892,0.39524203538894653,0.13978274166584015,0.6764515042304993,0.018042389303445816,0.403048038482666
145,0.05916808918118477,-0.5937622785568237,0.09087251871824265,0.9986951351165771,0.050201594829559326,-0.6117357015609741,0.07342705130577087,0.997927188873291,0.09117628633975983,-0.6170429587364197,0.028279680758714676,0.9989814162254333,0.0031688599847257137,-0.5909737944602966,0.0029269754886627197,0.9990847110748291,0.10704381763935089,-0.5484849810600281,-0.02602509781718254,0.9986515641212463,-0.10298438370227814,-0.43560346961021423,0.07767719030380249,0.9984156489372253,0.1717047244310379,-0.5718674659729004,0.02465660497546196,0.9993258118629456,-0.2040703147649765,-0.39515233039855957,0.07766308635473251,0.5441098213195801,0.2837638556957245,-0.6751078963279724,0.03154715523123741,0.9546568989753723,-0.25447800755500793,-0.40183132886886597,0.21745407581329346,0.5531355142593384,0.15301106870174408,-0.7756114602088928,0.16075652837753296,0.6491455435752869,-0.06710510700941086,0.0028129357378929853,0.05952512100338936,0.9996927976608276,0.0699295625090599,-0.009570270776748657,-0.059935763478279114,0.9996910691261292,-0.13010157644748688,0.36578527092933655,0.06179443746805191,0.4050556421279907,0.11816518008708954,0.31644633412361145,-0.06469175964593887,0.5929690599441528,-0.19213558733463287,0.6861194968223572,-0.012525649741292,0.3629632890224457,0.09285499155521393,0.6930144429206848,0.010962122119963169,0.36848366260528564
146,-0.015758372843265533,-0.6124036312103271,0.07214555889368057,0.9988043904304504,-0.017461450770497322,-0.6234572529792786,0.05221604183316231,0.9981143474578857,0.021734213456511497,-0.6328009366989136,0.013302234932780266,0.9990594983100891,-0.02994062751531601,-0.5886882543563843,-0.034486427903175354,0.9991661906242371,0.08721105754375458,-0.5487553477287292,-0.024347880855202675,0.9987338781356812,-0.10298926383256912,-0.4379773736000061,0.01011939812451601,0.9985702037811279,0.1613641381263733,-0.5720100998878479,0.038217511028051376,0.9993476867675781,-0.21707284450531006,-0.3797735273838043,-0.045500509440898895,0.5848849415779114,0.2554471492767334,-0.6760014891624451,0.04082849994301796,0.92290860414505,-0.3385171592235565,-0.34425088763237,0.009692437946796417,0.5923316478729248,0.08348413556814194,-0.7951784729957581,0.12851035594940186,0.6318209767341614,-0.06703411787748337,0.002056438708677888,0.027915263548493385,0.9997034072875977,0.06935739517211914,-0.00902846734970808,-0.026767577975988388,0.9996901750564575,-0.14203257858753204,0.36751294136047363,0.009435726329684258,0.37041041254997253,0.0974300354719162,0.32860758900642395,-0.0192928034812212,0.5400913953781128,-0.19798730313777924,0.7156680226325989,-0.09158767759799957,0.33218148350715637,0.07166091352701187,0.6922037601470947,0.014966582879424095,0.3331562876701355
147,-0.08104847371578217,-0.6195467114448547,0.06459841132164001,0.9989179372787476,-0.08084828406572342,-0.6294995546340942,0.0401599146425724,0.9982960224151611,-0.04084600880742073,-0.6398913264274597,0.0073809376917779446,0.9991481304168701,-0.07554444670677185,-0.5867004990577698,-0.06743138283491135,0.9992451071739197,0.04902293160557747,-0.5500735640525818,-0.024618225172162056,0.9988517165184021,-0.1184457391500473,-0.43091297149658203,-0.030088577419519424,0.9987069964408875,0.14761704206466675,-0.5692861080169678,0.040248092263936996,0.999384343624115,-0.2519015073776245,-0.3704752027988434,-0.13184717297554016,0.6226440072059631,0.23831409215927124,-0.6705245971679688,0.04714323207736015,0.8970955610275269,-0.4031258225440979,-0.3095952570438385,-0.12181323766708374,0.6279173493385315,0.02748064696788788,-0.7956732511520386,0.12317373603582382,0.6280787587165833,-0.06450342386960983,0.0022266844753175974,0.012421989813446999,0.999675989151001,0.06639134138822556,-0.009574109688401222,-0.01172688789665699,0.9996612071990967,-0.1296258121728897,0.3682258725166321,0.014041115529835224,0.33551880717277527,0.09041999280452728,0.3323794901371002,-0.0006805619923397899,0.4933098256587982,-0.1498984694480896,0.7247732877731323,-0.03503165394067764,0.3012695610523224,0.06302512437105179,0.6961662769317627,0.06938683241605759,0.30159395933151245
148,-0.1214020624756813,-0.6195434927940369,0.037858765572309494,0.9990044236183167,-0.1148555651307106,-0.6304961442947388,0.029555175453424454,0.998399019241333,-0.08654887974262238,-0.6404688358306885,-0.015460134483873844,0.9992080926895142,-0.07772287726402283,-0.5878245234489441,-0.08982829004526138,0.999285101890564,-0.001064129639416933,-0.5508224964141846,-0.020167183130979538,0.9989292025566101,-0.08109284192323685,-0.47313427925109863,-0.025162458419799805,0.9988041520118713,0.12074322253465652,-0.5683629512786865,0.07975839823484421,0.9993701577186584,-0.013798245228827,-0.6077422499656677,-0.05414736270904541,0.6325749754905701,0.16899332404136658,-0.662527859210968,0.10723995417356491,0.8465508818626404,-0.3952750563621521,-0.7132531404495239,0.025548666715621948,0.6172214150428772,-0.02258032187819481,-0.786516547203064,0.2002173215150833,0.6002163290977478,-0.053686533123254776,0.0016525175888091326,0.004757713992148638,0.9994775056838989,0.055697936564683914,-0.009062609635293484,-0.003720891196280718,0.9994444847106934,-0.10587622225284576,0.37009772658348083,0.015842745080590248,0.30266115069389343,0.07467541098594666,0.33190682530403137,0.01151293981820345,0.4447794556617737,-0.10589733719825745,0.7699291706085205,-0.0029573538340628147,0.27169346809387207,0.03199668228626251,0.7361225485801697,0.08607076853513718,0.27171632647514343
149,-0.13713158667087555,-0.6187993884086609,0.04382196441292763,0.9991016387939453,-0.12893293797969818,-0.629091203212738,0.02326100692152977,0.9985564947128296,-0.09400873631238937,-0.6406345963478088,-0.00827996525913477,0.9992843270301819,-0.09460704028606415,-0.5815387964248657,-0.09976615011692047,0.9993552565574646,0.0023961858823895454,-0.5527811050415039,-0.016692429780960083,0.9990323185920715,-0.12922091782093048,-0.45390617847442627,-0.07141855359077454,0.998920202255249,0.13517352938652039,-0.5739303827285767,0.08110427111387253,0.9993978142738342,-0.28884226083755493,-0.432861328125,-0.1634121686220169,0.6686736941337585,0.17158298194408417,-0.6640670299530029,0.10869427025318146,0.7937847971916199,-0.4631608724594116,-0.36364200711250305,-0.12744799256324768,0.6545535922050476,-0.03754541650414467,-0.7838232517242432,0.18842503428459167,0.5592063665390015,-0.05902707949280739,0.0018418451072648168,-0.012545367702841759,0.9994258880615234,0.060493383556604385,-0.00945598166435957,0.012732882983982563,0.9993556141853333,-0.09377258270978928,0.37055155634880066,0.00713582755997777,0.2743876278400421,0.076610267162323,0.3387184739112854,0.020767781883478165,0.4019840359687805,-0.05067208781838417,0.7742300629615784,0.01486983522772789,0.2455136775970459,0.0329410582780838,0.7363870143890381,0.11008281260728836,0.24488765001296997
150,-0.14299674332141876,-0.6165897846221924,0.03847815468907356,0.9991865158081055,-0.13430346548557281,-0.6230370998382568,0.017048481851816177,0.9986961483955383,-0.10059026628732681,-0.6383423209190369,-0.012223011814057827,0.99934983253479,-0.09635073691606522,-0.5730452537536621,-0.10515200346708298,0.9994174242019653,-0.0023352853022515774,-0.5532838106155396,-0.01563568040728569,0.99912029504776,-0.13349854946136475,-0.4451809823513031,-0.07999957352876663,0.999022901058197,0.1336388736963272,-0.5739820599555969,0.09216253459453583,0.9993886947631836,-0.30584025382995605,-0.38174915313720703,-0.1716579645872116,0.70120769739151,0.1626441925764084,-0.6630474328994751,0.1208808496594429,0.7459514737129211,-0.4834083616733551,-0.3048448860645294,-0.13002611696720123,0.6882113814353943,-0.05655260384082794,-0.7756409645080566,0.20245014131069183,0.5168834328651428,-0.0596422478556633,0.0018582341726869345,-0.018675005063414574,0.9994428157806396,0.06108344718813896,-0.009494532831013203,0.01879946142435074,0.9993526935577393,-0.09167415648698807,0.3738694489002228,-0.0012620900524780154,0.25718963146209717,0.09055772423744202,0.34110593795776367,0.01201542280614376,0.3705817461013794,-0.020153047516942024,0.7721807360649109,0.027390675619244576,0.2296675741672516,0.05127826705574989,0.7290245890617371,0.09956544637680054,0.22341632843017578
151,-0.15437664091587067,-0.6157616972923279,0.036422248929739,0.999264657497406,-0.1476452350616455,-0.6213797330856323,0.013859618455171585,0.9988240599632263,-0.11440043896436691,-0.6378280520439148,-0.013523914851248264,0.9994115829467773,-0.10705059766769409,-0.5726273655891418,-0.1081521213054657,0.9994743466377258,-0.015368964523077011,-0.5537302494049072,-0.014840209856629372,0.9992035627365112,-0.13589993119239807,-0.4431600272655487,-0.0878811627626419,0.9991158843040466,0.129645437002182,-0.5740330815315247,0.09743112325668335,0.9993822574615479,-0.3232141137123108,-0.3812263607978821,-0.18718039989471436,0.730776309967041,0.15249060094356537,-0.6599404811859131,0.13622236251831055,0.7049257755279541,-0.5082913637161255,-0.31028395891189575,-0.14621268212795258,0.7186788320541382,-0.07126236706972122,-0.7789732217788696,0.23161540925502777,0.47575056552886963,-0.05959079787135124,0.002603034721687436,-0.02418714016675949,0.9994599223136902,0.060918305069208145,-0.010252408683300018,0.024129902943968773,0.9993476271629333,-0.09006616473197937,0.38180696964263916,-0.010087595321238041,0.25145474076271057,0.140264093875885,0.34049978852272034,0.039288055151700974,0.3459821939468384,0.02738153748214245,0.7679601907730103,0.025308387354016304,0.22288446128368378,0.15906062722206116,0.715181291103363,0.12243204563856125,0.20601904392242432
152,-0.1681104153394699,-0.6123242378234863,0.014553060755133629,0.9993354678153992,-0.15505342185497284,-0.6187654733657837,-0.013361292891204357,0.9989396333694458,-0.12844784557819366,-0.6359145641326904,-0.028811009600758553,0.999467670917511,-0.0987117737531662,-0.5721191167831421,-0.12710192799568176,0.9995255470275879,-0.028762511909008026,-0.5539306998252869,-0.02140219695866108,0.9992787837982178,-0.12699748575687408,-0.43882766366004944,-0.105816550552845,0.9991980791091919,0.11685137450695038,-0.5732128620147705,0.11277896165847778,0.9993882179260254,-0.31946733593940735,-0.3611331880092621,-0.19925853610038757,0.7566653490066528,0.08339160680770874,-0.6478360891342163,0.16313844919204712,0.6488935947418213,-0.5039569735527039,-0.30349090695381165,-0.14700882136821747,0.745435357093811,-0.10052450001239777,-0.7720924019813538,0.2447596788406372,0.45802152156829834,-0.059478215873241425,0.002798797795549035,-0.03996693342924118,0.9994897842407227,0.060700543224811554,-0.0102765541523695,0.03980327770113945,0.9993773102760315,-0.07347801327705383,0.3834727108478546,-0.046450208872556686,0.26593711972236633,0.17412099242210388,0.33122390508651733,0.08376066386699677,0.3248436152935028,0.07165221124887466,0.7654899954795837,-0.020509865134954453,0.23644928634166718,0.2623681128025055,0.7100661396980286,0.18060831725597382,0.19418881833553314
153,-0.18455706536769867,-0.6113712191581726,-0.0356101356446743,0.9993835091590881,-0.16235089302062988,-0.6182013750076294,-0.061281800270080566,0.9990290999412537,-0.14145581424236298,-0.635625422000885,-0.07335695624351501,0.9995003938674927,-0.08777240663766861,-0.5687214732170105,-0.15935759246349335,0.9995580315589905,-0.03615935891866684,-0.554112434387207,-0.023300310596823692,0.9993082880973816,-0.11714968085289001,-0.43375399708747864,-0.13248595595359802,0.9992654323577881,0.09302328526973724,-0.5686739683151245,0.11497475951910019,0.9993885159492493,-0.2934671640396118,-0.3635982573032379,-0.25240540504455566,0.7793805003166199,0.03526996076107025,-0.6475679278373718,0.17027175426483154,0.5995919704437256,-0.48499736189842224,-0.30730393528938293,-0.23387333750724792,0.7687956094741821,-0.1280634105205536,-0.7879515290260315,0.2310379147529602,0.4634651243686676,-0.0569646880030632,0.0026244549080729485,-0.04528917372226715,0.9995316863059998,0.05827406421303749,-0.009894152171909809,0.04555031284689903,0.9994288682937622,-0.03226436302065849,0.3827310800552368,-0.059929411858320236,0.2514282464981079,0.18578171730041504,0.330574095249176,0.06692369282245636,0.301928848028183,0.09385572373867035,0.7629932761192322,-0.03868037089705467,0.23358650505542755,0.29756641387939453,0.7091968059539795,0.15226487815380096,0.1826375424861908
154,-0.1943693459033966,-0.6081093549728394,-0.02862812951207161,0.9994423985481262,-0.17458565533161163,-0.6166125535964966,-0.05074137821793556,0.9991242289543152,-0.15159648656845093,-0.6347651481628418,-0.0689510703086853,0.9995474815368652,-0.08946699649095535,-0.5673896074295044,-0.14301057159900665,0.9996006488800049,-0.04005195572972298,-0.5557687282562256,-0.007208945695310831,0.9993709921836853,-0.11410390585660934,-0.4322623014450073,-0.11102978140115738,0.9993360042572021,0.085075244307518,-0.5683598518371582,0.1439618021249771,0.9994309544563293,-0.289506196975708,-0.36349645256996155,-0.21627050638198853,0.8007193803787231,0.008359331637620926,-0.6470083594322205,0.21024812757968903,0.5624419450759888,-0.4822371006011963,-0.30898186564445496,-0.1749994158744812,0.7913447618484497,-0.1449694037437439,-0.8008736371994019,0.2775476574897766,0.4859045147895813,-0.05532381683588028,0.002186759375035763,-0.045545756816864014,0.999572217464447,0.05668032169342041,-0.009423261508345604,0.04625837877392769,0.9994781613349915,-0.028490722179412842,0.35262173414230347,-0.06226027384400368,0.23645907640457153,0.16813087463378906,0.32229819893836975,0.05301206558942795,0.2801077961921692,0.07314393669366837,0.7112435698509216,-0.06919723749160767,0.22756049036979675,0.24835970997810364,0.6721486449241638,0.11090169101953506,0.16930946707725525
155,-0.18404816091060638,-0.6023778319358826,-0.008237657137215137,0.9994950294494629,-0.16755551099777222,-0.6129723787307739,-0.02991562709212303,0.9992090463638306,-0.14456617832183838,-0.6303684115409851,-0.041698772460222244,0.9995883703231812,-0.08835431188344955,-0.5659501552581787,-0.13885948061943054,0.9996379613876343,-0.04095154628157616,-0.5560747981071472,0.014318407513201237,0.9994229674339294,-0.11122193932533264,-0.43171361088752747,-0.09397049993276596,0.9993995428085327,0.08383724093437195,-0.5700788497924805,0.15933293104171753,0.9994773864746094,-0.28187015652656555,-0.36731746792793274,-0.2012438029050827,0.8182075619697571,0.002327281516045332,-0.6546999216079712,0.22719474136829376,0.5210632681846619,-0.4599493145942688,-0.3135080337524414,-0.15165293216705322,0.8090648651123047,-0.14708256721496582,-0.8090268969535828,0.31144753098487854,0.4871922433376312,-0.054612837731838226,0.00355346966534853,-0.046642404049634933,0.999610960483551,0.05581904202699661,-0.010908221825957298,0.0475771464407444,0.9995265603065491,-0.0292305126786232,0.3533724248409271,-0.09447402507066727,0.21563655138015747,0.17497627437114716,0.3111189603805542,0.044423095881938934,0.25602662563323975,0.11163199692964554,0.6521574258804321,-0.14737792313098907,0.20822566747665405,0.3215864896774292,0.6033265590667725,0.007127123419195414,0.15478694438934326
156,-0.20323446393013,-0.6011216044425964,-0.01673516444861889,0.9995424747467041,-0.18102456629276276,-0.6127814650535583,-0.041076723486185074,0.9992852210998535,-0.15953882038593292,-0.6299776434898376,-0.05023771524429321,0.9996259212493896,-0.09109937399625778,-0.5667948126792908,-0.14283613860607147,0.9996708035469055,-0.04567084461450577,-0.5601431131362915,0.003961206413805485,0.9994723796844482,-0.1126161590218544,-0.432163804769516,-0.11444536596536636,0.9994566440582275,0.06912856549024582,-0.5735090374946594,0.15302079916000366,0.9995130300521851,-0.275012731552124,-0.36750444769859314,-0.24000857770442963,0.8352759480476379,-0.0071064503863453865,-0.6536853909492493,0.22677896916866302,0.4807879328727722,-0.4516999125480652,-0.3068317472934723,-0.22004522383213043,0.8272760510444641,-0.1579754501581192,-0.8014506101608276,0.3042568862438202,0.4974403381347656,-0.054192014038562775,0.0030639544129371643,-0.04969699680805206,0.9996297955513,0.05552656576037407,-0.010178710334002972,0.05017362907528877,0.9995500445365906,-0.030840886756777763,0.3392133116722107,-0.05542450025677681,0.19569149613380432,0.16472205519676208,0.3062286674976349,0.06637170910835266,0.23188182711601257,0.1059795543551445,0.6711855530738831,-0.015053896233439445,0.19025422632694244,0.27408695220947266,0.6280485987663269,0.11575178802013397,0.14000780880451202
157,-0.20740631222724915,-0.5964420437812805,-0.034148555248975754,0.9995788931846619,-0.1823604553937912,-0.611532986164093,-0.05626620724797249,0.9993500113487244,-0.16664311289787292,-0.6290252208709717,-0.0593101903796196,0.9996514320373535,-0.08809105306863785,-0.5681774616241455,-0.14403517544269562,0.9996984601020813,-0.05327245220541954,-0.562785804271698,0.005792220123112202,0.9994986653327942,-0.07452459633350372,-0.4327299892902374,-0.12493044137954712,0.9995032548904419,0.025646448135375977,-0.5731688141822815,0.18216067552566528,0.9994678497314453,-0.2699560225009918,-0.3674616813659668,-0.21950773894786835,0.8498151898384094,-0.053715839982032776,-0.6532304286956787,0.26727867126464844,0.43754032254219055,-0.42535725235939026,-0.300719678401947,-0.1699356734752655,0.8431723713874817,-0.1661311388015747,-0.797121524810791,0.35129693150520325,0.46979767084121704,-0.007261103484779596,0.0014373970916494727,-0.05174366384744644,0.9996439814567566,0.00817333534359932,-0.008303663693368435,0.05237485095858574,0.9995563626289368,0.0635223314166069,0.33977746963500977,-0.05073380842804909,0.18327383697032928,0.00034994055749848485,0.30711475014686584,0.06263920664787292,0.2107098251581192,0.17979012429714203,0.678869366645813,0.06626561284065247,0.17709700763225555,0.06142324209213257,0.630026638507843,0.1980101764202118,0.126948744058609
158,-0.19962838292121887,-0.5923840999603271,-0.03791724890470505,0.9996167421340942,-0.17564265429973602,-0.6095983982086182,-0.06001651659607887,0.9994115233421326,-0.1603655070066452,-0.6267443299293518,-0.06233974173665047,0.99968022108078,-0.08317770808935165,-0.5693226456642151,-0.1467118114233017,0.9997259378433228,-0.0483546257019043,-0.5628740191459656,0.006673264317214489,0.9995374083518982,-0.049509547650814056,-0.4334704875946045,-0.14356893301010132,0.9995502829551697,0.02890973538160324,-0.570451557636261,0.19404587149620056,0.9994514584541321,-0.22995255887508392,-0.3659731149673462,-0.2563122808933258,0.8630865216255188,-0.057723190635442734,-0.6527215838432312,0.2815060615539551,0.3959765136241913,-0.39349424839019775,-0.292855829000473,-0.2112017273902893,0.8571686148643494,-0.15743188560009003,-0.7988964915275574,0.3674803376197815,0.43090686202049255,0.00048069414333440363,7.345615449594334e-05,-0.06371743977069855,0.9996639490127563,0.0006163165671750903,-0.00672655226662755,0.0640420988202095,0.9995687007904053,0.03479629009962082,0.3503790497779846,-0.059792857617139816,0.17078165709972382,-0.02929677441716194,0.31338056921958923,0.0631493628025055,0.19011196494102478,0.13034109771251678,0.7023199200630188,0.04987235367298126,0.16693073511123657,-0.008387558162212372,0.67960524559021,0.2006385773420334,0.11456688493490219
159,-0.197932630777359,-0.6016466021537781,-0.1404852271080017,0.9996480941772461,-0.1710621565580368,-0.6211307644844055,-0.15538926422595978,0.999464213848114,-0.1632622629404068,-0.6353315114974976,-0.1645631045103073,0.9997010231018066,-0.07449258863925934,-0.5911779403686523,-0.20445919036865234,0.9997463226318359,-0.07299444824457169,-0.5705548524856567,-0.056757036596536636,0.9995564818382263,-0.04424191638827324,-0.45177698135375977,-0.21090810000896454,0.999588131904602,0.012163632549345493,-0.5774113535881042,0.18911564350128174,0.999294102191925,-0.17233896255493164,-0.3791757822036743,-0.3879547715187073,0.8720982670783997,-0.05119643360376358,-0.6665018796920776,0.24572709202766418,0.35683876276016235,-0.31949320435523987,-0.2973504066467285,-0.4187476336956024,0.8661689162254333,-0.16310632228851318,-0.8227030038833618,0.3354826271533966,0.3908684253692627,-2.1844363800482824e-05,-0.0010572178289294243,-0.07360807806253433,0.9996573328971863,0.001541212433949113,-0.005388373509049416,0.07302399724721909,0.9995354413986206,0.005491568241268396,0.35242903232574463,-0.04353610426187515,0.15526092052459717,0.00754849798977375,0.3134547472000122,0.10551717877388,0.1712288111448288,0.08575553447008133,0.7102936506271362,0.05082361400127411,0.15554901957511902,0.007890861481428146,0.7023417353630066,0.20732638239860535,0.10332036018371582
160,-0.19718487560749054,-0.613859236240387,-0.1787252277135849,0.9996795058250427,-0.1679547280073166,-0.6331203579902649,-0.18659508228302002,0.9995142221450806,-0.16628500819206238,-0.6453429460525513,-0.1980336606502533,0.9997244477272034,-0.05927801504731178,-0.6079496145248413,-0.21195842325687408,0.9997678995132446,-0.09603534638881683,-0.5785264372825623,-0.07639732956886292,0.9995840191841125,-0.034285835921764374,-0.46167999505996704,-0.19804438948631287,0.9996184706687927,-0.012651733122766018,-0.5792878866195679,0.16272900998592377,0.9991655945777893,-0.1436598002910614,-0.3855689764022827,-0.3704957962036133,0.8806085586547852,-0.05526738613843918,-0.665938138961792,0.2375723272562027,0.3232835829257965,-0.27376505732536316,-0.30087995529174805,-0.4128400683403015,0.8759978413581848,-0.1728399693965912,-0.8338755369186401,0.3742087781429291,0.36945632100105286,0.013001066632568836,-0.0003303408157080412,-0.06793846935033798,0.9996511936187744,-0.011655722744762897,-0.006150254048407078,0.06758642941713333,0.9995158314704895,0.021136580035090446,0.3642829656600952,-0.03151587396860123,0.17083565890789032,-0.11432026326656342,0.26634764671325684,0.13753019273281097,0.1591258943080902,0.10575828701257706,0.7156888246536255,0.056059401482343674,0.1950407773256302,-0.2409207820892334,0.6527813076972961,0.2819567620754242,0.10285860300064087
161,-0.19108331203460693,-0.6149221658706665,-0.19955779612064362,0.9997113943099976,-0.16626133024692535,-0.6340991854667664,-0.203195720911026,0.999562680721283,-0.15910349786281586,-0.6459051370620728,-0.21625709533691406,0.9997518062591553,-0.03567942976951599,-0.6140550971031189,-0.20943894982337952,0.9997910261154175,-0.1001596674323082,-0.579889714717865,-0.08270107954740524,0.9996250867843628,-0.018778886646032333,-0.4638117253780365,-0.19932854175567627,0.9996549487113953,-0.01757572591304779,-0.5791213512420654,0.1573728770017624,0.9991776943206787,-0.10302971303462982,-0.3854883015155792,-0.3929423987865448,0.8923719525337219,-0.05799933522939682,-0.665545642375946,0.2602185606956482,0.2945122718811035,-0.2293444573879242,-0.30251452326774597,-0.4463222920894623,0.888285756111145,-0.17237162590026855,-0.8410665392875671,0.44031989574432373,0.3606696128845215,0.017691118642687798,-8.530926425009966e-05,-0.07090672850608826,0.9996747374534607,-0.01709340512752533,-0.00639241561293602,0.07121378183364868,0.9995400905609131,0.043769605457782745,0.3766101896762848,-0.03148343786597252,0.2525027394294739,-0.12183074653148651,0.2659855782985687,0.1813340187072754,0.19386498630046844,0.1802489310503006,0.7188131809234619,0.048526156693696976,0.2749856114387512,-0.2679276168346405,0.6501269936561584,0.3643076419830322,0.1784006506204605
162,-0.18727868795394897,-0.6199774146080017,-0.22205722332000732,0.9997401833534241,-0.16415587067604065,-0.641118586063385,-0.22358135879039764,0.9996063113212585,-0.15888823568820953,-0.6511266827583313,-0.23494280874729156,0.9997764825820923,-0.021908406168222427,-0.6242767572402954,-0.21881601214408875,0.9998118877410889,-0.10779065638780594,-0.5839677453041077,-0.08911708742380142,0.9996621608734131,0.005194116849452257,-0.47099339962005615,-0.19502615928649902,0.999687671661377,-0.03788532689213753,-0.578258752822876,0.1505228877067566,0.9992152452468872,-0.06272314488887787,-0.38615772128105164,-0.3833387494087219,0.9026448130607605,-0.09218260645866394,-0.6601401567459106,0.2499820739030838,0.27452757954597473,-0.17203645408153534,-0.3038541078567505,-0.4413677155971527,0.8991636633872986,-0.19101323187351227,-0.8506557941436768,0.40600690245628357,0.37973329424858093,0.03271367773413658,-7.86293821875006e-05,-0.06836170703172684,0.9996917843818665,-0.03236166015267372,-0.006418036296963692,0.06881255656480789,0.9995632171630859,0.04373157396912575,0.37749674916267395,-0.037781327962875366,0.3229888081550598,-0.15744207799434662,0.2550605833530426,0.15840408205986023,0.2309158444404602,0.21696758270263672,0.7192326188087463,0.058460574597120285,0.3439476191997528,-0.26831966638565063,0.6532952785491943,0.3182870149612427,0.2386006861925125
163,-0.1847572922706604,-0.6185898780822754,-0.21522538363933563,0.9997661113739014,-0.1622382253408432,-0.639718770980835,-0.21611712872982025,0.9996456503868103,-0.15898220241069794,-0.6496024131774902,-0.22931991517543793,0.9997987151145935,-0.026070794090628624,-0.6217418909072876,-0.20681248605251312,0.9998306035995483,-0.12311425060033798,-0.583138644695282,-0.09006103873252869,0.9996953010559082,0.000840917113237083,-0.469309538602829,-0.19340306520462036,0.9997178912162781,-0.055810216814279556,-0.5781474709510803,0.14702549576759338,0.9992715716362,-0.05182528495788574,-0.33559006452560425,-0.3530741035938263,0.9095008373260498,-0.1308685839176178,-0.6594081521034241,0.2427508383989334,0.26130425930023193,-0.14505501091480255,-0.2823442816734314,-0.4059475064277649,0.907100260257721,-0.21144352853298187,-0.8579480648040771,0.3610687255859375,0.4033588767051697,0.03409314155578613,-0.0004854240105487406,-0.06670091301202774,0.9997027516365051,-0.03266819193959236,-0.006021135486662388,0.06701742857694626,0.9995827674865723,0.03914187103509903,0.38059261441230774,-0.08325875550508499,0.3634897768497467,-0.11417333781719208,0.2605428695678711,0.1311551332473755,0.23830264806747437,0.26015669107437134,0.7056188583374023,0.03503882884979248,0.3783436119556427,-0.1648939996957779,0.6696963310241699,0.28914156556129456,0.2574497163295746
164,-0.1536143273115158,-0.6234800815582275,-0.2314428985118866,0.9997894167900085,-0.1261102855205536,-0.6451150178909302,-0.2273842990398407,0.9996810555458069,-0.14020635187625885,-0.6530776619911194,-0.24384520947933197,0.9998186826705933,-0.004401254002004862,-0.6260551810264587,-0.2014458328485489,0.9998475313186646,-0.11428491026163101,-0.5844722986221313,-0.09886591136455536,0.9997252821922302,0.040099069476127625,-0.46772417426109314,-0.18031063675880432,0.9997450113296509,-0.06781961768865585,-0.5839554667472839,0.1338922530412674,0.9993273615837097,-0.0037377565167844296,-0.32981598377227783,-0.32711756229400635,0.9169816970825195,-0.14713162183761597,-0.682794451713562,0.23340873420238495,0.26724445819854736,-0.0588567852973938,-0.2788476049900055,-0.3586767613887787,0.915459156036377,-0.1997191309928894,-0.8878692388534546,0.31759223341941833,0.43311619758605957,0.049049023538827896,-0.0006383223808370531,-0.06615886092185974,0.9997266530990601,-0.04769013822078705,-0.005838458426296711,0.06620409339666367,0.9996182918548584,0.0749637559056282,0.3828250765800476,-0.09599904716014862,0.4245351254940033,-0.1099819466471672,0.2822204530239105,0.11730968952178955,0.30127450823783875,0.2897610664367676,0.6909557580947876,0.04181492328643799,0.4360164999961853,-0.13018663227558136,0.6832553744316101,0.2697674334049225,0.322395920753479
165,-0.1256886124610901,-0.6275525093078613,-0.23569299280643463,0.9998103976249695,-0.09628722071647644,-0.6480974555015564,-0.229482501745224,0.9997128844261169,-0.1157907247543335,-0.6556371450424194,-0.2482462227344513,0.9998366832733154,0.01261885929852724,-0.6274528503417969,-0.19821304082870483,0.9998627305030823,-0.10724721848964691,-0.5846056342124939,-0.10169395059347153,0.9997522830963135,0.06187288835644722,-0.46661680936813354,-0.175254225730896,0.9997687935829163,-0.05805818736553192,-0.5891768932342529,0.12255007773637772,0.9993847608566284,0.05549262836575508,-0.3291032314300537,-0.3336670696735382,0.9225742220878601,-0.155542254447937,-0.6936920881271362,0.20845580101013184,0.2949087619781494,0.044056326150894165,-0.265043705701828,-0.4129351079463959,0.922450602054596,-0.19766858220100403,-0.8848608136177063,0.264130175113678,0.48358967900276184,0.04430551826953888,-0.0007740237633697689,-0.06496065855026245,0.9997311234474182,-0.04285842180252075,-0.005698477849364281,0.06509290635585785,0.999639630317688,0.028295664116740227,0.36840230226516724,-0.09393850713968277,0.4528779983520508,-0.0110707962885499,0.29855877161026,0.10247373580932617,0.3027592897415161,0.08871856331825256,0.6934366822242737,0.06662200391292572,0.4707525968551636,0.06407596170902252,0.6944777369499207,0.2329825907945633,0.3412308096885681
166,-0.09459779411554337,-0.626481831073761,-0.22758325934410095,0.9998293519020081,-0.0675041526556015,-0.6472806334495544,-0.19327597320079803,0.9997415542602539,-0.08586269617080688,-0.654581606388092,-0.21920309960842133,0.9998529553413391,0.03105493076145649,-0.6259049773216248,-0.12466815114021301,0.9998764395713806,-0.106606125831604,-0.581505298614502,-0.0535498671233654,0.9997769594192505,0.07736492902040482,-0.45101597905158997,-0.0818619653582573,0.9997910857200623,-0.059309329837560654,-0.587836742401123,0.1467418223619461,0.999443531036377,0.055974081158638,-0.3100016415119171,-0.2703905403614044,0.9275657534599304,-0.1742713898420334,-0.6894772052764893,0.2105109691619873,0.34678077697753906,0.09747220575809479,-0.2555500268936157,-0.37876296043395996,0.9295483827590942,-0.17725946009159088,-0.8758527636528015,0.26497387886047363,0.532875657081604,0.05152655765414238,-0.0008972464129328728,-0.06137173995375633,0.9997318983078003,-0.05035915598273277,-0.005644424352794886,0.06239435076713562,0.9996601343154907,0.07737970352172852,0.3735009431838989,-0.08509308844804764,0.47235381603240967,-0.038960281759500504,0.32459351420402527,0.06346186995506287,0.30433306097984314,0.17506536841392517,0.7023898363113403,0.061243657022714615,0.4776003658771515,-0.0200345441699028,0.7154518961906433,0.2069823294878006,0.34568655490875244
167,-0.08377771079540253,-0.6254885196685791,-0.21363534033298492,0.9998463988304138,-0.056406762450933456,-0.646432101726532,-0.19482599198818207,0.9997673630714417,-0.07267272472381592,-0.6539265513420105,-0.21821677684783936,0.9998676180839539,0.04053314030170441,-0.6251364946365356,-0.1360742747783661,0.9998887777328491,-0.09428127855062485,-0.5809827446937561,-0.06009828299283981,0.9997991919517517,0.0976688340306282,-0.44716525077819824,-0.08886381983757019,0.999811589717865,-0.058937977999448776,-0.5873513221740723,0.13016678392887115,0.9994974136352539,0.12405584752559662,-0.31753572821617126,-0.27238863706588745,0.9336927533149719,-0.17412373423576355,-0.698390007019043,0.19113270938396454,0.39561593532562256,0.18505656719207764,-0.2620169520378113,-0.39420878887176514,0.9363550543785095,-0.1664915382862091,-0.8883287310600281,0.2504855692386627,0.5772982239723206,0.054976630955934525,-0.0009560055332258344,-0.0538586750626564,0.9997326731681824,-0.05421719700098038,-0.005655169021338224,0.05611486732959747,0.9996769428253174,0.06732352823019028,0.38153794407844543,-0.08102011680603027,0.49612662196159363,-0.03916218876838684,0.3314954936504364,0.05790485441684723,0.29608502984046936,0.09665898233652115,0.7476307153701782,0.055169183760881424,0.5034117102622986,-0.027330970391631126,0.7257183194160461,0.19805000722408295,0.35003572702407837
168,-0.07611159980297089,-0.6252127885818481,-0.20351415872573853,0.9998617768287659,-0.04861954227089882,-0.645374059677124,-0.19055107235908508,0.999790608882904,-0.06534028798341751,-0.6531654596328735,-0.21232350170612335,0.999880850315094,0.04363017529249191,-0.624279260635376,-0.13029061257839203,0.9998999238014221,-0.09040046483278275,-0.58148193359375,-0.060624197125434875,0.999819278717041,0.10496824979782104,-0.44725626707077026,-0.07533914595842361,0.9998300075531006,-0.06702837347984314,-0.5871174931526184,0.11674956232309341,0.999545693397522,0.17526482045650482,-0.32328906655311584,-0.25405728816986084,0.9391027688980103,-0.17970243096351624,-0.7019638419151306,0.14554622769355774,0.4500153362751007,0.26480546593666077,-0.27883559465408325,-0.3772313594818115,0.9424185156822205,-0.15759192407131195,-0.8946717977523804,0.18452751636505127,0.6187629699707031,0.052395861595869064,-0.001081165042705834,-0.05303056538105011,0.9997209310531616,-0.051387254148721695,-0.005552973598241806,0.05540194362401962,0.9996753334999084,0.012276418507099152,0.3812390863895416,-0.09937546402215958,0.5208879709243774,0.0007135285413824022,0.3281644880771637,0.06651891022920609,0.27499672770500183,0.021289614960551262,0.7514631748199463,-0.06662536412477493,0.5345084071159363,0.09156832098960876,0.7229275107383728,0.23355038464069366,0.3266211748123169
169,-0.0622137114405632,-0.6246972680091858,-0.22152234613895416,0.9998754262924194,-0.03722534328699112,-0.6445637345314026,-0.20517463982105255,0.9998113512992859,-0.056503042578697205,-0.6529278755187988,-0.23060084879398346,0.9998924136161804,0.050035566091537476,-0.6228067874908447,-0.13344022631645203,0.9999098181724548,-0.09004326164722443,-0.5813591480255127,-0.07722114026546478,0.999836266040802,0.1337149441242218,-0.44700413942337036,-0.04569154605269432,0.9998450875282288,-0.0926499292254448,-0.5868964195251465,0.10127440840005875,0.9995821714401245,0.24194574356079102,-0.32220974564552307,-0.1852831095457077,0.9430856704711914,-0.20067456364631653,-0.7036833167076111,0.13840731978416443,0.5023312568664551,0.340476930141449,-0.2792654037475586,-0.30427664518356323,0.9477594494819641,-0.14242449402809143,-0.8905102014541626,0.17473360896110535,0.656169056892395,0.06942689418792725,-0.0010505540994927287,-0.03723761439323425,0.9996830224990845,-0.06768853217363358,-0.005655779503285885,0.038988225162029266,0.999660313129425,0.03537597134709358,0.38036325573921204,-0.09346304088830948,0.5210659503936768,-0.0654548928141594,0.32726335525512695,0.03925715759396553,0.28515860438346863,0.04351050406694412,0.7466632723808289,0.02215491607785225,0.5390112996101379,-0.09723206609487534,0.7235301733016968,0.1962020844221115,0.34323740005493164
170,-0.05388394743204117,-0.6243545413017273,-0.22388416528701782,0.9998871684074402,-0.030493641272187233,-0.6442287564277649,-0.20664219558238983,0.9998282194137573,-0.05359650403261185,-0.6524153351783752,-0.23441071808338165,0.9999005198478699,0.051820963621139526,-0.62617027759552,-0.12434250116348267,0.9999170899391174,-0.09209200739860535,-0.5818208456039429,-0.08294961601495743,0.9998401999473572,0.1540575474500656,-0.4555531144142151,-0.0020998327527195215,0.9998586177825928,-0.11485385149717331,-0.5887152552604675,0.07880061119794846,0.9996135234832764,0.29652148485183716,-0.3372803330421448,-0.07368162274360657,0.9469916224479675,-0.22071486711502075,-0.7007929682731628,0.02181149646639824,0.5511413216590881,0.41871607303619385,-0.300390362739563,-0.1706744283437729,0.9524515271186829,-0.12989161908626556,-0.8858757615089417,-0.05430784821510315,0.6894582509994507,0.08039581030607224,-0.00193510961253196,-0.0047183106653392315,0.9996953010559082,-0.0781896710395813,-0.004312261939048767,0.00711841369047761,0.999678373336792,0.0850578248500824,0.3848302960395813,-0.047376975417137146,0.5183968544006348,-0.08901327103376389,0.33508163690567017,-0.012034404091536999,0.3253217339515686,0.04982435703277588,0.756843626499176,0.12971793115139008,0.534103274345398,-0.1513778567314148,0.7529266476631165,0.10941840708255768,0.38350197672843933
171,-0.04968450590968132,-0.6186445355415344,-0.21715961396694183,0.9998980760574341,-0.02553708292543888,-0.6405166387557983,-0.2033969759941101,0.9998443722724915,-0.05113134905695915,-0.6477243304252625,-0.2285866141319275,0.9999092221260071,0.05851031467318535,-0.6255357265472412,-0.10855318605899811,0.9999244213104248,-0.09203935414552689,-0.5817153453826904,-0.0773787572979927,0.9998490214347839,0.1644591987133026,-0.45778587460517883,0.002229077275842428,0.9998708367347717,-0.11194482445716858,-0.5888031721115112,0.08406604826450348,0.9996391534805298,0.318454384803772,-0.3396102488040924,-0.07778232544660568,0.9498855471611023,-0.21395282447338104,-0.6839224100112915,-0.0036456496454775333,0.5936283469200134,0.4536742568016052,-0.30043861269950867,-0.15658287703990936,0.9562479853630066,-0.12640398740768433,-0.8622883558273315,-0.12014053761959076,0.7190472483634949,0.076644167304039,-0.001976280938833952,-0.008822999894618988,0.9996696710586548,-0.07448101043701172,-0.004089596681296825,0.011092065833508968,0.9996540546417236,0.06698973476886749,0.3833142817020416,-0.0598488450050354,0.4893976151943207,-0.08518128842115402,0.3329291343688965,-0.009060631506145,0.30712956190109253,0.030304064974188805,0.7572323679924011,0.02630193531513214,0.5182586908340454,-0.14896215498447418,0.7450979351997375,0.09839610010385513,0.36784374713897705
172,-0.046883031725883484,-0.6179417967796326,-0.21411874890327454,0.9999082088470459,-0.02088671363890171,-0.6396644711494446,-0.19701851904392242,0.9998598694801331,-0.0462702177464962,-0.6472663283348083,-0.2234867662191391,0.9999182224273682,0.06995000690221786,-0.6250449419021606,-0.10035813599824905,0.9999319314956665,-0.08827343583106995,-0.5836494565010071,-0.06387722492218018,0.9998635649681091,0.1654720902442932,-0.4583505690097809,-0.0045280796475708485,0.9998829364776611,-0.10547476261854172,-0.5923775434494019,0.09463242441415787,0.9996609687805176,0.3371928036212921,-0.34547165036201477,-0.0790194645524025,0.95157390832901,-0.2053827941417694,-0.6918124556541443,0.03666863963007927,0.6301031112670898,0.48732587695121765,-0.2996278405189514,-0.11938903480768204,0.9590010046958923,-0.11176684498786926,-0.8623170852661133,-0.04071587324142456,0.7438061833381653,0.0724589079618454,-0.0019796567503362894,-0.015309900045394897,0.9996339082717896,-0.07053149491548538,-0.003958136308938265,0.017575735226273537,0.9995626211166382,0.005926548037678003,0.38331058621406555,-0.13765820860862732,0.48488733172416687,-0.02746032178401947,0.3316727876663208,0.0707315132021904,0.2785443663597107,-0.07998566329479218,0.7727405428886414,-0.19566357135772705,0.54267418384552,0.063406802713871,0.7349215745925903,0.276685506105423,0.333016961812973
173,-0.03634066507220268,-0.6163026690483093,-0.23497764766216278,0.9999171495437622,-0.011821204796433449,-0.6383463740348816,-0.21390390396118164,0.9998733401298523,-0.03775683790445328,-0.6462795734405518,-0.2423558086156845,0.9999257922172546,0.0736243724822998,-0.6248499155044556,-0.10436999052762985,0.9999383687973022,-0.08697053790092468,-0.5835480690002441,-0.08541087806224823,0.9998739361763,0.1714242547750473,-0.4569303095340729,-0.012162907980382442,0.9998931884765625,-0.10993058234453201,-0.5933154821395874,0.06485870480537415,0.9996810555458069,0.35828256607055664,-0.3433583378791809,-0.033176373690366745,0.9549006819725037,-0.20368146896362305,-0.691409707069397,-0.040522798895835876,0.6657921075820923,0.5383744239807129,-0.2721129059791565,-0.02454473450779915,0.9624264240264893,-0.09721030294895172,-0.8534691333770752,-0.1568673551082611,0.7683022618293762,0.07242903113365173,-0.0019840802997350693,-0.010036694817245007,0.9995930194854736,-0.07053396850824356,-0.003888876875862479,0.01240646280348301,0.9995102286338806,0.009283637627959251,0.3828771710395813,-0.10971644520759583,0.46511170268058777,-0.020518707111477852,0.33083635568618774,0.03280335292220116,0.26094120740890503,-0.03721779212355614,0.7736378908157349,-0.13529366254806519,0.5313836932182312,0.025355393067002296,0.7334173917770386,0.24029529094696045,0.31163349747657776
174,-0.00789888296276331,-0.6157817244529724,-0.25301593542099,0.9999246001243591,0.013278543949127197,-0.6377173662185669,-0.23001810908317566,0.9998836517333984,-0.012638872489333153,-0.6458314657211304,-0.263156533241272,0.9999305605888367,0.08328293263912201,-0.6241722106933594,-0.10959591716527939,0.9999430179595947,-0.07865139096975327,-0.583012044429779,-0.11700551956892014,0.999875545501709,0.17376403510570526,-0.45349061489105225,-0.013885801658034325,0.999901533126831,-0.11007428914308548,-0.593225359916687,0.022246068343520164,0.9996928572654724,0.3622201383113861,-0.3399389684200287,-0.02232758142054081,0.9571017026901245,-0.19800965487957,-0.6912802457809448,-0.089495450258255,0.6981766223907471,0.566127359867096,-0.2539334297180176,-0.026681168004870415,0.9650751352310181,-0.072540283203125,-0.851416289806366,-0.18375039100646973,0.7898072004318237,0.0760444849729538,-0.0020967964082956314,0.006480626296252012,0.9995913505554199,-0.07411625236272812,-0.0036213898565620184,-0.004132234491407871,0.9995144009590149,0.027345964685082436,0.38238856196403503,-0.03881268575787544,0.44184547662734985,-0.04727715998888016,0.33194559812545776,-0.009086772799491882,0.2626167833805084,-0.017166180536150932,0.7690097093582153,0.11415112018585205,0.5069558024406433,-0.04020288959145546,0.7307344675064087,0.17936637997627258,0.3097603917121887
175,0.00535572599619627,-0.6119418144226074,-0.2618943452835083,0.9999315142631531,0.024019645527005196,-0.6336642503738403,-0.23899216949939728,0.9998936057090759,-0.0009127204539254308,-0.6415466070175171,-0.27292418479919434,0.999935507774353,0.0911611020565033,-0.621475338935852,-0.12053744494915009,0.9999476671218872,-0.07057397812604904,-0.578332245349884,-0.1304512619972229,0.999879777431488,0.1810697466135025,-0.4508761763572693,-0.013860046863555908,0.9999092221260071,-0.10628139972686768,-0.5926771759986877,0.003259671851992607,0.9996992349624634,0.3736347556114197,-0.3400780260562897,-0.010820689611136913,0.9591740965843201,-0.19645443558692932,-0.6919233798980713,-0.10962299257516861,0.7273350358009338,0.5947355628013611,-0.2510194182395935,0.0015412346692755818,0.9675045013427734,-0.059629373252391815,-0.8498579263687134,-0.1910298615694046,0.8084930181503296,0.07844440639019012,-0.002103194361552596,0.016118142753839493,0.9995825886726379,-0.07653596252202988,-0.0035829266998916864,-0.014056524261832237,0.9995009303092957,0.03542671725153923,0.3825589120388031,-0.02411891520023346,0.423142671585083,-0.05801832675933838,0.3314678966999054,-0.0354987308382988,0.26317110657691956,0.0026716256979852915,0.7661892175674438,0.10922782123088837,0.4927702248096466,-0.0652710422873497,0.7224611043930054,0.14662419259548187,0.30198660492897034
176,0.021867163479328156,-0.605211615562439,-0.27196335792541504,0.9999381303787231,0.04005749896168709,-0.6265304088592529,-0.24966730177402496,0.9999036192893982,0.015163758769631386,-0.6341052651405334,-0.28168198466300964,0.9999411106109619,0.11154422163963318,-0.6168030500411987,-0.14159247279167175,0.9999525547027588,-0.051638681441545486,-0.5713239312171936,-0.13822880387306213,0.9998877644538879,0.20623569190502167,-0.44716084003448486,-0.016842171549797058,0.9999169707298279,-0.0958918035030365,-0.5911474227905273,0.0033063958398997784,0.9997122883796692,0.4000394642353058,-0.33758023381233215,-0.034914255142211914,0.961814820766449,-0.1792989820241928,-0.6933164596557617,-0.09769166260957718,0.7539382576942444,0.6190871596336365,-0.24958600103855133,-0.0119811175391078,0.9698541760444641,-0.04892631620168686,-0.8498913049697876,-0.1772361546754837,0.8264941573143005,0.07986092567443848,-0.0014436326455324888,0.011306891217827797,0.9995930790901184,-0.07783471047878265,-0.004060599487274885,-0.00949892494827509,0.9995043873786926,0.04396934062242508,0.3822307884693146,-0.03723305091261864,0.4418356418609619,-0.06830406934022903,0.3235737681388855,-0.023396648466587067,0.2667476534843445,-0.002996165072545409,0.7645452618598938,0.06794211268424988,0.516444206237793,-0.08991239964962006,0.6976284980773926,0.1969950646162033,0.3017829358577728
177,0.03202198073267937,-0.6008051037788391,-0.27462124824523926,0.9999426007270813,0.047865647822618484,-0.6223463416099548,-0.25244325399398804,0.9999078512191772,0.022913023829460144,-0.6290256381034851,-0.2867235839366913,0.9999408721923828,0.11336672306060791,-0.6138652563095093,-0.14880752563476562,0.9999542236328125,-0.047486308962106705,-0.5640407204627991,-0.14741525053977966,0.9998721480369568,0.20762865245342255,-0.4438174068927765,-0.020174913108348846,0.999921977519989,-0.09254800528287888,-0.5848684310913086,-0.016673840582370758,0.9997017979621887,0.39575350284576416,-0.3370760977268219,-0.025614308193325996,0.9622719287872314,-0.17451916635036469,-0.6882315874099731,-0.1396692991256714,0.7774751782417297,0.6129086017608643,-0.24713101983070374,-0.006308992393314838,0.9702425003051758,-0.042422518134117126,-0.8414586186408997,-0.2250102162361145,0.8402114510536194,0.08286527544260025,-0.0009501578169874847,0.020272906869649887,0.9996059536933899,-0.08079702407121658,-0.0044224876910448074,-0.018458152189850807,0.9995175004005432,0.04604937136173248,0.38900378346443176,-0.02507559210062027,0.43704530596733093,-0.07504316419363022,0.3225722908973694,-0.03344140201807022,0.27926579117774963,-0.006389479618519545,0.7652914524078369,0.0820508748292923,0.5236346125602722,-0.14244242012500763,0.6976009607315063,0.13894058763980865,0.31868696212768555
178,0.05190137401223183,-0.5982328653335571,-0.26315227150917053,0.999947726726532,0.06607192009687424,-0.620747983455658,-0.2365492284297943,0.999914824962616,0.04108934476971626,-0.6274170875549316,-0.28239598870277405,0.9999449253082275,0.12056448310613632,-0.6136845946311951,-0.12319290637969971,0.999957263469696,-0.040346723049879074,-0.5644324421882629,-0.13962925970554352,0.9998777508735657,0.20671120285987854,-0.44313082098960876,0.0276678204536438,0.9999270439147949,-0.07701674103736877,-0.5862612128257751,-0.013206714764237404,0.999717116355896,0.3873389959335327,-0.3373923897743225,0.04214184731245041,0.9619809985160828,-0.1423947513103485,-0.6869211792945862,-0.14675503969192505,0.7990627884864807,0.6080512404441833,-0.24775296449661255,0.045422304421663284,0.9718650579452515,-0.002116385381668806,-0.8352782130241394,-0.2355991005897522,0.8552908897399902,0.0837424099445343,0.0011357335606589913,0.042656026780605316,0.9996299147605896,-0.08158804476261139,-0.006389754358679056,-0.04055044800043106,0.9995484948158264,0.07267476618289948,0.39768436551094055,-0.009087753482162952,0.4363981783390045,-0.07267351448535919,0.3225584626197815,-0.09714420139789581,0.32366496324539185,0.0002034010540228337,0.7646481990814209,0.09083790332078934,0.5366252064704895,-0.1397906094789505,0.7041187286376953,0.04797494038939476,0.35838252305984497
179,0.09358250349760056,-0.5906034708023071,-0.2366923987865448,0.9999526143074036,0.10644498467445374,-0.615642786026001,-0.20928719639778137,0.9999222755432129,0.08397957682609558,-0.622684895992279,-0.2625900208950043,0.9999497532844543,0.13492049276828766,-0.6125375628471375,-0.09453824907541275,0.9999606013298035,-0.015017863363027573,-0.5646860003471375,-0.13395416736602783,0.9998871088027954,0.2047971785068512,-0.442996621131897,0.05906830355525017,0.9999313950538635,-0.061252422630786896,-0.5872727632522583,-0.01964789628982544,0.9997369050979614,0.39059633016586304,-0.3428027927875519,0.08962272852659225,0.9592902660369873,-0.10097331553697586,-0.6846495270729065,-0.1823766976594925,0.8186792731285095,0.6241170763969421,-0.2513526678085327,0.097996786236763,0.9733670949935913,0.045454904437065125,-0.8293383121490479,-0.28016161918640137,0.8692815899848938,0.08301005512475967,0.0011169479694217443,0.051996465772390366,0.9996371865272522,-0.08085604757070541,-0.006374812684953213,-0.049465470016002655,0.9995658993721008,0.07510823756456375,0.3962276577949524,0.02860897406935692,0.4045494794845581,-0.0605088472366333,0.32141998410224915,-0.11677058041095734,0.334215372800827,0.025911156088113785,0.7479009628295898,0.14313796162605286,0.49689239263534546,-0.07168162614107132,0.7163122892379761,0.008417990058660507,0.35605576634407043
180,0.1037842407822609,-0.5837660431861877,-0.22639183700084686,0.9999569654464722,0.11824214458465576,-0.609045684337616,-0.19944503903388977,0.9999287724494934,0.09732244163751602,-0.6174713373184204,-0.2535238265991211,0.9999539256095886,0.13992361724376678,-0.6083271503448486,-0.08709762245416641,0.9999634623527527,-0.003941695671528578,-0.564975380897522,-0.1318255066871643,0.9998946785926819,0.2008906751871109,-0.4431508481502533,0.0641292929649353,0.9999349117279053,-0.05687651038169861,-0.5905324220657349,-0.02420046180486679,0.9997519254684448,0.3915511667728424,-0.3531041741371155,0.09582017362117767,0.9574339389801025,-0.0745091363787651,-0.6828546524047852,-0.19258302450180054,0.8363252878189087,0.6224541664123535,-0.2649235725402832,0.1084800511598587,0.974830150604248,0.07324535399675369,-0.8268319368362427,-0.28707364201545715,0.8818952441215515,0.0823834240436554,0.001071573351509869,0.05283230170607567,0.9996294379234314,-0.0802568793296814,-0.006317731458693743,-0.05003078654408455,0.9995590448379517,0.07466679811477661,0.3962595462799072,0.020674729719758034,0.37930727005004883,-0.04246148094534874,0.3210265338420868,-0.10756742209196091,0.3284195065498352,0.03769699111580849,0.7479997873306274,0.11760915815830231,0.4613633453845978,-0.0547332763671875,0.7161771059036255,0.013782943598926067,0.33756023645401
181,0.12054379284381866,-0.5819711685180664,-0.2117270529270172,0.9999611377716064,0.13310831785202026,-0.6078730225563049,-0.18403339385986328,0.9999355673789978,0.11421557515859604,-0.6169467568397522,-0.2411869913339615,0.999958336353302,0.13799062371253967,-0.6066519021987915,-0.0700446367263794,0.9999668598175049,0.0027567162178456783,-0.5651574730873108,-0.13315480947494507,0.9999042749404907,0.19783680140972137,-0.44309568405151367,0.09062027186155319,0.9999397397041321,-0.051727939397096634,-0.5926102995872498,-0.048060812056064606,0.9997739791870117,0.3781285285949707,-0.36473003029823303,0.138960599899292,0.9548800587654114,-0.042403943836688995,-0.682263195514679,-0.22666537761688232,0.8524373173713684,0.6096363067626953,-0.2805623412132263,0.1531888246536255,0.9761516451835632,0.09710269421339035,-0.8214263916015625,-0.3191966414451599,0.8934293389320374,0.08019549399614334,0.0005279017495922744,0.07659471780061722,0.9996500015258789,-0.07801517099142075,-0.005966492462903261,-0.07366111129522324,0.999590277671814,0.0725485235452652,0.39221063256263733,0.10250267386436462,0.34671351313591003,-0.0058868336491286755,0.3218904733657837,-0.15203309059143066,0.35429519414901733,0.010841965675354004,0.7224366068840027,0.22063416242599487,0.41916561126708984,-0.006033811252564192,0.7432594895362854,-0.10525817424058914,0.35042619705200195
182,0.14196397364139557,-0.580595850944519,-0.18707403540611267,0.9999649524688721,0.1541595607995987,-0.6070422530174255,-0.15894225239753723,0.9999418258666992,0.13768087327480316,-0.6167145371437073,-0.21745523810386658,0.9999623894691467,0.1433785855770111,-0.6052830219268799,-0.04642048105597496,0.9999700784683228,0.019409187138080597,-0.5660037994384766,-0.13176096975803375,0.9999132752418518,0.19027312099933624,-0.4423291087150574,0.11667729914188385,0.9999445676803589,-0.042052820324897766,-0.5939337611198425,-0.04976286739110947,0.999794065952301,0.37054914236068726,-0.3709871768951416,0.17513912916183472,0.9519428014755249,-0.017014456912875175,-0.6793299913406372,-0.22539742290973663,0.8668805956840515,0.6025697588920593,-0.28713884949684143,0.19502857327461243,0.9774802923202515,0.12843823432922363,-0.8104572296142578,-0.30772167444229126,0.9036660194396973,0.07500443607568741,0.0005103251314722002,0.08646168559789658,0.9996735453605652,-0.0727158859372139,-0.005957994144409895,-0.08374756574630737,0.9996206760406494,0.04933561012148857,0.388109028339386,0.10884828865528107,0.3181508183479309,0.019235866144299507,0.32159939408302307,-0.1710028499364853,0.3818865120410919,-0.04478077590465546,0.717348039150238,0.20967188477516174,0.3820125162601471,0.02872571535408497,0.7481809258460999,-0.13007450103759766,0.3675171434879303
183,0.15000681579113007,-0.5804223418235779,-0.18082362413406372,0.9999684691429138,0.1600266993045807,-0.6074813008308411,-0.15192899107933044,0.9999476075172424,0.14446479082107544,-0.6171683073043823,-0.2112656682729721,0.9999661445617676,0.14104411005973816,-0.6053504347801208,-0.038169313222169876,0.9999730587005615,0.020381063222885132,-0.5679159164428711,-0.1319446563720703,0.9999218583106995,0.15890713036060333,-0.442391037940979,0.13162623345851898,0.9999494552612305,-0.034737635403871536,-0.5957580208778381,-0.060369037091732025,0.9998130202293396,0.3561694025993347,-0.3803870975971222,0.2080945372581482,0.9464935660362244,0.0011415764456614852,-0.6771431565284729,-0.23736387491226196,0.8799176812171936,0.5954722762107849,-0.3064393997192383,0.25063109397888184,0.9785106778144836,0.14059579372406006,-0.7919641733169556,-0.3107425570487976,0.9127936363220215,0.06282708793878555,0.0005540848942473531,0.09583576768636703,0.9996964335441589,-0.06034229323267937,-0.006073425989598036,-0.09334397315979004,0.9996492266654968,0.020158875733613968,0.38712093234062195,0.11351106315851212,0.29655081033706665,0.04723852872848511,0.32129040360450745,-0.16904781758785248,0.41935938596725464,-0.07049483060836792,0.7198529839515686,0.1819566935300827,0.35419926047325134,0.03395021706819534,0.7469463348388672,-0.12276297807693481,0.39741936326026917
184,0.16227152943611145,-0.5794057250022888,-0.16488824784755707,0.9999716281890869,0.1702449917793274,-0.6074756979942322,-0.13752053678035736,0.9999527931213379,0.15875208377838135,-0.6172142624855042,-0.1988280862569809,0.999969482421875,0.1386711597442627,-0.606157660484314,-0.02976602129638195,0.9999757409095764,0.03294679895043373,-0.5710533261299133,-0.13312184810638428,0.9999295473098755,0.13888634741306305,-0.4430859088897705,0.14382566511631012,0.9999535083770752,-0.03063139133155346,-0.5966952443122864,-0.07206857204437256,0.9998301863670349,0.32805681228637695,-0.39255663752555847,0.2219376116991043,0.9365518689155579,0.017931101843714714,-0.6475325226783752,-0.2607555389404297,0.8917702436447144,0.5919437408447266,-0.3615771532058716,0.25278666615486145,0.9792618155479431,0.16718991100788116,-0.7558416128158569,-0.3426807224750519,0.9212455749511719,0.05375030264258385,0.0009022082667797804,0.09859458357095718,0.9997158646583557,-0.05146876350045204,-0.006593358237296343,-0.09630854427814484,0.999673068523407,-0.0027189692482352257,0.38542914390563965,0.09019294381141663,0.2780543863773346,0.07153138518333435,0.3160695731639862,-0.1513882428407669,0.43924030661582947,-0.059974588453769684,0.7283913493156433,0.1457882523536682,0.3278760313987732,0.05482937768101692,0.7431468367576599,-0.09257052093744278,0.4076029360294342
185,0.1952010840177536,-0.5796681046485901,-0.15372629463672638,0.9999738335609436,0.19403627514839172,-0.6093112826347351,-0.1316210776567459,0.999956488609314,0.19137492775917053,-0.6182029247283936,-0.19604213535785675,0.9999719858169556,0.13631609082221985,-0.6121397614479065,-0.03777538985013962,0.9999777674674988,0.06372381001710892,-0.5725963115692139,-0.16440711915493011,0.9999349117279053,0.1327601820230484,-0.448758602142334,0.13395220041275024,0.9999573230743408,-0.02157764323055744,-0.5879341959953308,-0.11114775389432907,0.9998454451560974,0.30666372179985046,-0.40857958793640137,0.2350427508354187,0.9260815978050232,0.06265796720981598,-0.560325026512146,-0.31854960322380066,0.902309775352478,0.5415931344032288,-0.432953417301178,0.27229031920433044,0.9802832007408142,0.2035079300403595,-0.6951085329055786,-0.42387932538986206,0.9288377165794373,0.053287994116544724,0.0008212634711526334,0.10876241326332092,0.999740481376648,-0.051139045506715775,-0.00659093726426363,-0.10625013709068298,0.9997014999389648,0.0452381931245327,0.3946123719215393,0.11684755235910416,0.2626732885837555,0.06719683855772018,0.31563931703567505,-0.1478365808725357,0.4754704535007477,0.055953655391931534,0.7433106303215027,0.2213864028453827,0.31044358015060425,0.052620530128479004,0.74170982837677,-0.08694028854370117,0.44820380210876465
186,0.2140192985534668,-0.5794541239738464,-0.1512078046798706,0.9999761581420898,0.21093115210533142,-0.6095427870750427,-0.1308063566684723,0.9999603629112244,0.20773740112781525,-0.6180254817008972,-0.19624267518520355,0.9999745488166809,0.13938719034194946,-0.6183977127075195,-0.03849582001566887,0.9999797940254211,0.07451514154672623,-0.5728179216384888,-0.17306764423847198,0.9999406337738037,0.12787938117980957,-0.45387062430381775,0.14853504300117493,0.9999607801437378,-0.004756930284202099,-0.576421856880188,-0.11361628770828247,0.9998594522476196,0.2854045629501343,-0.40986061096191406,0.2620392143726349,0.8991348743438721,0.10188433527946472,-0.49877625703811646,-0.3291575014591217,0.9115628004074097,0.4746100604534149,-0.48700180649757385,0.2910541892051697,0.9807062745094299,0.2589941918849945,-0.6254628896713257,-0.44682154059410095,0.9356675744056702,0.04902312904596329,0.0008408119902014732,0.11500094830989838,0.9997589588165283,-0.04684478044509888,-0.006779903545975685,-0.11275600641965866,0.9997227191925049,0.06592009216547012,0.39890623092651367,0.10262881964445114,0.24424020946025848,0.07022902369499207,0.31934627890586853,-0.13954003155231476,0.48700714111328125,0.09799840301275253,0.7533644437789917,0.19761519134044647,0.2887578010559082,0.041546210646629333,0.741344153881073,-0.07264977693557739,0.4633328914642334
187,0.24850180745124817,-0.5503469109535217,-0.1582108438014984,0.9999753832817078,0.2501256465911865,-0.5826743245124817,-0.13469581305980682,0.9999595284461975,0.2492017298936844,-0.5906064510345459,-0.20422637462615967,0.9999748468399048,0.17266947031021118,-0.6070859432220459,-0.05014611780643463,0.99997878074646,0.11833155900239944,-0.5660076141357422,-0.19727396965026855,0.9999397993087769,0.13201287388801575,-0.45373237133026123,0.13242246210575104,0.9999582767486572,0.03939996287226677,-0.5643896460533142,-0.1272123008966446,0.9998640418052673,0.2870270907878876,-0.40561720728874207,0.21686340868473053,0.8514462113380432,0.21257025003433228,-0.47065433859825134,-0.29639095067977905,0.9178560972213745,0.4219316244125366,-0.4974128007888794,0.2612926959991455,0.9660106897354126,0.31651613116264343,-0.5782686471939087,-0.41115063428878784,0.938759446144104,0.04612480849027634,0.0008346955291926861,0.10865461826324463,0.9997751712799072,-0.043947286903858185,-0.006788951810449362,-0.1070471927523613,0.9997409582138062,0.07639312744140625,0.40722644329071045,0.09364116936922073,0.2294405698776245,0.057191409170627594,0.3328215181827545,-0.12582138180732727,0.4777640104293823,0.1239602193236351,0.7612771391868591,0.18554078042507172,0.2680368721485138,0.039019569754600525,0.7536459565162659,-0.030883533880114555,0.4536541700363159
188,0.26665693521499634,-0.5211805701255798,-0.1397687941789627,0.9999660849571228,0.27238932251930237,-0.551239550113678,-0.1237359419465065,0.9999427795410156,0.27446410059928894,-0.557834267616272,-0.19165806472301483,0.9999704957008362,0.1953570544719696,-0.5911158919334412,-0.05139018967747688,0.9999635815620422,0.153998002409935,-0.5503051280975342,-0.18831279873847961,0.999930739402771,0.13737492263317108,-0.45358678698539734,0.12441249936819077,0.9999517202377319,0.07579053938388824,-0.548929750919342,-0.12685124576091766,0.9998723864555359,0.2901459336280823,-0.392193466424942,0.12243716418743134,0.7777654528617859,0.26391181349754333,-0.4074687659740448,-0.27613916993141174,0.9242527484893799,0.38516032695770264,-0.45745202898979187,0.017755143344402313,0.8967082500457764,0.34265947341918945,-0.5211121439933777,-0.29990893602371216,0.9426551461219788,0.04160132259130478,0.0008277844171971083,0.10399916768074036,0.9997941255569458,-0.03910284861922264,-0.0067954156547784805,-0.10265235602855682,0.9997638463973999,0.07307118922472,0.4100010395050049,0.08827076852321625,0.20945017039775848,0.05056767165660858,0.34568920731544495,-0.10022581368684769,0.45642662048339844,0.10898586362600327,0.760270893573761,0.18064996600151062,0.2439144402742386,0.0337689183652401,0.7598164677619934,-0.01011017058044672,0.4271046817302704
189,0.29684481024742126,-0.49448519945144653,-0.12876445055007935,0.9999405145645142,0.3031366765499115,-0.5238274335861206,-0.11596149206161499,0.9998916983604431,0.30788081884384155,-0.5303025841712952,-0.1838986724615097,0.9999575614929199,0.22207343578338623,-0.5730084776878357,-0.051205962896347046,0.9999196529388428,0.18854011595249176,-0.5338764786720276,-0.18663650751113892,0.9999042749404907,0.1502770185470581,-0.4517734944820404,0.1217942163348198,0.9999361038208008,0.10288174450397491,-0.5368277430534363,-0.12907296419143677,0.9998789429664612,0.293866902589798,-0.38873186707496643,0.09390999376773834,0.7064483165740967,0.2763606011867523,-0.36413806676864624,-0.26800736784935,0.9298127889633179,0.3910110890865326,-0.4846728444099426,-0.018388718366622925,0.8208739757537842,0.34860312938690186,-0.464251846075058,-0.2746789753437042,0.9447082877159119,0.036155566573143005,0.0008220148156397045,0.1041417345404625,0.9998106956481934,-0.0333089753985405,-0.0068094125017523766,-0.10344143956899643,0.9997841119766235,0.07158215343952179,0.4150753319263458,0.089256651699543,0.1904238611459732,0.0502035915851593,0.3553372621536255,-0.0831318348646164,0.4319627285003662,0.10995157808065414,0.7624103426933289,0.18198274075984955,0.22155174612998962,0.03173593804240227,0.7591657042503357,0.015815841034054756,0.39842018485069275
190,0.3318822681903839,-0.45556220412254333,-0.11177993565797806,0.9999271035194397,0.3402092754840851,-0.4844812750816345,-0.10230375081300735,0.9998683333396912,0.3478671610355377,-0.48881709575653076,-0.17145730555057526,0.9999520778656006,0.25461599230766296,-0.550147294998169,-0.047878190875053406,0.9999033212661743,0.2314509004354477,-0.5023257732391357,-0.18707825243473053,0.9998977184295654,0.1640845239162445,-0.44448381662368774,0.1204407811164856,0.9999313950538635,0.13474871218204498,-0.5205922722816467,-0.1299547255039215,0.9998874664306641,0.29121607542037964,-0.35688987374305725,0.08007834851741791,0.6432033181190491,0.2739320695400238,-0.32476112246513367,-0.27180734276771545,0.935814619064331,0.39823415875434875,-0.45711150765419006,-0.02704640105366707,0.7551031112670898,0.35213857889175415,-0.41663485765457153,-0.27658435702323914,0.9482817053794861,0.02982986904680729,0.0006910262745805085,0.10394379496574402,0.9998248219490051,-0.02651459351181984,-0.006708762142807245,-0.10370728373527527,0.9998019933700562,0.07014300674200058,0.41628754138946533,0.08681314438581467,0.1764020323753357,0.048146165907382965,0.36245906352996826,-0.07434917241334915,0.43940210342407227,0.13836096227169037,0.7617835402488708,0.1729734241962433,0.20468857884407043,0.03661539405584335,0.7578814625740051,0.02102419175207615,0.3906044065952301
191,0.3604033291339874,-0.4225213825702667,-0.09516610205173492,0.9999256730079651,0.37347057461738586,-0.4492114782333374,-0.08674308657646179,0.9998670816421509,0.38292714953422546,-0.45292773842811584,-0.15620514750480652,0.9999526739120483,0.2917993664741516,-0.5236852169036865,-0.04040924832224846,0.9999035000801086,0.27298346161842346,-0.4744985103607178,-0.18415996432304382,0.9999017715454102,0.17871178686618805,-0.4371368885040283,0.11988036334514618,0.9999303817749023,0.1718790978193283,-0.5037722587585449,-0.12307924777269363,0.9998953938484192,0.2915733754634857,-0.3440152704715729,0.08963168412446976,0.5872122645378113,0.2941787540912628,-0.29100796580314636,-0.2510077655315399,0.9406211376190186,0.41050297021865845,-0.45574623346328735,0.015868406742811203,0.6949470639228821,0.36066684126853943,-0.3773967921733856,-0.22925452888011932,0.9505295753479004,0.02245716191828251,0.0006712189060635865,0.10252165794372559,0.9998345375061035,-0.0187251977622509,-0.006683795712888241,-0.10234808921813965,0.9998154044151306,0.06868381053209305,0.4178404211997986,0.08244570344686508,0.16422522068023682,0.05868514999747276,0.35966742038726807,-0.06485465914011002,0.448613703250885,0.1562155783176422,0.7620046734809875,0.15449975430965424,0.18855614960193634,0.05927693843841553,0.756766140460968,0.038555461913347244,0.38116344809532166
192,0.3879285454750061,-0.3959161639213562,-0.08954208344221115,0.9999261498451233,0.4018478989601135,-0.42155003547668457,-0.08215530216693878,0.9998688101768494,0.4122703969478607,-0.4241892397403717,-0.15188927948474884,0.9999538660049438,0.321781724691391,-0.5009030699729919,-0.03862696513533592,0.9999054074287415,0.3045571744441986,-0.4497852921485901,-0.18451543152332306,0.9999061226844788,0.1961522400379181,-0.4275875687599182,0.12030152976512909,0.9999310374259949,0.20769760012626648,-0.4892585873603821,-0.12265178561210632,0.9999032616615295,0.2922244966030121,-0.3279417157173157,0.10123909264802933,0.5358086824417114,0.3081565797328949,-0.27506959438323975,-0.2314130663871765,0.9453282952308655,0.4206834137439728,-0.41894614696502686,0.057790420949459076,0.6366908550262451,0.37308934330940247,-0.35934576392173767,-0.18426397442817688,0.9509109854698181,0.0168243870139122,0.0006416944088414311,0.10277125984430313,0.9998458623886108,-0.012718155980110168,-0.006615562830120325,-0.10298464447259903,0.9998298287391663,0.06555905193090439,0.41881632804870605,0.07709282636642456,0.15593332052230835,0.062020838260650635,0.3573257029056549,-0.0676257312297821,0.47849053144454956,0.16457198560237885,0.7616199851036072,0.14012901484966278,0.17615044116973877,0.056419264525175095,0.7526822090148926,0.03239011764526367,0.39372920989990234
193,0.4066806733608246,-0.36727476119995117,-0.08847834914922714,0.9999192953109741,0.42368000745773315,-0.3917050361633301,-0.0804300606250763,0.9998598694801331,0.43336033821105957,-0.3943611979484558,-0.15020489692687988,0.9999516010284424,0.3490385115146637,-0.47240766882896423,-0.03561864793300629,0.9998994469642639,0.3270423412322998,-0.4276537001132965,-0.18310067057609558,0.9999053478240967,0.22032693028450012,-0.4069494903087616,0.12131766974925995,0.9999236464500427,0.22987666726112366,-0.47211435437202454,-0.12141937017440796,0.9999071955680847,0.29305219650268555,-0.30950185656547546,0.10380101203918457,0.4854626953601837,0.3338010013103485,-0.25702664256095886,-0.22138658165931702,0.9478063583374023,0.42647963762283325,-0.36259323358535767,0.060578640550374985,0.5766573548316956,0.3823956549167633,-0.3293185830116272,-0.16841265559196472,0.9367061853408813,0.01776834949851036,0.0006567204836755991,0.1028338074684143,0.999855101108551,-0.013427055440843105,-0.006610511336475611,-0.10320649296045303,0.9998421669006348,0.06097336858510971,0.4201156198978424,0.07689910382032394,0.144822895526886,0.0571027472615242,0.35603100061416626,-0.0704309344291687,0.5025936961174011,0.1779836118221283,0.7614231109619141,0.1413983255624771,0.16203878819942474,0.05672359839081764,0.744443416595459,0.02507954090833664,0.3986909091472626
194,0.42440739274024963,-0.33974573016166687,-0.08401072770357132,0.9999133348464966,0.445130854845047,-0.3613191246986389,-0.0759204626083374,0.9998553395271301,0.45540937781333923,-0.36355969309806824,-0.14663006365299225,0.9999498128890991,0.37658730149269104,-0.4453248381614685,-0.03350583836436272,0.9998965859413147,0.35469570755958557,-0.40481600165367126,-0.18210658431053162,0.9999073147773743,0.24180197715759277,-0.3897252678871155,0.12180950492620468,0.9999133348464966,0.26689302921295166,-0.45167186856269836,-0.12239650636911392,0.9999100565910339,0.2979637086391449,-0.28238701820373535,0.09468850493431091,0.43914106488227844,0.3643642067909241,-0.22476109862327576,-0.1861669421195984,0.9502527117729187,0.4299090802669525,-0.3056042492389679,0.035596251487731934,0.5211876034736633,0.39683473110198975,-0.29825395345687866,-0.07915633171796799,0.923548698425293,0.014563648961484432,0.0008770807180553675,0.1023923009634018,0.9998617768287659,-0.009454653598368168,-0.00668957456946373,-0.10287857800722122,0.9998520612716675,0.03804578632116318,0.42875877022743225,0.07480752468109131,0.1336667537689209,0.04854358732700348,0.36061373353004456,-0.06571649760007858,0.5262209177017212,0.1685900241136551,0.7679411768913269,0.13488580286502838,0.14886850118637085,0.07077151536941528,0.7442896366119385,0.02353023551404476,0.40807273983955383
195,0.4300699830055237,-0.29567623138427734,-0.07099631428718567,0.9999053478240967,0.4546004831790924,-0.31370264291763306,-0.06394774466753006,0.9998471736907959,0.4658512473106384,-0.31435585021972656,-0.13506166636943817,0.9999467730522156,0.398102730512619,-0.406022310256958,-0.028540784493088722,0.9998923540115356,0.37585893273353577,-0.36610472202301025,-0.17770260572433472,0.9999096393585205,0.25329867005348206,-0.3649066388607025,0.12183530628681183,0.9999045133590698,0.2996129095554352,-0.42291828989982605,-0.12078684568405151,0.9999127388000488,0.2980633080005646,-0.23121879994869232,0.08664438128471375,0.3977910280227661,0.38835257291793823,-0.18482321500778198,-0.1253950297832489,0.9530096650123596,0.4242512881755829,-0.24227583408355713,0.035796862095594406,0.47057557106018066,0.4075973629951477,-0.27131494879722595,0.05604416877031326,0.9066527485847473,0.010492668487131596,0.001483048079535365,0.10213529318571091,0.9998669624328613,-0.004697983153164387,-0.0069884005934000015,-0.10242443531751633,0.9998608827590942,0.01569652371108532,0.4328216314315796,0.06971192359924316,0.12386153638362885,0.039692848920822144,0.3595115840435028,-0.061165835708379745,0.5565040707588196,0.15739411115646362,0.7731040120124817,0.12570424377918243,0.13732053339481354,0.07354986667633057,0.7431056499481201,0.01905478537082672,0.42339983582496643
196,0.4406169056892395,-0.26049864292144775,-0.07403960078954697,0.9999018311500549,0.46926799416542053,-0.273518443107605,-0.06584437936544418,0.9998458027839661,0.4789296090602875,-0.2736433744430542,-0.13682398200035095,0.9999449253082275,0.4257758855819702,-0.36873796582221985,-0.029233776032924652,0.9998918771743774,0.3960598111152649,-0.33158841729164124,-0.17734265327453613,0.9999111294746399,0.28522059321403503,-0.3463670313358307,0.11879318952560425,0.9999070763587952,0.3200145363807678,-0.40135276317596436,-0.1211041733622551,0.9999173283576965,0.32770684361457825,-0.2058599442243576,0.058486539870500565,0.36279571056365967,0.39451736211776733,-0.15493659675121307,-0.12226355075836182,0.9552282691001892,0.4265173375606537,-0.20206059515476227,-0.02714763954281807,0.42759594321250916,0.4178948402404785,-0.2275516241788864,0.04058735445141792,0.8963564038276672,0.010935577563941479,0.002130384324118495,0.10179202258586884,0.9998756051063538,-0.004943288397043943,-0.007223876193165779,-0.1021241769194603,0.9998709559440613,-0.00036168130463920534,0.4323597550392151,0.0716642513871193,0.11424591392278671,0.025979258120059967,0.3589111566543579,-0.05680764466524124,0.5852577686309814,0.15467478334903717,0.7752912640571594,0.12807880342006683,0.12690332531929016,0.07024042308330536,0.7409608364105225,0.011099255643785,0.4472942352294922
197,0.4464452266693115,-0.22727783024311066,-0.06550072133541107,0.9998940825462341,0.4782174825668335,-0.23602093756198883,-0.05762268975377083,0.999839723110199,0.48824435472488403,-0.23506884276866913,-0.12849517166614532,0.9999387860298157,0.4477303624153137,-0.3328746259212494,-0.02662941999733448,0.9998887777328491,0.4176258146762848,-0.2971930503845215,-0.17138394713401794,0.9999093413352966,0.3043387830257416,-0.32327401638031006,0.11699572950601578,0.999910295009613,0.3555963635444641,-0.3738333284854889,-0.11972266435623169,0.9999200701713562,0.3338339328765869,-0.17225947976112366,0.04206619784235954,0.3320762515068054,0.4088926613330841,-0.12137474864721298,-0.08059508353471756,0.9534082412719727,0.4269746243953705,-0.15980759263038635,-0.053584787994623184,0.3893830478191376,0.426822692155838,-0.19604156911373138,0.12517550587654114,0.862481951713562,0.00829983688890934,0.003187712514773011,0.10166633129119873,0.9998841881752014,-0.0019030115799978375,-0.007581824902445078,-0.10187322646379471,0.9998804330825806,-0.012808290310204029,0.43476998805999756,0.07224233448505402,0.10489179193973541,0.026141619309782982,0.3534323573112488,-0.05555180460214615,0.6116361021995544,0.13998174667358398,0.784155011177063,0.12792550027370453,0.11712301522493362,0.06712782382965088,0.739934504032135,0.007646501995623112,0.4702768921852112
198,0.4500986933708191,-0.19631674885749817,-0.05934867635369301,0.9998828172683716,0.48306363821029663,-0.20216482877731323,-0.0522669292986393,0.9998281002044678,0.49371546506881714,-0.2006477564573288,-0.12115474790334702,0.9999291300773621,0.462223619222641,-0.2956629991531372,-0.025254372507333755,0.9998820424079895,0.4339480698108673,-0.2665185332298279,-0.1619672030210495,0.9999053478240967,0.3245425522327423,-0.2938491702079773,0.11419616639614105,0.9999136924743652,0.380498468875885,-0.34533196687698364,-0.1123432144522667,0.9999226331710815,0.343073308467865,-0.13809339702129364,0.03389797732234001,0.3057325780391693,0.41801220178604126,-0.09235797077417374,-0.06413499265909195,0.9483146667480469,0.4277045726776123,-0.12317601591348648,-0.056253328919410706,0.3563097417354584,0.43039876222610474,-0.16043169796466827,0.14185911417007446,0.8236522078514099,0.0071607013233006,0.003931852988898754,0.0990394651889801,0.9998907446861267,-0.0006050050142221153,-0.007745229173451662,-0.1000891923904419,0.9998878240585327,-0.026729527860879898,0.43452951312065125,0.07114516943693161,0.09590597450733185,0.026374349370598793,0.3439485728740692,-0.05097794532775879,0.6263081431388855,0.14229445159435272,0.7905712127685547,0.12111977487802505,0.10701976716518402,0.06435756385326385,0.7349374294281006,0.012922070920467377,0.4717859625816345
199,0.4659982919692993,-0.1664455235004425,-0.05519264191389084,0.9998471140861511,0.49678561091423035,-0.17158183455467224,-0.04799946770071983,0.9997802376747131,0.5076653361320496,-0.168760284781456,-0.11760768294334412,0.9999026656150818,0.47507724165916443,-0.26472482085227966,-0.022920828312635422,0.9998500347137451,0.44752830266952515,-0.23572199046611786,-0.15999363362789154,0.9998851418495178,0.3382001221179962,-0.26920607686042786,0.11438143253326416,0.9999148845672607,0.4079100787639618,-0.3115515410900116,-0.1123228371143341,0.9999260902404785,0.339415967464447,-0.116017185151577,0.03688695281744003,0.2803652286529541,0.4293305575847626,-0.05877222865819931,-0.06819874793291092,0.948452353477478,0.42414453625679016,-0.09290014952421188,-0.05758342891931534,0.3259288966655731,0.4372721016407013,-0.12315287441015244,0.13315364718437195,0.8052898645401001,0.004700651858001947,0.0039177555590868,0.09938462823629379,0.9998970627784729,0.0020790863782167435,-0.007377302274107933,-0.1007259264588356,0.9998952150344849,-0.029736045747995377,0.43383166193962097,0.09651616960763931,0.08801634609699249,0.03824753314256668,0.33946362137794495,-0.050153713673353195,0.6514678001403809,0.14144271612167358,0.7879612445831299,0.1612176150083542,0.0983877182006836,0.07810745388269424,0.7172524333000183,0.014747673645615578,0.4897891879081726
200,0.4712916612625122,-0.1419021636247635,-0.058041226118803024,0.9998300075531006,0.5034535527229309,-0.1437373012304306,-0.05134374648332596,0.999762237071991,0.5147301554679871,-0.1421697437763214,-0.11960799247026443,0.9998896718025208,0.4862510859966278,-0.22705450654029846,-0.023485375568270683,0.9998379945755005,0.4627644419670105,-0.21045148372650146,-0.1563001573085785,0.9998766779899597,0.3546014726161957,-0.23324896395206451,0.11474407464265823,0.9999134540557861,0.4266376197338104,-0.28051960468292236,-0.1102113276720047,0.9999274015426636,0.33907291293144226,-0.09681635349988937,0.03655621036887169,0.25948402285575867,0.4327589273452759,-0.02735503949224949,-0.05798441544175148,0.9473025798797607,0.42438212037086487,-0.0696621909737587,-0.06632815301418304,0.3003328740596771,0.44286048412323,-0.09150180220603943,0.13982132077217102,0.7710778117179871,0.004758791066706181,0.003899459494277835,0.09928838163614273,0.9998995065689087,0.0021057971753180027,-0.006914824713021517,-0.10068895667791367,0.9998986124992371,-0.024442290887236595,0.4275156259536743,0.0983387902379036,0.08008401095867157,0.04727170988917351,0.3415125608444214,-0.051446422934532166,0.6668986082077026,0.14440225064754486,0.7787463665008545,0.17285729944705963,0.08965380489826202,0.11377336084842682,0.7087448239326477,0.01429472491145134,0.4963407516479492
201,0.4833433926105499,-0.1030038520693779,-0.06123105809092522,0.9996942281723022,0.5144005417823792,-0.1068824902176857,-0.053889621049165726,0.9995672106742859,0.5257323384284973,-0.1050916388630867,-0.1220693290233612,0.9998030662536621,0.4971104562282562,-0.19126714766025543,-0.024025237187743187,0.9996849298477173,0.4747803211212158,-0.18351663649082184,-0.15664461255073547,0.9998047947883606,0.37172120809555054,-0.1924225091934204,0.11844456940889359,0.99988853931427,0.4348194897174835,-0.252135694026947,-0.1114128977060318,0.9999245405197144,0.3375406265258789,-0.06220107898116112,0.040533095598220825,0.23878328502178192,0.4152366518974304,-0.0006733369082212448,-0.07711125910282135,0.9471509456634521,0.42508071660995483,-0.03748786449432373,-0.05091508850455284,0.2759236991405487,0.435846209526062,-0.04809769615530968,0.10928600281476974,0.7445357441902161,0.00512708630412817,0.004570617340505123,0.09943770617246628,0.9998996257781982,0.0014792170841246843,-0.006983069237321615,-0.10088007897138596,0.9999009370803833,-0.01978895626962185,0.41573086380958557,0.0957409217953682,0.07429308444261551,0.04680607467889786,0.34493938088417053,-0.06054951250553131,0.6863204836845398,0.14814138412475586,0.7771274447441101,0.17856891453266144,0.08273451030254364,0.1116700991988182,0.6995610594749451,0.013961046002805233,0.5061625838279724
202,0.4939308762550354,-0.08575496822595596,-0.08818382769823074,0.9996778964996338,0.5261049270629883,-0.08398840576410294,-0.07891236245632172,0.9995490908622742,0.5363496541976929,-0.08879521489143372,-0.14197474718093872,0.9997882843017578,0.5121317505836487,-0.14628995954990387,-0.025907102972269058,0.9996613264083862,0.48618796467781067,-0.1694045513868332,-0.15452343225479126,0.9997835755348206,0.3899412751197815,-0.15068072080612183,0.12478248029947281,0.9998596906661987,0.4467262327671051,-0.23126919567584991,-0.1037173941731453,0.9999184012413025,0.35121750831604004,-0.03570517152547836,0.05784191936254501,0.22625714540481567,0.4071340262889862,0.0034465354401618242,-0.08137724548578262,0.9471703767776489,0.4404382109642029,-0.011963027529418468,-0.046740587800741196,0.26064926385879517,0.4473222494125366,-0.023415176197886467,0.09073953330516815,0.7174053192138672,0.0078075178898870945,0.006208072882145643,0.09984079748392105,0.9998776316642761,-0.0008365707471966743,-0.00749596580862999,-0.10128021985292435,0.9998829960823059,-0.016382068395614624,0.4071902632713318,0.09214407205581665,0.06886792182922363,0.046359188854694366,0.35165441036224365,-0.08048033714294434,0.6981636881828308,0.1338604986667633,0.7798663377761841,0.1769816279411316,0.0769738107919693,0.07707037031650543,0.7030922174453735,-0.027159705758094788,0.5181395411491394
203,0.4913654029369354,-0.0551711805164814,-0.07222352176904678,0.99952632188797,0.5219781994819641,-0.0596432164311409,-0.06520741432905197,0.9993790984153748,0.5329434275627136,-0.0568046011030674,-0.12702959775924683,0.9997076392173767,0.5111182928085327,-0.13568660616874695,-0.01739252358675003,0.9995935559272766,0.48386818170547485,-0.13708028197288513,-0.1428728550672531,0.999710738658905,0.39310917258262634,-0.14056172966957092,0.13832877576351166,0.9998353123664856,0.45260003209114075,-0.204147070646286,-0.09997003525495529,0.9999128580093384,0.36458587646484375,-0.026345372200012207,0.1880454570055008,0.2113647758960724,0.40042218565940857,0.01611815020442009,-0.08279487490653992,0.9481258392333984,0.4763352572917938,-0.007019174285233021,0.27984359860420227,0.24136275053024292,0.4587100148200989,-0.022167125716805458,0.07511145621538162,0.7037895321846008,0.007994767278432846,0.007746304851025343,0.10068681091070175,0.9998549818992615,-0.0011659569572657347,-0.008283283561468124,-0.10184041410684586,0.9998646378517151,-0.01650470867753029,0.39822709560394287,0.08380260318517685,0.06560924649238586,0.04183535277843475,0.3684057593345642,-0.09167754650115967,0.7218368053436279,0.133156880736351,0.7760729789733887,0.1728406399488449,0.0724174752831459,0.07555811107158661,0.7053373456001282,-0.035994816571474075,0.5469231605529785
204,0.4801281988620758,-0.02584715560078621,-0.046127550303936005,0.9993559718132019,0.5100382566452026,-0.030145736411213875,-0.04219690337777138,0.9992006421089172,0.5204534530639648,-0.022615643218159676,-0.10460028797388077,0.9996240735054016,0.5030405521392822,-0.11313915252685547,-0.00322374957613647,0.9995360374450684,0.4725327789783478,-0.10386242717504501,-0.13122007250785828,0.9996304512023926,0.38622382283210754,-0.1269257366657257,0.15136855840682983,0.9998298287391663,0.45888832211494446,-0.17494553327560425,-0.09467855095863342,0.9999113082885742,0.36317178606987,-0.0037030454259365797,0.23294863104820251,0.19705237448215485,0.4024364948272705,0.0472470261156559,-0.08861252665519714,0.9483766555786133,0.4775700867176056,0.01114445086568594,0.3707464039325714,0.22272315621376038,0.46153008937835693,-0.007756010629236698,0.07434333115816116,0.6852411031723022,0.0058595663867890835,0.008047602139413357,0.10170144587755203,0.9998546838760376,0.0006052633980289102,-0.008336694911122322,-0.10253477096557617,0.9998640418052673,-0.020332153886556625,0.3893025815486908,0.08164484053850174,0.061765577644109726,0.028157390654087067,0.38657689094543457,-0.08972310274839401,0.7447250485420227,0.10611841827630997,0.7633745074272156,0.1670318841934204,0.06832381337881088,0.07457210123538971,0.7061027884483337,-0.03752227872610092,0.5803218483924866
205,0.4759654402732849,-0.021943945437669754,-0.05016859620809555,0.9992877840995789,0.5066949129104614,-0.022470951080322266,-0.044814981520175934,0.9991431832313538,0.5170497894287109,-0.017938846722245216,-0.10696756094694138,0.9995961785316467,0.5042596459388733,-0.09108187258243561,0.0019176773494109511,0.9995277523994446,0.47458457946777344,-0.1033347025513649,-0.12321066856384277,0.9995999336242676,0.38965845108032227,-0.11343619227409363,0.1615508496761322,0.9998055100440979,0.4621645212173462,-0.16921384632587433,-0.08287860453128815,0.9998992085456848,0.38109850883483887,0.016983099281787872,0.25169509649276733,0.19635093212127686,0.4022787809371948,0.051635563373565674,-0.08778530359268188,0.9506968855857849,0.49118658900260925,0.02484283596277237,0.3974646329879761,0.21568815410137177,0.4660591781139374,0.0021578059531748295,0.08240814507007599,0.6829269528388977,0.005725839640945196,0.009466517716646194,0.1024448424577713,0.999832272529602,0.0005849443841725588,-0.0091728325933218,-0.10297490656375885,0.9998378157615662,-0.009227611124515533,0.38194936513900757,0.07566022872924805,0.06801610440015793,0.028507813811302185,0.39106836915016174,-0.09017329663038254,0.7690600752830505,0.10865014046430588,0.763312578201294,0.15763519704341888,0.07468506693840027,0.08104386180639267,0.712121844291687,-0.04046539589762688,0.619181215763092
206,0.47752347588539124,-0.006799677386879921,-0.0474139042198658,0.9992358088493347,0.5090664029121399,-0.01023609284311533,-0.04113243520259857,0.9990877509117126,0.5182539224624634,-0.004931379109621048,-0.1025456041097641,0.9995726346969604,0.5086724162101746,-0.082145094871521,0.010237534530460835,0.9995062947273254,0.4754377007484436,-0.09398587793111801,-0.11402098834514618,0.9995687007904053,0.39587217569351196,-0.09722982347011566,0.17054606974124908,0.9997977018356323,0.45960333943367004,-0.15638719499111176,-0.07413310557603836,0.9998974800109863,0.3857647776603699,0.03560648858547211,0.24600110948085785,0.18514706194400787,0.40088987350463867,0.05755529925227165,-0.08600948750972748,0.9520115852355957,0.487118124961853,0.033995240926742554,0.36489564180374146,0.20061643421649933,0.4635929465293884,0.013956192880868912,0.08922816812992096,0.6770685911178589,0.005844733212143183,0.011217006482183933,0.10240525752305984,0.9998278617858887,0.00038900968502275646,-0.010415823198854923,-0.10282556712627411,0.9998334646224976,-0.0090870326384902,0.3723939061164856,0.05763746798038483,0.06676945090293884,0.020984824746847153,0.38813117146492004,-0.09034822881221771,0.7886778712272644,0.11029782146215439,0.760411262512207,0.12242569774389267,0.07246974110603333,0.07984141260385513,0.7125611901283264,-0.052199944853782654,0.6489520072937012
207,0.46035394072532654,0.013577630743384361,-0.041504476219415665,0.9986496567726135,0.49625957012176514,0.008044101297855377,-0.03739408776164055,0.9983927607536316,0.501408576965332,0.01829451136291027,-0.1028137356042862,0.9991927146911621,0.5005042552947998,-0.08903434872627258,0.007431968580931425,0.9992148280143738,0.4701457917690277,-0.07395798712968826,-0.12007136642932892,0.9992246031761169,0.38733017444610596,-0.10616113990545273,0.16630087792873383,0.9997814297676086,0.4476941227912903,-0.1372496634721756,-0.0960230603814125,0.9998889565467834,0.35027122497558594,0.04102351889014244,0.22236420214176178,0.17340585589408875,0.38190606236457825,0.10006991773843765,-0.08800867944955826,0.9545241594314575,0.4370664656162262,0.0533486008644104,0.30038049817085266,0.18457429111003876,0.44541144371032715,0.05058018118143082,0.09388651698827744,0.6693435311317444,0.005995310377329588,0.01118126604706049,0.10644137114286423,0.9998124241828918,0.00021379604004323483,-0.010238460265100002,-0.10675182938575745,0.9998188018798828,0.010278595611453056,0.3581148684024811,0.058770716190338135,0.06369058787822723,0.021461598575115204,0.38720381259918213,-0.09094811975955963,0.8077107071876526,0.13869550824165344,0.7492498755455017,0.12236495316028595,0.07065366208553314,0.0808204934000969,0.7090396881103516,-0.054695844650268555,0.6806998252868652
208,0.46058955788612366,0.006895126774907112,-0.03704068809747696,0.998511016368866,0.49550050497055054,-0.0024102958850562572,-0.03348667919635773,0.9982431530952454,0.5009866952896118,0.00958856102079153,-0.09755662083625793,0.9991369843482971,0.49858802556991577,-0.092213936150074,0.007664805743843317,0.9991886019706726,0.46475687623023987,-0.07930324971675873,-0.12262900173664093,0.9991657733917236,0.38936400413513184,-0.10271279513835907,0.16486898064613342,0.9997701644897461,0.44554927945137024,-0.1401117593050003,-0.09433753043413162,0.9998764395713806,0.36820629239082336,0.047180432826280594,0.264329731464386,0.16174408793449402,0.3826195001602173,0.08007431030273438,-0.08980688452720642,0.9516981840133667,0.45273593068122864,0.053037356585264206,0.44155824184417725,0.16929619014263153,0.45396873354911804,0.022077158093452454,0.09282034635543823,0.6421115398406982,0.0060901460237801075,0.011475665494799614,0.106320820748806,0.9997928738594055,8.213558612624183e-05,-0.010483796708285809,-0.1066887378692627,0.9997976422309875,0.012588976882398129,0.35323601961135864,0.05459536984562874,0.060165293514728546,0.02677249163389206,0.3866877555847168,-0.09680459648370743,0.8209760189056396,0.13851583003997803,0.7481987476348877,0.12112502753734589,0.06612323969602585,0.0858793556690216,0.7111998200416565,-0.06662812829017639,0.7017623782157898
209,0.4603780210018158,-0.003051667707040906,-0.03795932978391647,0.9985350966453552,0.4947594106197357,-0.014428822323679924,-0.0346214585006237,0.9982691407203674,0.5006599426269531,-0.002555325860157609,-0.0984950065612793,0.9991543889045715,0.4959256947040558,-0.10384011268615723,0.00613685417920351,0.999218225479126,0.46367278695106506,-0.09210651367902756,-0.12353207170963287,0.9991711378097534,0.38618969917297363,-0.11087144166231155,0.16293559968471527,0.9997761249542236,0.4429726302623749,-0.1483311951160431,-0.094130739569664,0.9998723864555359,0.36844009160995483,0.0388881079852581,0.27692821621894836,0.15294569730758667,0.38288354873657227,0.06555488705635071,-0.09442325681447983,0.9481903314590454,0.45338842272758484,0.04530131816864014,0.48507755994796753,0.15678924322128296,0.46321097016334534,0.0046068402007222176,0.0904117226600647,0.6177151203155518,0.006139750126749277,0.011480341665446758,0.10602721571922302,0.9997896552085876,8.154789611580782e-06,-0.01049269363284111,-0.10621029138565063,0.9997913241386414,0.011821500025689602,0.35454821586608887,0.04915624484419823,0.056922636926174164,0.028407355770468712,0.3850694000720978,-0.0966225191950798,0.8305941820144653,0.1382313370704651,0.7484537363052368,0.11051080375909805,0.062128547579050064,0.08496757596731186,0.7131467461585999,-0.0676451027393341,0.7201223373413086
210,0.4641588628292084,-0.014720045030117035,-0.0574180968105793,0.9982153177261353,0.4986162781715393,-0.025714179500937462,-0.052294276654720306,0.9978323578834534,0.5030803680419922,-0.0167665034532547,-0.12155518680810928,0.9988676905632019,0.4999620318412781,-0.11637899279594421,-0.006512430962175131,0.9989441633224487,0.46157822012901306,-0.10582620650529861,-0.14468565583229065,0.998825192451477,0.3939015865325928,-0.12088509649038315,0.15382680296897888,0.9997406005859375,0.4395798444747925,-0.15355806052684784,-0.11637307703495026,0.9998431205749512,0.3680422604084015,0.022783523425459862,0.130799800157547,0.14510582387447357,0.3663884997367859,0.06508482247591019,-0.1004587709903717,0.9514391422271729,0.44167768955230713,0.03772938996553421,0.05906469374895096,0.14798398315906525,0.4607766270637512,0.02244132198393345,0.08749701827764511,0.6265696883201599,0.008950685150921345,0.01143998745828867,0.10727836191654205,0.9997667074203491,-0.002611944917589426,-0.01032334566116333,-0.10734733939170837,0.9997670650482178,0.024321990087628365,0.3572772741317749,0.059497326612472534,0.05436600744724274,0.02984779141843319,0.38395291566848755,-0.10713864862918854,0.844088077545166,0.14100483059883118,0.7491182684898376,0.1282527595758438,0.061121866106987,0.08459730446338654,0.7146110534667969,-0.08806870877742767,0.7431339025497437
211,0.46983271837234497,-0.019853560253977776,-0.05954359099268913,0.9981709122657776,0.5041329860687256,-0.040847230702638626,-0.05488074570894241,0.9977808594703674,0.5079391002655029,-0.0294294822961092,-0.12520554661750793,0.9987898468971252,0.5007214546203613,-0.14592544734477997,-0.009291496127843857,0.9989129304885864,0.4603740870952606,-0.12794701755046844,-0.14941580593585968,0.9987310767173767,0.3908250629901886,-0.13224458694458008,0.15232078731060028,0.999724268913269,0.4375741481781006,-0.1635148525238037,-0.11935330182313919,0.9998161196708679,0.3558732271194458,0.018745088949799538,0.1030765175819397,0.1455480009317398,0.36243027448654175,0.06048325449228287,-0.10028719156980515,0.953950822353363,0.4337323307991028,0.027839327231049538,0.015832940116524696,0.14714272320270538,0.45937666296958923,0.019229017198085785,0.09510383754968643,0.6264486312866211,0.008074796758592129,0.010715358890593052,0.10771219432353973,0.9997378587722778,-0.0017771482234820724,-0.009243949316442013,-0.10776900500059128,0.9997352957725525,0.01596313714981079,0.36236071586608887,0.06444396078586578,0.05335509404540062,0.02778552658855915,0.3851148188114166,-0.10503830015659332,0.8566938042640686,0.1408005654811859,0.7494637370109558,0.1326158195734024,0.06175144016742706,0.07994163036346436,0.716927170753479,-0.08073510229587555,0.7648483514785767
212,0.48167842626571655,-0.07018835097551346,-0.06813355535268784,0.998153805732727,0.5145148038864136,-0.09086958318948746,-0.06301786005496979,0.997721791267395,0.5182030200958252,-0.08175364881753922,-0.13343659043312073,0.998724102973938,0.501659631729126,-0.18747764825820923,-0.01715618558228016,0.9988565444946289,0.4609740078449249,-0.1729235053062439,-0.15532143414020538,0.9986343383789062,0.38876426219940186,-0.15404747426509857,0.14049150049686432,0.999710202217102,0.4361906945705414,-0.1749953329563141,-0.12288907915353775,0.9997900724411011,0.35560667514801025,0.003827172564342618,0.07218717038631439,0.14660730957984924,0.36272916197776794,0.058195363730192184,-0.10058902204036713,0.954332172870636,0.4344855844974518,0.007351787760853767,-0.030650870874524117,0.1453821212053299,0.46196895837783813,0.014317397028207779,0.09291254729032516,0.6115220785140991,0.00799018144607544,0.01042214222252369,0.10763147473335266,0.9997250437736511,-0.0017124296864494681,-0.008836017921566963,-0.10767694562673569,0.9997197389602661,0.005324005149304867,0.37477824091911316,0.06828036904335022,0.05096358433365822,0.015077861957252026,0.3891621530056,-0.10358931124210358,0.8644773364067078,0.12582263350486755,0.7619874477386475,0.13810530304908752,0.06055295839905739,0.05090918391942978,0.7197400331497192,-0.0755515992641449,0.7803047299385071
213,0.5033376216888428,-0.12059567123651505,-0.07522537559270859,0.9981755614280701,0.5333826541900635,-0.1410384178161621,-0.06815223395824432,0.9977229237556458,0.53672856092453,-0.13384419679641724,-0.13912715017795563,0.9986957907676697,0.5058032870292664,-0.23185887932777405,-0.021079981699585915,0.9988294839859009,0.4625586271286011,-0.21839775145053864,-0.15994666516780853,0.9985740780830383,0.38720470666885376,-0.1822492629289627,0.12865093350410461,0.9997056126594543,0.43578919768333435,-0.21108904480934143,-0.12563316524028778,0.999772310256958,0.3541308641433716,-0.03576083481311798,0.04007364809513092,0.14228951930999756,0.3630988895893097,0.012045852839946747,-0.10068080574274063,0.9519963264465332,0.42376086115837097,-0.03328513354063034,-0.0956759825348854,0.14046140015125275,0.46442711353302,-0.017791692167520523,0.09247912466526031,0.5943236351013184,0.007591438479721546,0.010391146875917912,0.10746973007917404,0.9997084736824036,-0.0012598680332303047,-0.00880332663655281,-0.10755550861358643,0.9996998906135559,-0.018647929653525352,0.3994399607181549,0.08550515025854111,0.04684317484498024,0.009821384213864803,0.40607935190200806,-0.09967707097530365,0.8620959520339966,0.09218820184469223,0.7730461955070496,0.1623382568359375,0.05640970170497894,0.0411844402551651,0.7231041193008423,-0.07312845438718796,0.7871534824371338
214,0.5067155957221985,-0.17320190370082855,-0.06948916614055634,0.9982955455780029,0.5348541736602783,-0.19364972412586212,-0.060469478368759155,0.997859537601471,0.5384066104888916,-0.18862485885620117,-0.13112616539001465,0.9987713098526001,0.5048227906227112,-0.2762840688228607,-0.011059182696044445,0.9988774061203003,0.4617408514022827,-0.2657530903816223,-0.14607560634613037,0.9986486434936523,0.3861733078956604,-0.21949179470539093,0.13388477265834808,0.999708890914917,0.43442559242248535,-0.25442785024642944,-0.11524547636508942,0.9997765421867371,0.3542831838130951,-0.08206608891487122,0.057300664484500885,0.13536779582500458,0.3625789284706116,-0.038617655634880066,-0.09444447606801987,0.9484074711799622,0.426308274269104,-0.0730825737118721,-0.08331478387117386,0.13588419556617737,0.4641677439212799,-0.06892169266939163,0.09274738281965256,0.5914740562438965,0.006875223480165005,0.010282669216394424,0.1069328784942627,0.9997100234031677,-0.0006010278593748808,-0.008733945898711681,-0.10701168328523636,0.9997061491012573,-0.02194768376648426,0.41918110847473145,0.07860440015792847,0.04341426119208336,0.012833425775170326,0.41045552492141724,-0.10691051185131073,0.8544585704803467,0.08774193376302719,0.794538676738739,0.14004789292812347,0.05232470482587814,0.04482142627239227,0.7307635545730591,-0.09663251042366028,0.7797648906707764
215,0.5093616843223572,-0.22294235229492188,-0.08023147284984589,0.9982995390892029,0.5352504253387451,-0.24708549678325653,-0.07224995642900467,0.9978243708610535,0.5387941598892212,-0.241682767868042,-0.1422823965549469,0.9987460970878601,0.5028554797172546,-0.3296288847923279,-0.0262259803712368,0.9988117814064026,0.45588219165802,-0.3092758059501648,-0.16131757199764252,0.9986124038696289,0.38493722677230835,-0.2576933801174164,0.11988427489995956,0.999713122844696,0.4222484529018402,-0.29459452629089355,-0.12492154538631439,0.999781608581543,0.35062700510025024,-0.1239386722445488,0.04710731655359268,0.1288895159959793,0.3543729782104492,-0.07647436857223511,-0.11663632839918137,0.9448955059051514,0.42673903703689575,-0.11474934220314026,-0.09332246333360672,0.13337968289852142,0.4634662866592407,-0.12091337144374847,0.03672558441758156,0.5980111956596375,0.006663135252892971,0.010024835355579853,0.10583161562681198,0.9997190833091736,-0.0004511232255026698,-0.00862262211740017,-0.10587140917778015,0.9997197389602661,-0.025972358882427216,0.4340441823005676,0.08920265734195709,0.040222037583589554,0.013818442821502686,0.41606879234313965,-0.0999690517783165,0.8365333676338196,0.09279856085777283,0.8016424775123596,0.18315407633781433,0.04864110052585602,0.03953806310892105,0.7464800477027893,-0.05087326839566231,0.7612522840499878
216,0.5067812204360962,-0.280550479888916,-0.09469210356473923,0.9984111785888672,0.5322917699813843,-0.3071622848510742,-0.08533932268619537,0.9979492425918579,0.5363813042640686,-0.30421942472457886,-0.15379711985588074,0.9988244771957397,0.49320828914642334,-0.37840819358825684,-0.03379800170660019,0.9988486170768738,0.43021655082702637,-0.3607781231403351,-0.1659838855266571,0.9986831545829773,0.38457736372947693,-0.2860364317893982,0.11318641901016235,0.9997190833091736,0.39336004853248596,-0.3376632034778595,-0.12630358338356018,0.9997891783714294,0.36745214462280273,-0.1610148847103119,0.04515780135989189,0.12551142275333405,0.3497703969478607,-0.11768051981925964,-0.14400747418403625,0.9435436725616455,0.43975603580474854,-0.15444155037403107,-0.10486450791358948,0.13512741029262543,0.4611135721206665,-0.16945213079452515,-0.04788802191615105,0.6216003894805908,0.008158027194440365,0.010709517635405064,0.1038215160369873,0.9997361898422241,-0.0021248653065413237,-0.009808274917304516,-0.10360406339168549,0.9997391700744629,-0.013868316076695919,0.4400674104690552,0.08840379863977432,0.03957921639084816,0.021298181265592575,0.4130001664161682,-0.10068526864051819,0.8333199620246887,0.09582818299531937,0.8125885128974915,0.18800795078277588,0.04861385375261307,0.03667427971959114,0.7513419389724731,-0.04748086631298065,0.7638792991638184
217,0.4873604476451874,-0.3252483606338501,-0.09530830383300781,0.9985455274581909,0.509812593460083,-0.3510776460170746,-0.08614592999219894,0.9981120824813843,0.5097360610961914,-0.350544273853302,-0.15235404670238495,0.9989244937896729,0.4671073853969574,-0.4121894836425781,-0.03272118419408798,0.9989221096038818,0.400477796792984,-0.3992304801940918,-0.16160114109516144,0.9987870454788208,0.3730977177619934,-0.3087742030620575,0.11501971632242203,0.9997318983078003,0.36402806639671326,-0.3822919428348541,-0.11469800770282745,0.9998049139976501,0.3669876456260681,-0.18388880789279938,0.04859057068824768,0.12524816393852234,0.32695910334587097,-0.1569232940673828,-0.16979475319385529,0.9430952668190002,0.4391017258167267,-0.1887933313846588,-0.10462132096290588,0.1421443074941635,0.4315843880176544,-0.2085188776254654,-0.146094411611557,0.652592122554779,0.011504897847771645,0.012584884651005268,0.10097911953926086,0.9997548460960388,-0.005790503695607185,-0.012459643185138702,-0.10025940090417862,0.9997604489326477,-0.00202554720453918,0.4377439320087433,0.060052305459976196,0.04185466468334198,0.021434081718325615,0.40765777230262756,-0.10953552275896072,0.8322583436965942,0.09428750723600388,0.8146509528160095,0.15801210701465607,0.04846247658133507,-0.011783999390900135,0.7577234506607056,-0.05304716154932976,0.7613227367401123
218,0.45194411277770996,-0.3852812349796295,-0.11062774062156677,0.99866783618927,0.4733218550682068,-0.4091600179672241,-0.09965234249830246,0.9982633590698242,0.4702359437942505,-0.4122174382209778,-0.16275887191295624,0.9990154504776001,0.4354130029678345,-0.4540260136127472,-0.0374661386013031,0.9989873170852661,0.36162951588630676,-0.45080599188804626,-0.15978305041790009,0.9988749027252197,0.3597486615180969,-0.34511977434158325,0.1118653416633606,0.9997369647026062,0.33371683955192566,-0.4256313145160675,-0.10868502408266068,0.9998130202293396,0.37114810943603516,-0.235127255320549,0.04138438403606415,0.12274197489023209,0.3234233260154724,-0.19469287991523743,-0.17510323226451874,0.9342564344406128,0.43505311012268066,-0.24314458668231964,-0.11776061356067657,0.14487367868423462,0.4168388545513153,-0.2541457414627075,-0.1523304432630539,0.6711121201515198,0.015434657223522663,0.014669621363282204,0.09768420457839966,0.9997739791870117,-0.010065100155770779,-0.015234597027301788,-0.09659235924482346,0.9997803568840027,0.006305891554802656,0.43535134196281433,0.05517596751451492,0.0444163978099823,0.023053644225001335,0.3933343291282654,-0.11176688224077225,0.8282848596572876,0.0779084712266922,0.810206949710846,0.13518720865249634,0.05083807557821274,-0.0234979297965765,0.7555844187736511,-0.05806107074022293,0.7593803405761719
219,0.4145374894142151,-0.4409343898296356,-0.12911807000637054,0.9987890124320984,0.43414491415023804,-0.4653734266757965,-0.11652316898107529,0.998417854309082,0.4281003475189209,-0.46919378638267517,-0.17746871709823608,0.9991049766540527,0.39860156178474426,-0.4987437427043915,-0.04645637422800064,0.9990694522857666,0.3135177493095398,-0.49453476071357727,-0.15938928723335266,0.9989694356918335,0.33584728837013245,-0.3709150552749634,0.09930453449487686,0.9997537732124329,0.28547921776771545,-0.46513962745666504,-0.09992063790559769,0.9998232126235962,0.37030908465385437,-0.25125816464424133,0.023476580157876015,0.13717350363731384,0.29108041524887085,-0.24215391278266907,-0.19015257060527802,0.9284456372261047,0.4288536012172699,-0.2836095094680786,-0.144089013338089,0.18067055940628052,0.3842295706272125,-0.3007521629333496,-0.2049550861120224,0.6942635774612427,0.0212218277156353,0.01671147160232067,0.08981664478778839,0.9997915029525757,-0.016242163255810738,-0.017952123656868935,-0.0883893147110939,0.9997982382774353,0.013671163469552994,0.43869051337242126,0.05113150179386139,0.05066710337996483,0.01659736968576908,0.38921597599983215,-0.10748322308063507,0.8216650485992432,0.08214643597602844,0.8148223757743835,0.12392133474349976,0.05828645080327988,-0.04211733490228653,0.7570352554321289,-0.037734877318143845,0.7504454255104065
220,0.3691888451576233,-0.4896726906299591,-0.15712681412696838,0.9989075064659119,0.38936832547187805,-0.5104809999465942,-0.140438050031662,0.9985713958740234,0.37903231382369995,-0.5199113488197327,-0.19851438701152802,0.9991925358772278,0.36540231108665466,-0.5218362212181091,-0.054585717618465424,0.9991575479507446,0.2626887261867523,-0.5354466438293457,-0.1562643200159073,0.999068021774292,0.3126591145992279,-0.3776586353778839,0.0889192670583725,0.999770998954773,0.22773012518882751,-0.5078755021095276,-0.08244258165359497,0.9998355507850647,0.35427844524383545,-0.2515086829662323,0.007941603660583496,0.16893507540225983,0.22620350122451782,-0.30811062455177307,-0.21614646911621094,0.9293822646141052,0.40228894352912903,-0.307975709438324,-0.15849272906780243,0.23462355136871338,0.3411791920661926,-0.34040218591690063,-0.28551051020622253,0.7201568484306335,0.031202655285596848,0.018574608489871025,0.08077097684144974,0.9998064041137695,-0.026770228520035744,-0.02059762179851532,-0.07890444248914719,0.9998136758804321,0.015818655490875244,0.4365188181400299,0.045846451073884964,0.057529132813215256,0.008242357522249222,0.38574138283729553,-0.08749891817569733,0.8018643856048584,0.07288146764039993,0.8157166838645935,0.10551989078521729,0.06809742003679276,-0.04813143610954285,0.7620409727096558,-0.00014120996638666838,0.7282100915908813
221,0.32240158319473267,-0.5264771580696106,-0.16754043102264404,0.9990091323852539,0.3394373953342438,-0.5494815111160278,-0.15069904923439026,0.9987006783485413,0.3274672031402588,-0.555801272392273,-0.20743270218372345,0.9992679953575134,0.3197105824947357,-0.5590208768844604,-0.06461348384618759,0.9992298483848572,0.21035031974315643,-0.5573946833610535,-0.15564323961734772,0.999151349067688,0.2912442982196808,-0.40172097086906433,0.06760521978139877,0.9997844099998474,0.17400167882442474,-0.5246449708938599,-0.06957218796014786,0.9998375177383423,0.3404912054538727,-0.2776472270488739,-0.013426538556814194,0.20717354118824005,0.20428745448589325,-0.3135903477668762,-0.2169162929058075,0.9208243489265442,0.374480664730072,-0.35131844878196716,-0.17129746079444885,0.2884678244590759,0.3048621118068695,-0.37635284662246704,-0.29531097412109375,0.739237368106842,0.04096410796046257,0.01935412548482418,0.06414050608873367,0.9998192191123962,-0.03694915026426315,-0.02191065438091755,-0.061910875141620636,0.9998259544372559,0.013979294337332249,0.43449077010154724,0.021131383255124092,0.07971617579460144,-0.012871135957539082,0.38152748346328735,-0.06237360090017319,0.7769556045532227,0.05935211107134819,0.8208941221237183,0.07285968214273453,0.09299157559871674,-0.07488624006509781,0.7654890418052673,0.03536708280444145,0.7047291398048401
222,0.26370102167129517,-0.5673938989639282,-0.16525347530841827,0.9991032481193542,0.2807452380657196,-0.5880391001701355,-0.14749598503112793,0.9988207221031189,0.2668704688549042,-0.5962976217269897,-0.20295725762844086,0.9993376135826111,0.27112749218940735,-0.5845226049423218,-0.06214822083711624,0.9992979764938354,0.15469269454479218,-0.5853370428085327,-0.13925142586231232,0.9992297291755676,0.2610805034637451,-0.41996002197265625,0.0632278099656105,0.999793529510498,0.12142825871706009,-0.5461105108261108,-0.04591531306505203,0.9998375177383423,0.31566503643989563,-0.29927659034729004,-0.02471315860748291,0.2476063221693039,0.1634296327829361,-0.3414938151836395,-0.20684388279914856,0.910283625125885,0.33080577850341797,-0.38500216603279114,-0.1705441027879715,0.3368578851222992,0.2623352110385895,-0.4032197594642639,-0.27900177240371704,0.7564126253128052,0.047190651297569275,0.019288374111056328,0.053387437015771866,0.9998295903205872,-0.043554019182920456,-0.021934611722826958,-0.051233742386102676,0.9998357892036438,0.014224198646843433,0.43324166536331177,0.008854507468640804,0.09902740269899368,-0.008234896697103977,0.3756600618362427,-0.05765654519200325,0.739805281162262,0.06003071740269661,0.8186560273170471,0.06042339652776718,0.11086160689592361,-0.05593138560652733,0.7664359211921692,0.042677655816078186,0.6714345216751099
223,0.24143075942993164,-0.5555774569511414,-0.17497090995311737,0.9991845488548279,0.2573453187942505,-0.5794234871864319,-0.1559668481349945,0.9989210963249207,0.24560724198818207,-0.5860996842384338,-0.21370935440063477,0.9993981122970581,0.23439455032348633,-0.5874520540237427,-0.0678611546754837,0.9993519186973572,0.1285310536623001,-0.578292191028595,-0.14683948457241058,0.9992958307266235,0.2305644303560257,-0.4272218346595764,0.054741550236940384,0.9998005032539368,0.07034061849117279,-0.5448865294456482,-0.05526554957032204,0.9998379349708557,0.3013046383857727,-0.3052258789539337,-0.04394834116101265,0.27632054686546326,0.13629020750522614,-0.34036684036254883,-0.21644894778728485,0.9083478450775146,0.31660693883895874,-0.38898447155952454,-0.20600949227809906,0.37081754207611084,0.23174238204956055,-0.4052897095680237,-0.27823400497436523,0.7726773619651794,0.05663837864995003,0.01847747340798378,0.05363345518708229,0.9998422861099243,-0.05313217639923096,-0.02169528789818287,-0.05182753875851631,0.9998478889465332,0.03420030698180199,0.43272653222084045,-0.004040048457682133,0.1127675399184227,-0.03088994324207306,0.3639514744281769,-0.05645864084362984,0.7017920017242432,0.06076695770025253,0.8164095878601074,0.057222966104745865,0.12020116299390793,-0.058878980576992035,0.7662494778633118,0.03955373913049698,0.63972008228302
224,0.1938924491405487,-0.5709160566329956,-0.17498646676540375,0.9992589354515076,0.20577308535575867,-0.5973660945892334,-0.15613830089569092,0.9990140199661255,0.19573062658309937,-0.6030204892158508,-0.21528054773807526,0.9994531869888306,0.178289994597435,-0.606346845626831,-0.06939429044723511,0.9994024038314819,0.07930006086826324,-0.5870702266693115,-0.15335142612457275,0.9993533492088318,0.18065157532691956,-0.4474897086620331,0.05841197445988655,0.9998093247413635,0.032982151955366135,-0.5492064356803894,-0.05749952420592308,0.9998413324356079,0.26686516404151917,-0.33354634046554565,-0.0405954010784626,0.29005366563796997,0.13364161550998688,-0.3445904552936554,-0.2209475040435791,0.9076827764511108,0.2763006091117859,-0.4288822114467621,-0.2069677710533142,0.3918263018131256,0.20701052248477936,-0.43073248863220215,-0.2548013925552368,0.7829608917236328,0.05573166161775589,0.016258053481578827,0.05664831027388573,0.9998539686203003,-0.05214816331863403,-0.020332518965005875,-0.05502116307616234,0.999859094619751,0.035481225699186325,0.4320981800556183,0.004416505806148052,0.11017107963562012,-0.029506344348192215,0.3642897605895996,-0.059070032089948654,0.6615510582923889,0.03239959850907326,0.8001559972763062,0.08662411570549011,0.11613215506076813,-0.05992269888520241,0.767070472240448,0.029432738199830055,0.6078512072563171
225,0.15911686420440674,-0.5823127031326294,-0.17574527859687805,0.9993261098861694,0.16799303889274597,-0.6098439693450928,-0.15560667216777802,0.9990960359573364,0.1577644944190979,-0.6154371500015259,-0.21616525948047638,0.9995027780532837,0.13525956869125366,-0.6174249649047852,-0.06773677468299866,0.9994440078735352,0.03548700362443924,-0.5914736390113831,-0.15820355713367462,0.999404788017273,0.1374945491552353,-0.45751363039016724,0.06238176301121712,0.9998106956481934,-0.004467327613383532,-0.5495288968086243,-0.06500915437936783,0.9998419880867004,0.23373600840568542,-0.3417077362537384,-0.027397552505135536,0.28243276476860046,0.11953897774219513,-0.3525591194629669,-0.21433548629283905,0.9045910239219666,0.2433525174856186,-0.42818257212638855,-0.19383414089679718,0.38490766286849976,0.1791873276233673,-0.43229034543037415,-0.2403179258108139,0.7842073440551758,0.0538795068860054,0.013136857189238071,0.06068400666117668,0.9998636245727539,-0.050233982503414154,-0.01800568401813507,-0.05927492305636406,0.9998685121536255,0.03284446522593498,0.4317343235015869,0.01906401477754116,0.10611311346292496,-0.023203425109386444,0.365194171667099,-0.057726457715034485,0.6187782883644104,0.020919959992170334,0.7999597191810608,0.12021933495998383,0.11309578269720078,-0.07610664516687393,0.7667116522789001,0.03475349396467209,0.5742295384407043
226,0.14612282812595367,-0.5863166451454163,-0.18799035251140594,0.9993917942047119,0.1567915827035904,-0.6122859716415405,-0.16404151916503906,0.9991823434829712,0.14335398375988007,-0.6203745603561401,-0.226568803191185,0.9995511770248413,0.12441430985927582,-0.6143560409545898,-0.06708414107561111,0.9994950890541077,0.01543284859508276,-0.5921465158462524,-0.16440773010253906,0.9994606375694275,0.1206466555595398,-0.45712268352508545,0.06565022468566895,0.9998142123222351,-0.03524013236165047,-0.5484139323234558,-0.07365863025188446,0.999844491481781,0.22101452946662903,-0.34452003240585327,-0.026673249900341034,0.2845790684223175,0.08873812109231949,-0.3579119145870209,-0.23059147596359253,0.906615674495697,0.23114344477653503,-0.42344123125076294,-0.19983862340450287,0.39544418454170227,0.16037477552890778,-0.43014052510261536,-0.24688385426998138,0.7953077554702759,0.05316586792469025,0.009485946036875248,0.0625574141740799,0.9998711943626404,-0.04966209828853607,-0.014960138127207756,-0.06138569861650467,0.9998756647109985,0.02585633471608162,0.42861640453338623,0.02363014966249466,0.10404735058546066,-0.012542705982923508,0.36405327916145325,-0.05632173642516136,0.5789766311645508,0.004355320706963539,0.791615903377533,0.1240813285112381,0.11138305813074112,-0.07031083852052689,0.7676671147346497,0.0325649194419384,0.5444616079330444
227,0.13862524926662445,-0.5871680378913879,-0.18742476403713226,0.9994446635246277,0.14611288905143738,-0.6136104464530945,-0.1639956831932068,0.9992464184761047,0.1344280242919922,-0.620424747467041,-0.2267167866230011,0.9995898604393005,0.10924302786588669,-0.6178675293922424,-0.06737783551216125,0.9995281100273132,0.009365352801978588,-0.5871776938438416,-0.1696300059556961,0.9994977712631226,0.11369532346725464,-0.4587976634502411,0.06767712533473969,0.9998199343681335,-0.05252755060791969,-0.5425732731819153,-0.08105454593896866,0.9998478293418884,0.2164595127105713,-0.3413744866847992,-0.02195487916469574,0.28572675585746765,0.07770092785358429,-0.351278156042099,-0.2242579162120819,0.9109572768211365,0.22546757757663727,-0.42687246203422546,-0.1895146369934082,0.4050191640853882,0.1534479558467865,-0.4336012303829193,-0.23953194916248322,0.8069678544998169,0.05634256824851036,0.007172245066612959,0.07064823061227798,0.9998781681060791,-0.05322934687137604,-0.013118843547999859,-0.06991449743509293,0.9998827576637268,0.04927689954638481,0.424638032913208,0.04011359065771103,0.09981278330087662,-0.013792079873383045,0.3564794063568115,-0.05657932162284851,0.5511375069618225,0.015951892361044884,0.7799860239028931,0.15101869404315948,0.10707990825176239,-0.08269568532705307,0.7664090394973755,0.03185984864830971,0.5209944844245911
228,0.14067991077899933,-0.5823482275009155,-0.19342565536499023,0.9994977712631226,0.15111716091632843,-0.6078210473060608,-0.16923494637012482,0.9993168711662292,0.13723741471767426,-0.6164348721504211,-0.23128043115139008,0.9996289610862732,0.12073720991611481,-0.6114054322242737,-0.06820777803659439,0.999570906162262,0.015038582496345043,-0.5839738845825195,-0.170888289809227,0.9995425939559937,0.1254376620054245,-0.4539317786693573,0.06880009919404984,0.999830424785614,-0.056797776371240616,-0.5442944169044495,-0.08495838940143585,0.9998553991317749,0.2253674566745758,-0.33779600262641907,-0.01927638240158558,0.310920774936676,0.061427123844623566,-0.3610838055610657,-0.2485928237438202,0.9163125157356262,0.2360752671957016,-0.42151644825935364,-0.18274392187595367,0.43923935294151306,0.16083478927612305,-0.42903566360473633,-0.29628294706344604,0.8200129270553589,0.0596289336681366,0.005159151274710894,0.0755244642496109,0.9998857975006104,-0.05692658945918083,-0.011368751525878906,-0.07481127977371216,0.9998899698257446,0.059535738080739975,0.4178502559661865,0.04604145884513855,0.10445040464401245,-0.01209352258592844,0.35072439908981323,-0.06197988986968994,0.5440344214439392,0.01792619563639164,0.7709949016571045,0.15958765149116516,0.11276405304670334,-0.07725416123867035,0.7629384398460388,0.028316915035247803,0.5198574662208557
229,0.1357976645231247,-0.5762045383453369,-0.1957690566778183,0.9995421171188354,0.1490992158651352,-0.6009302139282227,-0.17213217914104462,0.9993740916252136,0.13473036885261536,-0.611079752445221,-0.23255446553230286,0.9996612668037415,0.1260015368461609,-0.6047146916389465,-0.06953313201665878,0.9996037483215332,0.01825983077287674,-0.583217442035675,-0.17025578022003174,0.999574601650238,0.1323598325252533,-0.45057758688926697,0.06970557570457458,0.9998374581336975,-0.05382249876856804,-0.5504780411720276,-0.08499517291784286,0.99985671043396,0.2325996458530426,-0.3341563045978546,-0.015412217006087303,0.328097939491272,0.07807571440935135,-0.3820086419582367,-0.24211016297340393,0.9154695272445679,0.2509274482727051,-0.4201020300388336,-0.180795356631279,0.4660186767578125,0.17166589200496674,-0.4462929964065552,-0.2847871780395508,0.8216760158538818,0.06313269585371017,0.0038939034566283226,0.07679679989814758,0.9998920559883118,-0.06060601770877838,-0.01014427188783884,-0.07595380395650864,0.9998952746391296,0.06424529105424881,0.4154755473136902,0.04608074203133583,0.10716678202152252,-0.011949748732149601,0.35118594765663147,-0.06630019843578339,0.5285384058952332,0.02804253064095974,0.7665849328041077,0.16048681735992432,0.11542526632547379,-0.07353663444519043,0.7633969783782959,0.027759259566664696,0.5112758874893188
230,0.14082537591457367,-0.5761259198188782,-0.1950032263994217,0.9995861649513245,0.15330278873443604,-0.6007986664772034,-0.17154327034950256,0.9994329214096069,0.13826802372932434,-0.611175537109375,-0.2316771000623703,0.9996936917304993,0.12939755618572235,-0.6040372848510742,-0.06905174255371094,0.9996396899223328,0.019335241988301277,-0.5816747546195984,-0.1700792759656906,0.9996129870414734,0.1358744502067566,-0.44631123542785645,0.07192251831293106,0.9998469352722168,-0.05288933590054512,-0.5522287487983704,-0.08146249502897263,0.9998634457588196,0.23661483824253082,-0.3266432583332062,-0.003743011737242341,0.35844600200653076,0.06913931667804718,-0.3894820809364319,-0.2493644803762436,0.9193946719169617,0.25980740785598755,-0.41179904341697693,-0.16207058727741241,0.5044884085655212,0.1710311770439148,-0.4537014663219452,-0.32744288444519043,0.8341333866119385,0.06426090747117996,0.0032426973339170218,0.07676795870065689,0.9998947381973267,-0.061873096972703934,-0.009544579312205315,-0.07587194442749023,0.9998973608016968,0.05934390053153038,0.41525036096572876,0.045985881239175797,0.11027171462774277,-0.018398035317659378,0.3509608805179596,-0.06651466339826584,0.5085247755050659,0.04092163220047951,0.7689619064331055,0.15570680797100067,0.11916642636060715,-0.07190350443124771,0.7637487649917603,0.03101593442261219,0.49752524495124817
231,0.13687710464000702,-0.584892988204956,-0.19916005432605743,0.9996274709701538,0.14804695546627045,-0.6087091565132141,-0.1737981140613556,0.999489426612854,0.13033244013786316,-0.6195999979972839,-0.23459352552890778,0.999724268913269,0.12585972249507904,-0.6055842041969299,-0.0679038017988205,0.999675452709198,0.005391158629208803,-0.5818773508071899,-0.1696532517671585,0.9996513724327087,0.12356939911842346,-0.4435112178325653,0.09079441428184509,0.9998581409454346,-0.04939291998744011,-0.5563195943832397,-0.08287584036588669,0.9998744130134583,0.23304416239261627,-0.3249001204967499,0.04808257520198822,0.38188284635543823,0.06817372888326645,-0.43263953924179077,-0.2760985493659973,0.92612624168396,0.26240742206573486,-0.42013460397720337,-0.08395891636610031,0.5418902635574341,0.1828458309173584,-0.5060255527496338,-0.35981041193008423,0.8487766981124878,0.0634404718875885,0.0026858097407966852,0.08197218924760818,0.999900221824646,-0.060793984681367874,-0.009081142023205757,-0.08073122799396515,0.9999033212661743,0.05741922929883003,0.41242581605911255,0.056987274438142776,0.11190477758646011,-0.020387647673487663,0.34652191400527954,-0.07255867123603821,0.5020897388458252,0.02635633759200573,0.765541672706604,0.16652917861938477,0.12409498542547226,-0.07959535717964172,0.7534427642822266,0.029547451063990593,0.498407781124115
232,0.14325372874736786,-0.6064019203186035,-0.19646936655044556,0.9996646046638489,0.1462755799293518,-0.6343955397605896,-0.1696343868970871,0.9995402693748474,0.13231636583805084,-0.641927182674408,-0.2327612340450287,0.9997517466545105,0.10382028669118881,-0.6325962543487549,-0.0589066706597805,0.9997077584266663,0.0005252989940345287,-0.5886085629463196,-0.17052043974399567,0.9996858835220337,0.10250978916883469,-0.4483681619167328,0.11769500374794006,0.999871015548706,-0.05424192175269127,-0.5745900273323059,-0.08696981519460678,0.9998856782913208,0.20470201969146729,-0.3334292769432068,0.2062639445066452,0.411584734916687,0.03405236825346947,-0.5028768181800842,-0.2914395332336426,0.933142364025116,0.3092954158782959,-0.41810816526412964,0.22851377725601196,0.5848739147186279,0.18921945989131927,-0.575678825378418,-0.38107457756996155,0.8634182214736938,0.062238842248916626,0.002721066353842616,0.09283273667097092,0.999900758266449,-0.060227662324905396,-0.009098008275032043,-0.0910412147641182,0.9999051094055176,0.05483444035053253,0.4111057221889496,0.07311906665563583,0.11071836203336716,-0.019245265051722527,0.3442419469356537,-0.09773074090480804,0.49817341566085815,0.0011255046119913459,0.7659708261489868,0.17935384809970856,0.12520121037960052,-0.08782106637954712,0.7489017844200134,0.014499635435640812,0.5020912885665894
233,0.13889336585998535,-0.6024622917175293,-0.15380898118019104,0.9996973872184753,0.13993942737579346,-0.6292005777359009,-0.13139912486076355,0.9995850324630737,0.1299314796924591,-0.6351603865623474,-0.1930699199438095,0.9997757077217102,0.09594747424125671,-0.6302813291549683,-0.0387854166328907,0.9997360706329346,0.008179457858204842,-0.5846534967422485,-0.14897307753562927,0.9997147917747498,0.10693906992673874,-0.4459211826324463,0.12719446420669556,0.9998816251754761,-0.04516451433300972,-0.587786078453064,-0.0851917564868927,0.9998935461044312,0.17681267857551575,-0.30258429050445557,0.13291122019290924,0.4241873025894165,0.03902745619416237,-0.5843805074691772,-0.2708940804004669,0.9391562938690186,0.32037675380706787,-0.3185991644859314,0.05267689377069473,0.620415449142456,0.19038929045200348,-0.6917136311531067,-0.318068265914917,0.8756568431854248,0.06205759197473526,0.0027773871552199125,0.09280512481927872,0.9999008774757385,-0.0600128248333931,-0.009149154648184776,-0.09111768752336502,0.9999057054519653,0.08448056131601334,0.3948571979999542,0.05802657827734947,0.10682646185159683,-0.012519581243395805,0.3300175666809082,-0.11434797942638397,0.48249179124832153,0.007615225855261087,0.7547208070755005,0.1633642613887787,0.11967375874519348,-0.08603517711162567,0.727329671382904,0.019626449793577194,0.4768671989440918
234,0.11982675641775131,-0.607969343662262,-0.16960901021957397,0.9997276067733765,0.12662194669246674,-0.6341106295585632,-0.1439325213432312,0.9996265172958374,0.11085768043994904,-0.6413981318473816,-0.2003486603498459,0.9997981190681458,0.10578043758869171,-0.63034987449646,-0.03939900919795036,0.9997624158859253,-0.00810395646840334,-0.5881949067115784,-0.14564235508441925,0.9997431635856628,0.11338289082050323,-0.4441552758216858,0.13163305819034576,0.9998918175697327,-0.04361238330602646,-0.6107340455055237,-0.07872336357831955,0.9999021887779236,0.17818212509155273,-0.2873631417751312,0.16907422244548798,0.45718470215797424,0.022811252623796463,-0.6947541236877441,-0.18376371264457703,0.945082426071167,0.3464893400669098,-0.22671478986740112,0.14194390177726746,0.6561840772628784,0.18613001704216003,-0.823907732963562,-0.14811259508132935,0.8876316547393799,0.0640273317694664,0.0027377938386052847,0.0944775640964508,0.9999055862426758,-0.062041886150836945,-0.009040585719048977,-0.09299356490373611,0.9999114274978638,0.1596400886774063,0.37641361355781555,0.0702492818236351,0.1381501853466034,-0.03234047070145607,0.3171580135822296,-0.12925627827644348,0.526772677898407,0.09980026632547379,0.7230983972549438,0.1904265582561493,0.15330420434474945,-0.08568867295980453,0.7154065370559692,0.018631404265761375,0.5142495632171631
235,0.09664376080036163,-0.6001736521720886,-0.20724709331989288,0.9997545480728149,0.10480189323425293,-0.6259183883666992,-0.1809585839509964,0.9996634721755981,0.0868421345949173,-0.6327619552612305,-0.23111113905906677,0.9998176097869873,0.10555713623762131,-0.6263992190361023,-0.06987454742193222,0.9997859001159668,-0.026878390461206436,-0.5766295194625854,-0.1466885656118393,0.9997656941413879,0.118621326982975,-0.4369630515575409,0.1114799752831459,0.9999001622200012,-0.0469990000128746,-0.5959936380386353,-0.06461526453495026,0.999879002571106,0.18774308264255524,-0.2623249590396881,0.14053694903850555,0.47064486145973206,0.004140137229114771,-0.711031436920166,-0.11889506876468658,0.9432188272476196,0.3492276966571808,-0.11200090497732162,0.1346483677625656,0.6799773573875427,0.13492192327976227,-0.883057713508606,-0.04992970824241638,0.8594580888748169,0.06875373423099518,0.001454714103601873,0.0919584259390831,0.9999041557312012,-0.06639152020215988,-0.007676070090383291,-0.0907566249370575,0.9999066591262817,0.1560322344303131,0.3795192241668701,0.08122511208057404,0.14933909475803375,-0.03022751212120056,0.3188939690589905,-0.12206090241670609,0.5498060584068298,0.17449723184108734,0.7200652956962585,0.19419461488723755,0.17610827088356018,-0.08649320900440216,0.7181031703948975,0.027948608621954918,0.5308340787887573
236,0.07415274530649185,-0.595550000667572,-0.2640204429626465,0.9997782111167908,0.08676037937402725,-0.6213390827178955,-0.23856152594089508,0.9996959567070007,0.06749104708433151,-0.6281022429466248,-0.28302523493766785,0.999833345413208,0.10844186693429947,-0.6133174896240234,-0.13318075239658356,0.99980628490448,-0.030301997438073158,-0.5640571713447571,-0.17183788120746613,0.9997764825820923,0.12833191454410553,-0.4253386855125427,0.03733941540122032,0.999907374382019,-0.052842702716588974,-0.5886939764022827,-0.06635157763957977,0.9998372197151184,0.19343124330043793,-0.23737095296382904,0.10442166775465012,0.4883333146572113,-0.024491190910339355,-0.7052702307701111,-0.11477603763341904,0.9265779256820679,0.34216126799583435,-0.06098072975873947,0.09778687357902527,0.6992075443267822,0.05351462960243225,-0.8865307569503784,-0.05936002731323242,0.8093140125274658,0.07651928067207336,-0.0007352146203629673,0.08208209276199341,0.9999051094055176,-0.07388754189014435,-0.0053551094606518745,-0.08078591525554657,0.9999032020568848,0.1725199669599533,0.37894579768180847,0.09419292956590652,0.17146536707878113,-0.06300604343414307,0.31847649812698364,-0.09233018755912781,0.5673765540122986,0.24370476603507996,0.7042675018310547,0.21854034066200256,0.21219108998775482,-0.12260130047798157,0.7109560966491699,0.07642306387424469,0.5486141443252563
237,0.05225811526179314,-0.5947970151901245,-0.29769426584243774,0.9997985363006592,0.06820736080408096,-0.6184191107749939,-0.274469256401062,0.999723494052887,0.04754821956157684,-0.625517725944519,-0.31601935625076294,0.9998447895050049,0.10418624430894852,-0.6081370115280151,-0.1755819171667099,0.9998226761817932,-0.03711475431919098,-0.5602718591690063,-0.1975417584180832,0.9997707009315491,0.13788768649101257,-0.4213629364967346,-0.023232869803905487,0.9999133348464966,-0.06285084038972855,-0.5844594836235046,-0.0743928849697113,0.9997869729995728,0.19713042676448822,-0.22651293873786926,0.020231904461979866,0.5244101285934448,-0.056697994470596313,-0.6879730820655823,-0.1417243778705597,0.9142126441001892,0.33604729175567627,-0.04661869630217552,0.060911089181900024,0.7210860848426819,-0.021024543792009354,-0.8790620565414429,-0.1137901172041893,0.7707332968711853,0.08020210266113281,-0.003127428237348795,0.07046501338481903,0.9999085664749146,-0.0775955393910408,-0.0025368635542690754,-0.06849798560142517,0.9999040365219116,0.17020732164382935,0.37805140018463135,0.0918968990445137,0.22288170456886292,-0.07502242177724838,0.3206571042537689,-0.06989970803260803,0.5932321548461914,0.25302350521087646,0.6908485889434814,0.21570882201194763,0.27289721369743347,-0.14629732072353363,0.7105987668037415,0.08603257685899734,0.5810301303863525
238,0.03851267322897911,-0.593033492565155,-0.3068901002407074,0.9998172521591187,0.0583670474588871,-0.6170915365219116,-0.2843148410320282,0.9997485876083374,0.03574930876493454,-0.6246927976608276,-0.3233790397644043,0.9998560547828674,0.10597571730613708,-0.599380373954773,-0.1837681233882904,0.9998379349708557,-0.04092702642083168,-0.556840717792511,-0.19730547070503235,0.9997695684432983,0.15256018936634064,-0.42156490683555603,-0.03733746334910393,0.9999194145202637,-0.07462531328201294,-0.5834061503410339,-0.07133721560239792,0.9997522234916687,0.2157958447933197,-0.23687314987182617,-0.019498856738209724,0.5634310841560364,-0.1079905703663826,-0.6715652346611023,-0.1498628407716751,0.9121959209442139,0.3342329263687134,-0.07028678804636002,-0.015456053428351879,0.7451035976409912,-0.07874490320682526,-0.8811892867088318,-0.1230834573507309,0.7599868774414062,0.08303751796483994,-0.004719119984656572,0.060123153030872345,0.9999064207077026,-0.08042018115520477,-0.0006189945270307362,-0.057508908212184906,0.9998981952667236,0.15439991652965546,0.3791670501232147,0.08172936737537384,0.25651511549949646,-0.0888332799077034,0.32219210267066956,-0.06338595598936081,0.6078203320503235,0.24086476862430573,0.6898088455200195,0.2156529277563095,0.30389204621315,-0.18349848687648773,0.70771324634552,0.08194531500339508,0.5993235111236572
239,0.02655300311744213,-0.5909962058067322,-0.28583914041519165,0.9998332858085632,0.044859062880277634,-0.613068163394928,-0.26357895135879517,0.9997691512107849,0.022968869656324387,-0.6201255917549133,-0.3044087588787079,0.9998638033866882,0.09956634789705276,-0.593618631362915,-0.16552045941352844,0.9998502731323242,-0.04942924901843071,-0.5471243858337402,-0.181942880153656,0.9997583627700806,0.15824970602989197,-0.4216962158679962,-0.024730414152145386,0.9999232888221741,-0.07984718680381775,-0.5733498930931091,-0.03381263092160225,0.9997106790542603,0.2361544370651245,-0.24692803621292114,-0.0006099760066717863,0.5972623825073242,-0.14419518411159515,-0.6866452693939209,-0.10212598741054535,0.9120346903800964,0.3508875072002411,-0.10744615644216537,0.08118684589862823,0.7643703818321228,-0.16029876470565796,-0.9131659269332886,-0.12931270897388458,0.7569661736488342,0.08407719433307648,-0.005925909150391817,0.0456688217818737,0.9999081492424011,-0.08150922507047653,0.000966926570981741,-0.04233499988913536,0.9998989105224609,0.145516499876976,0.3802894353866577,0.04990081861615181,0.30434516072273254,-0.09563184529542923,0.32426366209983826,-0.04759066924452782,0.6246368885040283,0.19691713154315948,0.6878944039344788,0.21016722917556763,0.3423735499382019,-0.18608634173870087,0.7000066637992859,0.1073707789182663,0.6203271746635437
240,0.03103659115731716,-0.5918458104133606,-0.2771563231945038,0.9998463988304138,0.044930268079042435,-0.6144639849662781,-0.25261372327804565,0.9997839331626892,0.026120996102690697,-0.6212114691734314,-0.2954983115196228,0.9998683333396912,0.09504499286413193,-0.5986756682395935,-0.15245169401168823,0.9998594522476196,-0.04788915440440178,-0.547626793384552,-0.1622214913368225,0.9997445344924927,0.1648198664188385,-0.4472799599170685,-0.005696985870599747,0.9999244809150696,-0.07674504071474075,-0.5734754800796509,-0.020068783313035965,0.9996998906135559,0.2877134680747986,-0.3496803641319275,0.11894913017749786,0.6273403167724609,-0.16949893534183502,-0.7031840085983276,-0.09450779110193253,0.9142913818359375,0.412477970123291,-0.207241952419281,0.30853399634361267,0.7809797525405884,-0.2321123331785202,-0.9193925261497498,-0.12784913182258606,0.7674233317375183,0.08427852392196655,-0.006439910735934973,0.04826441407203674,0.9999021291732788,-0.08192408829927444,0.0013766535557806492,-0.04491964727640152,0.9998930096626282,0.14573116600513458,0.37666451930999756,0.05108893662691116,0.339567095041275,-0.09663840383291245,0.32493317127227783,-0.05244287848472595,0.6384385824203491,0.1867135912179947,0.6864128708839417,0.22350779175758362,0.36542606353759766,-0.2022724449634552,0.7010384798049927,0.09889845550060272,0.6416760683059692
241,0.0409233421087265,-0.5993382334709167,-0.2691221833229065,0.9998601078987122,0.05272848159074783,-0.6233114004135132,-0.24597632884979248,0.9998013377189636,0.03510870411992073,-0.6294772624969482,-0.2899792492389679,0.9998777508735657,0.09669753164052963,-0.6116507649421692,-0.14686530828475952,0.9998704791069031,-0.044692814350128174,-0.5568100214004517,-0.16157715022563934,0.999755322933197,0.1721528023481369,-0.4755308926105499,0.0030192346312105656,0.9999262094497681,-0.07520134747028351,-0.5778094530105591,-0.023782532662153244,0.9997066259384155,0.33072829246520996,-0.430329829454422,0.1550728678703308,0.6595060229301453,-0.1762308031320572,-0.6920099854469299,-0.09590364247560501,0.9191035032272339,0.47562330961227417,-0.3301411271095276,0.3645980954170227,0.8006746172904968,-0.28913870453834534,-0.8806354999542236,-0.12083552777767181,0.7868487238883972,0.08577121049165726,-0.006551977712661028,0.050554268062114716,0.9998860359191895,-0.08360731601715088,0.0013508660485967994,-0.047618936747312546,0.9998772740364075,0.1615394800901413,0.3701009452342987,0.06140194833278656,0.36885955929756165,-0.10696444660425186,0.32170093059539795,-0.05866395682096481,0.6563549041748047,0.20241299271583557,0.6869191527366638,0.24965664744377136,0.37895798683166504,-0.23235443234443665,0.7015911340713501,0.07110410183668137,0.662175714969635
242,0.01960662379860878,-0.6047329902648926,-0.2820304036140442,0.999865710735321,0.04270083084702492,-0.6272543668746948,-0.2621389627456665,0.9997919201850891,0.021403973922133446,-0.6358307600021362,-0.295347660779953,0.9998654723167419,0.09747613966464996,-0.6110382080078125,-0.16988910734653473,0.999859631061554,-0.04258508235216141,-0.5676181316375732,-0.1616281419992447,0.9996767044067383,0.19184452295303345,-0.479144811630249,-0.04542506858706474,0.9999194145202637,-0.094914510846138,-0.5778670907020569,-0.016088560223579407,0.999655544757843,0.3656802773475647,-0.46245673298835754,0.024039916694164276,0.6902186274528503,-0.2471865564584732,-0.685406506061554,-0.09964483231306076,0.92130047082901,0.49607908725738525,-0.4150921404361725,0.1689600795507431,0.8180598616600037,-0.40194472670555115,-0.862437903881073,-0.16205738484859467,0.7997770309448242,0.09186482429504395,-0.007214036770164967,0.03747968748211861,0.9998759031295776,-0.08954710513353348,0.002318521961569786,-0.03385106474161148,0.9998650550842285,0.16427041590213776,0.36814993619918823,0.031877126544713974,0.4024731516838074,-0.1360786259174347,0.32190459966659546,-0.048166777938604355,0.6664646863937378,0.21018558740615845,0.6815970540046692,0.23910048604011536,0.39944759011268616,-0.25184789299964905,0.696080207824707,0.0971645712852478,0.674831211566925
243,0.012239871546626091,-0.6159502863883972,-0.28140783309936523,0.9998751878738403,0.04135364294052124,-0.6357192397117615,-0.26304975152015686,0.9997974038124084,0.01861707493662834,-0.6457273364067078,-0.2943168580532074,0.9998665452003479,0.1049363911151886,-0.6161755323410034,-0.1764707714319229,0.9998553395271301,-0.04005003347992897,-0.5854584574699402,-0.15712352097034454,0.9996591210365295,0.20277099311351776,-0.497523695230484,-0.06913915276527405,0.9999142289161682,-0.09597782790660858,-0.5817292928695679,0.0008099316619336605,0.9996526837348938,0.3728927671909332,-0.5058414936065674,-0.11375170946121216,0.7175659537315369,-0.27196311950683594,-0.678420901298523,-0.0530037060379982,0.9261041879653931,0.484570175409317,-0.4883461594581604,-0.15228258073329926,0.8322488069534302,-0.46993154287338257,-0.832493007183075,-0.1253020018339157,0.8166704177856445,0.0922556146979332,-0.0071817804127931595,0.01842798851430416,0.9998771548271179,-0.08969662338495255,0.0023830656427890062,-0.015210654586553574,0.9998682141304016,0.17056646943092346,0.36967477202415466,-0.00892636924982071,0.44022437930107117,-0.13547439873218536,0.32186105847358704,-0.01176644116640091,0.6784372329711914,0.22956886887550354,0.6800453066825867,0.17369970679283142,0.42412638664245605,-0.2577309012413025,0.6972506046295166,0.10858926922082901,0.6901137232780457
244,0.010671763680875301,-0.6155470013618469,-0.3048262894153595,0.9998843669891357,0.03687126189470291,-0.6350901126861572,-0.28984618186950684,0.9997990131378174,0.014391759410500526,-0.6448637843132019,-0.3214370906352997,0.9998708367347717,0.10542779415845871,-0.6154235005378723,-0.2021079808473587,0.9998459219932556,-0.04072730615735054,-0.5842764973640442,-0.18003703653812408,0.9996621608734131,0.2019738405942917,-0.5090298056602478,-0.08153022080659866,0.9999092817306519,-0.10653472691774368,-0.5809468626976013,-0.007764218375086784,0.9996700286865234,0.37110430002212524,-0.5460447072982788,-0.09678925573825836,0.7431005835533142,-0.3116990327835083,-0.6074251532554626,-0.06489104777574539,0.9324741363525391,0.508047878742218,-0.5521263480186462,-0.10217320919036865,0.846603274345398,-0.5412615537643433,-0.688930094242096,-0.130631223320961,0.8341332077980042,0.09361108392477036,-0.007074965629726648,0.017867514863610268,0.9998750686645508,-0.09089026600122452,0.0023405603133141994,-0.014837773516774178,0.9998703598976135,0.17978602647781372,0.370411217212677,-0.014065605588257313,0.4770331084728241,-0.13072721660137177,0.3221867084503174,-0.016952645033597946,0.6954578757286072,0.24805918335914612,0.6821202635765076,0.16165046393871307,0.4460240304470062,-0.26255160570144653,0.7027288675308228,0.10370233654975891,0.7061333656311035
245,0.009739136323332787,-0.5989974141120911,-0.3137347400188446,0.99988853931427,0.031403735280036926,-0.6205474138259888,-0.29714325070381165,0.9997787475585938,0.009989201091229916,-0.6317681670188904,-0.3311100900173187,0.9998655915260315,0.10054222494363785,-0.6123083233833313,-0.20013229548931122,0.9998215436935425,-0.05026206374168396,-0.5826570987701416,-0.19363315403461456,0.9996318221092224,0.19780473411083221,-0.5134620070457458,-0.07014791667461395,0.9998974204063416,-0.1251709759235382,-0.573309063911438,-0.010652906261384487,0.9996629357337952,0.37840914726257324,-0.5986613035202026,-0.06078357622027397,0.7670456767082214,-0.3270191550254822,-0.5050200819969177,-0.07679934799671173,0.9364386796951294,0.535278856754303,-0.6537109613418579,0.05739567056298256,0.8602911233901978,-0.5665518641471863,-0.5164920687675476,-0.1537155956029892,0.8460642695426941,0.09604308754205704,-0.006921745371073484,0.02201189659535885,0.9998724460601807,-0.09339328110218048,0.0022962025832384825,-0.018905170261859894,0.9998663663864136,0.19571731984615326,0.37122246623039246,-0.006404796149581671,0.5142930150032043,-0.1304917335510254,0.31944048404693604,-0.019013768061995506,0.7095533609390259,0.26256871223449707,0.6840251684188843,0.1610313504934311,0.4733051657676697,-0.25810539722442627,0.7052223682403564,0.1006985753774643,0.7195442914962769
246,0.007049451116472483,-0.6000054478645325,-0.3062104284763336,0.9998907446861267,0.027817225083708763,-0.6212258338928223,-0.28802719712257385,0.9997522234916687,0.0052598319016397,-0.6320382356643677,-0.324113667011261,0.9998576045036316,0.0951545238494873,-0.6143869161605835,-0.19075530767440796,0.9997827410697937,-0.055911835283041,-0.5844187140464783,-0.19062954187393188,0.999597430229187,0.19412222504615784,-0.5224865078926086,-0.06854447722434998,0.9998911619186401,-0.13010823726654053,-0.5659967064857483,-0.010599693283438683,0.9996660351753235,0.37189391255378723,-0.6412979364395142,-0.0828503891825676,0.7894596457481384,-0.3392534852027893,-0.4419000446796417,-0.07471764832735062,0.939395010471344,0.5249955654144287,-0.7416611909866333,-0.0808449536561966,0.8733000159263611,-0.5630208849906921,-0.4137728214263916,-0.16072994470596313,0.8564597368240356,0.09548502415418625,-0.00641274731606245,0.02102886512875557,0.9998788833618164,-0.09281691908836365,0.002102611819282174,-0.017830532044172287,0.9998728036880493,0.20112934708595276,0.37324321269989014,-0.0029593477956950665,0.5591837763786316,-0.1269373744726181,0.3194068372249603,-0.023984204977750778,0.7343451976776123,0.27100661396980286,0.6845375895500183,0.1574888676404953,0.5199164152145386,-0.2461799532175064,0.706382155418396,0.08572199195623398,0.7444800734519958
247,0.00012041054287692532,-0.5998620390892029,-0.31014928221702576,0.9998892545700073,0.020381774753332138,-0.6210010647773743,-0.2908552289009094,0.999706506729126,-0.0026738212909549475,-0.6316277980804443,-0.32814931869506836,0.9998463988304138,0.08801351487636566,-0.6143085956573486,-0.1913090944290161,0.9997259974479675,-0.06171254441142082,-0.5837448239326477,-0.19284120202064514,0.9995628595352173,0.1833503395318985,-0.5260023474693298,-0.08117260038852692,0.9998854994773865,-0.1356220692396164,-0.55202716588974,-0.012413682416081429,0.9996775984764099,0.361066609621048,-0.6731926202774048,-0.10993261635303497,0.8097270131111145,-0.33875572681427,-0.37342193722724915,-0.06828120350837708,0.9415818452835083,0.5057945847511292,-0.7984529733657837,-0.12590454518795013,0.8849740028381348,-0.5553107261657715,-0.2870149612426758,-0.16105376183986664,0.8656977415084839,0.09516330063343048,-0.005655146669596434,0.01953100599348545,0.9998858571052551,-0.09249726682901382,0.001684387680143118,-0.016319777816534042,0.9998800158500671,0.19789965450763702,0.3750719428062439,0.0006199967465363443,0.600875973701477,-0.12445883452892303,0.3188357949256897,-0.02458675019443035,0.7571793794631958,0.2616567015647888,0.6853493452072144,0.1614958792924881,0.5648428201675415,-0.23996876180171967,0.7066408395767212,0.0892641618847847,0.7677092552185059
248,-0.0009630638523958623,-0.5908973217010498,-0.3541920483112335,0.9998819231987,0.016479255631566048,-0.6102677583694458,-0.33337703347206116,0.999639093875885,-0.00592558179050684,-0.6201580762863159,-0.37364083528518677,0.9998355507850647,0.07856335490942001,-0.6023377776145935,-0.23250295221805573,0.9996481537818909,-0.06791110336780548,-0.5642899870872498,-0.24399730563163757,0.999550461769104,0.16733893752098083,-0.5184876322746277,-0.12001984566450119,0.9998751878738403,-0.13983123004436493,-0.5155906677246094,-0.05520297586917877,0.9996967315673828,0.3465421795845032,-0.6868332028388977,-0.13547997176647186,0.8272964358329773,-0.31817373633384705,-0.2999902367591858,-0.09282568842172623,0.9447493553161621,0.4977942407131195,-0.8437080979347229,-0.13502907752990723,0.8948458433151245,-0.5127872824668884,-0.1716148406267166,-0.19327016174793243,0.8770211338996887,0.09476546943187714,-0.005375176668167114,0.021019140258431435,0.9998937249183655,-0.09211511164903641,0.0015120103489607573,-0.017861248925328255,0.9998887181282043,0.19716018438339233,0.3752252757549286,0.006534134037792683,0.6400024890899658,-0.12882336974143982,0.31561776995658875,-0.03946511074900627,0.7804661989212036,0.26766037940979004,0.6857489347457886,0.17159023880958557,0.6077162623405457,-0.2367641031742096,0.7059640288352966,0.08657478541135788,0.7902593612670898
249,-0.009213805198669434,-0.576707124710083,-0.36782482266426086,0.9998748302459717,0.007046553306281567,-0.5949047803878784,-0.3472450077533722,0.9995707869529724,-0.015324346721172333,-0.6052144765853882,-0.38759511709213257,0.9998330473899841,0.06834258139133453,-0.589265763759613,-0.24718114733695984,0.9995566606521606,-0.0772697776556015,-0.551479160785675,-0.2586878538131714,0.9995641112327576,0.1488076150417328,-0.5144145488739014,-0.13189248740673065,0.9998498558998108,-0.14181764423847198,-0.5011146664619446,-0.07424639165401459,0.9997190237045288,0.30675452947616577,-0.6850144267082214,-0.15965543687343597,0.8409017324447632,-0.2964951694011688,-0.2513180375099182,-0.10189343988895416,0.9470398426055908,0.43674758076667786,-0.8610147833824158,-0.17132927477359772,0.9002763628959656,-0.4663020372390747,-0.08419421315193176,-0.19181443750858307,0.8879589438438416,0.09368898719549179,-0.004792566876858473,0.021006567403674126,0.9999001622200012,-0.09128569066524506,0.0010547949932515621,-0.017976395785808563,0.9998968243598938,0.19389981031417847,0.37703609466552734,0.008189178071916103,0.6751471757888794,-0.12554942071437836,0.31851375102996826,-0.030806057155132294,0.8006488084793091,0.26743125915527344,0.6868754029273987,0.17212967574596405,0.6463222503662109,-0.22566500306129456,0.7079601287841797,0.10496442764997482,0.8103156089782715
250,-0.012101184576749802,-0.5759661197662354,-0.3599015772342682,0.9996659755706787,0.0036799018271267414,-0.5934330821037292,-0.3389289081096649,0.9984156489372253,-0.01869300566613674,-0.6040329933166504,-0.3801671862602234,0.999653160572052,0.05939186364412308,-0.5872805118560791,-0.23933584988117218,0.9981993436813354,-0.08163236081600189,-0.5503871440887451,-0.25627976655960083,0.9993109107017517,0.13416631519794464,-0.5137367248535156,-0.12797093391418457,0.9997621178627014,-0.14768795669078827,-0.4990464448928833,-0.08129725605249405,0.9997263550758362,0.2724902629852295,-0.7024031281471252,-0.1530347317457199,0.8474143147468567,-0.2628718614578247,-0.22771824896335602,-0.11930584162473679,0.9421997666358948,0.3777792751789093,-0.8880239725112915,-0.15848605334758759,0.8926686644554138,-0.3938036262989044,-0.04333886876702309,-0.20895856618881226,0.894565761089325,0.0932258889079094,-0.004731109831482172,0.021872129291296005,0.9999052286148071,-0.09098655730485916,0.0010179890086874366,-0.018862780183553696,0.9999034404754639,0.19270657002925873,0.3772449195384979,0.019388597458600998,0.7062944769859314,-0.12387137860059738,0.32001668214797974,-0.036951448768377304,0.8185144066810608,0.264454185962677,0.6865624189376831,0.18212811648845673,0.6808817386627197,-0.22402893006801605,0.7080360651016235,0.10440152883529663,0.8281390070915222
251,-0.009789935313165188,-0.579463541507721,-0.35026267170906067,0.999355137348175,0.005454652011394501,-0.5950145721435547,-0.3291311264038086,0.99687659740448,-0.017427906394004822,-0.6050201654434204,-0.3697596788406372,0.9994008541107178,0.05964868515729904,-0.5881698131561279,-0.23042191565036774,0.9962936639785767,-0.08116190880537033,-0.5502135157585144,-0.24562129378318787,0.9988707304000854,0.13175436854362488,-0.5154491066932678,-0.11668886244297028,0.9996482133865356,-0.14413361251354218,-0.4915088415145874,-0.07708144932985306,0.9997217059135437,0.25377345085144043,-0.7140285968780518,-0.13579732179641724,0.8468017578125,-0.20771276950836182,-0.2124575525522232,-0.12416854500770569,0.9320647716522217,0.3322110176086426,-0.8977636694908142,-0.1312529295682907,0.876294732093811,-0.2967176139354706,-0.027875998988747597,-0.21856066584587097,0.8964373469352722,0.09250378608703613,-0.004675077740103006,0.02351985312998295,0.9999096989631653,-0.09047361463308334,0.0009698616922833025,-0.020533369854092598,0.9999090433120728,0.19135984778404236,0.37598663568496704,0.0347844660282135,0.7332949042320251,-0.12508068978786469,0.32009124755859375,-0.040016014128923416,0.8339352011680603,0.2624981701374054,0.6864205598831177,0.1884269118309021,0.7117323279380798,-0.22480912506580353,0.7042492628097534,0.10070250928401947,0.8437607884407043
252,-0.007146618328988552,-0.5845928192138672,-0.30381113290786743,0.9980084896087646,0.007656904868781567,-0.5997868180274963,-0.27881747484207153,0.9913289546966553,-0.014523862861096859,-0.609293520450592,-0.32417696714401245,0.9982821345329285,0.05230388417840004,-0.5904815793037415,-0.17968153953552246,0.9917348027229309,-0.08064243942499161,-0.551285982131958,-0.21715135872364044,0.9970635175704956,0.1243060827255249,-0.5190259218215942,-0.0809858962893486,0.9995353817939758,-0.14423762261867523,-0.4943771958351135,-0.07203599810600281,0.999690592288971,0.23617641627788544,-0.7149683237075806,-0.07982220500707626,0.8372944593429565,-0.17045027017593384,-0.21851368248462677,-0.126760333776474,0.9074991345405579,0.28343284130096436,-0.9062682390213013,-0.04748447239398956,0.8606903553009033,-0.2066556215286255,-0.036325521767139435,-0.22777000069618225,0.8842893838882446,0.09160924702882767,-0.004618286155164242,0.02990940399467945,0.9999126195907593,-0.08980020880699158,0.0008960998966358602,-0.02659575454890728,0.9999120235443115,0.18632923066616058,0.3704366683959961,0.06586512923240662,0.7530776858329773,-0.12711794674396515,0.3194740414619446,-0.05831562727689743,0.8461464047431946,0.25855448842048645,0.6797193884849548,0.24010124802589417,0.7380268573760986,-0.24236899614334106,0.6925190091133118,0.07845048606395721,0.8570207953453064
253,-0.005444998852908611,-0.5933408737182617,-0.2629569172859192,0.9977976083755493,0.009636707603931427,-0.6090455651283264,-0.23617421090602875,0.9903566241264343,-0.012445765547454357,-0.6185569167137146,-0.28032851219177246,0.9981217384338379,0.05443710461258888,-0.5973257422447205,-0.13416869938373566,0.9907252788543701,-0.07890693098306656,-0.5560532212257385,-0.17061007022857666,0.9967289566993713,0.12667638063430786,-0.5238059759140015,-0.03063029609620571,0.9994937181472778,-0.14227226376533508,-0.49855533242225647,-0.04027986153960228,0.9997007250785828,0.23407116532325745,-0.7048704624176025,-0.013275601901113987,0.841088056564331,-0.1487952172756195,-0.23037655651569366,-0.11779800057411194,0.9082396030426025,0.2407122403383255,-0.885269045829773,0.029562687501311302,0.8634056448936462,-0.1330775022506714,-0.06093818321824074,-0.2206195443868637,0.8922317028045654,0.09062181413173676,-0.0045840381644666195,0.03523804619908333,0.9999162554740906,-0.08902667462825775,0.0008572489023208618,-0.031778838485479355,0.9999163150787354,0.18210025131702423,0.36854270100593567,0.06086431443691254,0.7720133066177368,-0.13346847891807556,0.31847959756851196,-0.08741915971040726,0.8581352829933167,0.22757171094417572,0.679943323135376,0.23141434788703918,0.7609084248542786,-0.2582310438156128,0.6879038214683533,0.04128203168511391,0.8690068125724792
254,0.00624483497813344,-0.5985774993896484,-0.2550012469291687,0.9978934526443481,0.017506195232272148,-0.615017831325531,-0.22824203968048096,0.9908155202865601,-0.003445287933573127,-0.6236478686332703,-0.2741352617740631,0.9982089400291443,0.05617837235331535,-0.6017650365829468,-0.1263209581375122,0.991148829460144,-0.07777316123247147,-0.5570608973503113,-0.17130766808986664,0.9968153238296509,0.12775853276252747,-0.5248481035232544,-0.016468897461891174,0.9995131492614746,-0.1415105164051056,-0.4988563060760498,-0.03944377973675728,0.9997190237045288,0.23336008191108704,-0.6882864832878113,0.02065710537135601,0.8485516905784607,-0.11472409963607788,-0.24288035929203033,-0.11839085817337036,0.9108642339706421,0.21143706142902374,-0.858473002910614,0.08628519624471664,0.8707242608070374,-0.07544223964214325,-0.08219187706708908,-0.2174414098262787,0.900040864944458,0.08919338136911392,-0.004726183135062456,0.041429661214351654,0.9999196529388428,-0.08774104714393616,0.0009837293764576316,-0.03821224346756935,0.9999192953109741,0.18247564136981964,0.3637406527996063,0.052564315497875214,0.788615345954895,-0.13253559172153473,0.31572225689888,-0.1029738038778305,0.8664159178733826,0.21159395575523376,0.6809744238853455,0.19870257377624512,0.7802404761314392,-0.2607792019844055,0.6892458200454712,0.012317857705056667,0.8789083361625671
255,0.013369654305279255,-0.6051561832427979,-0.21297678351402283,0.9979567527770996,0.027599001303315163,-0.6211877465248108,-0.18522079288959503,0.9911158680915833,0.005709134042263031,-0.6301349997520447,-0.2281378209590912,0.998250424861908,0.0661272183060646,-0.60917067527771,-0.08301106095314026,0.9912588000297546,-0.06658370047807693,-0.5683099031448364,-0.11793192476034164,0.9967963099479675,0.13442640006542206,-0.5246720314025879,0.016140704974532127,0.9995269775390625,-0.13466934859752655,-0.5016510486602783,0.013824391178786755,0.9997363686561584,0.23412823677062988,-0.6659428477287292,0.012468184344470501,0.8586705327033997,-0.10230382531881332,-0.2495710551738739,-0.056052565574645996,0.9132158160209656,0.19088611006736755,-0.831798255443573,0.04850010201334953,0.8803671002388,-0.041812848299741745,-0.08904492855072021,-0.12458216398954391,0.9075783491134644,0.08923006802797318,-0.0046081747859716415,0.04176787659525871,0.999921977519989,-0.08772089332342148,0.0008762519573792815,-0.03886343911290169,0.9999215006828308,0.1869305819272995,0.3666125535964966,0.005330628715455532,0.8038576245307922,-0.1458786129951477,0.315740704536438,-0.10642161220312119,0.8739176392555237,0.19729788601398468,0.6982417106628418,0.1406305432319641,0.7961733937263489,-0.2875894606113434,0.6954637765884399,0.0052833943627774715,0.8874626755714417
256,0.021757839247584343,-0.6072257161140442,-0.15463733673095703,0.9980846643447876,0.03643248230218887,-0.623196005821228,-0.12697023153305054,0.9916585087776184,0.015404737554490566,-0.632216215133667,-0.1677127182483673,0.9983676671981812,0.07294027507305145,-0.6103801131248474,-0.026273537427186966,0.9916679263114929,-0.05757434293627739,-0.5721078515052795,-0.05989775061607361,0.996991753578186,0.13841816782951355,-0.5179939270019531,0.07247365266084671,0.9995431303977966,-0.12452287971973419,-0.5025624632835388,0.06723131239414215,0.9997586011886597,0.22305768728256226,-0.5936641097068787,0.07529696077108383,0.8585931062698364,-0.07898000627756119,-0.25499531626701355,0.006531734950840473,0.9159326553344727,0.180156871676445,-0.7651451826095581,0.11484550684690475,0.8841630220413208,-0.0018265375401824713,-0.09719426929950714,-0.04073813557624817,0.9152906537055969,0.08941752463579178,-0.0038509676232934,0.041754741221666336,0.9999251961708069,-0.08785206824541092,4.073927630088292e-05,-0.03891986608505249,0.9999257922172546,0.1863550841808319,0.36991849541664124,-0.022232480347156525,0.8073189854621887,-0.14841994643211365,0.3158114552497864,-0.11072208732366562,0.8736631274223328,0.19268959760665894,0.7023118734359741,0.12036923319101334,0.79414963722229,-0.30520281195640564,0.6965121626853943,-0.003202147549018264,0.8897396326065063
257,0.036214374005794525,-0.606682538986206,-0.17458461225032806,0.9981681704521179,0.053595736622810364,-0.6229400038719177,-0.1477857232093811,0.9919770956039429,0.031722474843263626,-0.6318501830101013,-0.19007043540477753,0.998443067073822,0.08831968158483505,-0.6095407605171204,-0.047815099358558655,0.9916186332702637,-0.04260154068470001,-0.5728356242179871,-0.08209222555160522,0.997088611125946,0.1490865796804428,-0.4998810291290283,0.06014421954751015,0.9995339512825012,-0.10039093345403671,-0.5049465894699097,0.043237194418907166,0.9997771978378296,0.22697322070598602,-0.5098560452461243,0.042107827961444855,0.8404754400253296,-0.030429817736148834,-0.2611072063446045,-0.025800466537475586,0.9159538149833679,0.18570755422115326,-0.6594208478927612,0.10172317177057266,0.8718568682670593,0.06530565023422241,-0.1093849167227745,-0.08416230976581573,0.9207063317298889,0.08942293375730515,-0.003173766192048788,0.042938753962516785,0.9999278783798218,-0.08781003206968307,-0.0006170528358779848,-0.04031860828399658,0.9999299049377441,0.19627873599529266,0.37003612518310547,-0.028411194682121277,0.7895817756652832,-0.14689993858337402,0.3162861466407776,-0.11365475505590439,0.8549373149871826,0.19679193198680878,0.7022883296012878,0.11290300637483597,0.7734001278877258,-0.2972659766674042,0.7056256532669067,-0.009328879415988922,0.8814332485198975
258,0.03532170131802559,-0.6036762595176697,-0.15905150771141052,0.9983254671096802,0.05350181460380554,-0.6192750334739685,-0.13370533287525177,0.9926595091819763,0.031242292374372482,-0.6284715533256531,-0.1728053241968155,0.9985767602920532,0.09540881961584091,-0.6065231561660767,-0.03904758393764496,0.9922696948051453,-0.039215292781591415,-0.5726647973060608,-0.05845900624990463,0.9973336458206177,0.16600877046585083,-0.4763118624687195,0.06966449320316315,0.9995517730712891,-0.09082593768835068,-0.5054847002029419,0.05909811332821846,0.9997968673706055,0.23020903766155243,-0.42233607172966003,0.02699187770485878,0.8397729396820068,-0.029122846201062202,-0.2645385265350342,-0.01578143611550331,0.9212079644203186,0.17631855607032776,-0.5540040135383606,0.0013507410185411572,0.8715665340423584,0.09353853017091751,-0.1183505579829216,-0.059952013194561005,0.927542507648468,0.0900370180606842,-0.0018259803764522076,0.042877327650785446,0.9999326467514038,-0.08829816430807114,-0.001878075418062508,-0.040211599320173264,0.9999354481697083,0.19523264467716217,0.37032175064086914,-0.050224144011735916,0.7928726673126221,-0.14754770696163177,0.31595349311828613,-0.1136372834444046,0.8586041927337646,0.19762477278709412,0.7018395662307739,0.10522837191820145,0.7646765112876892,-0.29144054651260376,0.706943929195404,-0.004684369545429945,0.8828630447387695
259,0.03955540433526039,-0.6005617380142212,-0.14322426915168762,0.9984872341156006,0.06000166013836861,-0.6162043809890747,-0.11827109754085541,0.9933708310127258,0.03669552132487297,-0.6258065104484558,-0.15736961364746094,0.9987131357192993,0.1052858829498291,-0.6042326092720032,-0.023258881643414497,0.9930131435394287,-0.033851154148578644,-0.5730159282684326,-0.04064061492681503,0.9975857734680176,0.18432429432868958,-0.4669496417045593,0.07935217767953873,0.9995885491371155,-0.08644043654203415,-0.5130388140678406,0.06997711956501007,0.999815046787262,0.2485332489013672,-0.37064680457115173,-0.01697361096739769,0.8515354990959167,-0.021261010318994522,-0.26586204767227173,-0.019002096727490425,0.9271777272224426,0.17922432720661163,-0.457226425409317,-0.14601688086986542,0.8811771869659424,0.125419482588768,-0.18369664251804352,-0.07052243500947952,0.9340904355049133,0.09160519391298294,-0.000833628058899194,0.042321160435676575,0.9999376535415649,-0.0896730050444603,-0.0027605711948126554,-0.03979078307747841,0.9999405741691589,0.18837031722068787,0.37655583024024963,-0.06296535581350327,0.8061915636062622,-0.14875410497188568,0.31706780195236206,-0.11198792606592178,0.8675374984741211,0.1828603446483612,0.7045294046401978,0.09423334896564484,0.7691535949707031,-0.291805237531662,0.7131126523017883,-0.0009849306661635637,0.8875908255577087
260,0.03839179873466492,-0.5914679765701294,-0.16199864447116852,0.9986222982406616,0.05815484747290611,-0.6080753803253174,-0.13894252479076385,0.9939765334129333,0.0357678085565567,-0.6174719929695129,-0.17653769254684448,0.9988210797309875,0.10628849267959595,-0.6005174517631531,-0.04367218166589737,0.9936584830284119,-0.03434189781546593,-0.5714147090911865,-0.05260288342833519,0.997772753238678,0.19423264265060425,-0.46234309673309326,0.06617699563503265,0.9996235966682434,-0.08655808866024017,-0.5165272355079651,0.06857790052890778,0.999829888343811,0.2674369812011719,-0.3427824079990387,-0.046439871191978455,0.8632926344871521,-0.04333575814962387,-0.267851322889328,-0.02811647392809391,0.9325054883956909,0.17794549465179443,-0.39973053336143494,-0.18730518221855164,0.8909658789634705,0.12299613654613495,-0.22365404665470123,-0.11788801848888397,0.9396668076515198,0.09232404828071594,-0.0003675319312606007,0.04058465734124184,0.9999405741691589,-0.09039279818534851,-0.003212631680071354,-0.0379459448158741,0.999943733215332,0.18357937037944794,0.38205575942993164,-0.05621747300028801,0.8162001967430115,-0.14827986061573029,0.3193948566913605,-0.09807411581277847,0.875810980796814,0.183799147605896,0.7102411389350891,0.10505116730928421,0.7760012745857239,-0.28892603516578674,0.7190132737159729,0.011162327602505684,0.8935806155204773
261,0.03701998293399811,-0.5871952772140503,-0.16773225367069244,0.9987351298332214,0.056498151272535324,-0.6048911213874817,-0.153020441532135,0.9944936037063599,0.033966176211833954,-0.6135378479957581,-0.18549522757530212,0.9989018440246582,0.10640273243188858,-0.5995199680328369,-0.06117517873644829,0.9942248463630676,-0.03491732105612755,-0.5694288015365601,-0.06209968402981758,0.9978834986686707,0.19736099243164062,-0.4620084762573242,0.056998636573553085,0.999656081199646,-0.08639875799417496,-0.5189806818962097,0.057683445513248444,0.9998400211334229,0.278923362493515,-0.323008269071579,-0.050268519669771194,0.8734699487686157,-0.054388996213674545,-0.2745704650878906,-0.03778549283742905,0.9357587099075317,0.173529714345932,-0.3573370575904846,-0.17448341846466064,0.898646354675293,0.11186723411083221,-0.2522502541542053,-0.15407109260559082,0.9420547485351562,0.09237164258956909,-0.0003399474953766912,0.040250666439533234,0.9999417662620544,-0.09042975306510925,-0.003234777133911848,-0.03756086528301239,0.9999448657035828,0.17955367267131805,0.38193365931510925,-0.048993490636348724,0.8224438428878784,-0.14791694283485413,0.32074296474456787,-0.08599112182855606,0.8812199234962463,0.18479065597057343,0.7119812369346619,0.11170673370361328,0.7769703269004822,-0.2870279550552368,0.7241647243499756,0.019003476947546005,0.8967113494873047
262,0.03593520075082779,-0.5846754312515259,-0.1769520491361618,0.998805582523346,0.05600279942154884,-0.6023948192596436,-0.15915337204933167,0.9948577284812927,0.03355855867266655,-0.6114286780357361,-0.1941474825143814,0.9989249110221863,0.10532233119010925,-0.5969347953796387,-0.0632174164056778,0.9946720600128174,-0.03489638492465019,-0.5685826539993286,-0.07145287096500397,0.9978607296943665,0.19573044776916504,-0.4580129086971283,0.05086567625403404,0.999684751033783,-0.08806417882442474,-0.5207831263542175,0.0627741739153862,0.9998474717140198,0.27687981724739075,-0.307210236787796,-0.046383392065763474,0.8820176720619202,-0.060856033116579056,-0.275696724653244,-0.039429884403944016,0.9348461031913757,0.1514275074005127,-0.33648332953453064,-0.15052862465381622,0.9027411341667175,0.0969027653336525,-0.25967302918434143,-0.15934064984321594,0.9373456239700317,0.0923512801527977,-0.0003474604163784534,0.038343798369169235,0.999944806098938,-0.09040512889623642,-0.0032148680184036493,-0.03550651669502258,0.999947726726532,0.17735618352890015,0.3849867880344391,-0.04612584412097931,0.8329481482505798,-0.1468816101551056,0.32369592785835266,-0.0706021711230278,0.8883655071258545,0.23832467198371887,0.7123457789421082,0.11464153230190277,0.7877508997917175,-0.2816465198993683,0.7303519248962402,0.04189594089984894,0.9027854204177856
263,0.026851266622543335,-0.5850087404251099,-0.18150734901428223,0.9988970160484314,0.04754089564085007,-0.6026484370231628,-0.16282668709754944,0.9952799081802368,0.02359865978360176,-0.6117300987243652,-0.19845539331436157,0.9989892244338989,0.10222761332988739,-0.5970017910003662,-0.06705557554960251,0.9951383471488953,-0.04083465412259102,-0.5685492157936096,-0.07358293980360031,0.9979522824287415,0.19300661981105804,-0.4579620957374573,0.048352841287851334,0.9997109770774841,-0.09382785111665726,-0.5210829973220825,0.06908594816923141,0.9998545050621033,0.2682247757911682,-0.30562469363212585,-0.04448360949754715,0.8897746801376343,-0.09392393380403519,-0.2771383821964264,-0.040744103491306305,0.9355335235595703,0.12770308554172516,-0.3299576938152313,-0.14061647653579712,0.9063350558280945,0.07076156884431839,-0.2704200744628906,-0.16471168398857117,0.9338745474815369,0.09233821928501129,-0.0004765249032061547,0.03638759255409241,0.9999483227729797,-0.09038885682821274,-0.003012407571077347,-0.033362582325935364,0.9999510645866394,0.17554537951946259,0.3872908055782318,-0.04479150474071503,0.8454808592796326,-0.14345699548721313,0.3309670388698578,-0.06665743142366409,0.8969235420227051,0.24929985404014587,0.7124740481376648,0.12428753077983856,0.8032758235931396,-0.270603746175766,0.7365908026695251,0.05092446506023407,0.9104917645454407
264,0.012988091446459293,-0.5838216543197632,-0.22527223825454712,0.9989729523658752,0.03445859253406525,-0.6018946766853333,-0.2112761288881302,0.995654821395874,0.010134064592421055,-0.6110624670982361,-0.2451370507478714,0.9990273118019104,0.09471515566110611,-0.5959140062332153,-0.1203649714589119,0.9955651164054871,-0.048151906579732895,-0.5677984952926636,-0.11279283463954926,0.997963547706604,0.1916869580745697,-0.4601345956325531,0.011168945580720901,0.999736487865448,-0.10609457641839981,-0.5207772850990295,0.051538366824388504,0.9998563528060913,0.2624050974845886,-0.3144921064376831,-0.06607605516910553,0.8985286951065063,-0.1326407641172409,-0.2745991051197052,-0.06149088963866234,0.9352013468742371,0.1073688194155693,-0.3194964528083801,-0.1663733273744583,0.9122641682624817,0.06574518233537674,-0.26092562079429626,-0.19742274284362793,0.9260268211364746,0.09257104992866516,-0.0011910134926438332,0.03486412391066551,0.9999514222145081,-0.09061630815267563,-0.0021542164031416178,-0.0317821279168129,0.9999534487724304,0.18715491890907288,0.3891318142414093,-0.0393579937517643,0.8584445118904114,-0.13894715905189514,0.33564338088035583,-0.06060744449496269,0.9055216908454895,0.29257649183273315,0.7122747898101807,0.13656733930110931,0.8199783563613892,-0.2494111955165863,0.7439239025115967,0.07331770658493042,0.9181725382804871
265,-0.0030217128805816174,-0.5811988115310669,-0.23387786746025085,0.9990419149398804,0.019326336681842804,-0.5999208092689514,-0.22134067118167877,0.9959907531738281,-0.004701431840658188,-0.6093663573265076,-0.2545548379421234,0.9990617036819458,0.0830266997218132,-0.5946524143218994,-0.13288305699825287,0.9959486722946167,-0.05668826028704643,-0.5672003626823425,-0.12154760956764221,0.9979726672172546,0.1843162178993225,-0.46165022253990173,0.00386897218413651,0.9997601509094238,-0.1220734715461731,-0.520493745803833,0.04963676631450653,0.9998623132705688,0.24639305472373962,-0.3102629780769348,-0.06372664868831635,0.9061973094940186,-0.1708003580570221,-0.267468124628067,-0.06121448427438736,0.9369610548019409,0.08752401173114777,-0.29796478152275085,-0.1638370305299759,0.9183260202407837,0.011416153982281685,-0.2562648355960846,-0.19870558381080627,0.9259755611419678,0.09266023337841034,-0.0022259652614593506,0.034068211913108826,0.9999539256095886,-0.09070324897766113,-0.001019977848045528,-0.030961662530899048,0.9999553561210632,0.19055695831775665,0.38750866055488586,-0.02960924804210663,0.8691187500953674,-0.1258915662765503,0.3364754319190979,-0.05726160854101181,0.9128667712211609,0.29424744844436646,0.7124274969100952,0.1381942629814148,0.8349906802177429,-0.22888797521591187,0.7451208829879761,0.07804588973522186,0.9249017834663391
266,-0.026164406910538673,-0.5816616415977478,-0.23119811713695526,0.999110221862793,-0.0017381861107423902,-0.6007298231124878,-0.2162514626979828,0.9962858557701111,-0.02617221511900425,-0.6106208562850952,-0.2513951063156128,0.9991084337234497,0.06751608848571777,-0.5955063700675964,-0.12750127911567688,0.9962720274925232,-0.06971723586320877,-0.5696777105331421,-0.1182241290807724,0.998035192489624,0.17075559496879578,-0.46229639649391174,0.00598689541220665,0.9997797608375549,-0.13518811762332916,-0.5250570178031921,0.055707354098558426,0.9998723268508911,0.22924011945724487,-0.3077135384082794,-0.06228500232100487,0.9100837707519531,-0.19897659122943878,-0.26847559213638306,-0.04032636061310768,0.9394475817680359,0.061410848051309586,-0.27596309781074524,-0.16185708343982697,0.9182223677635193,-0.051156334578990936,-0.2517297565937042,-0.19102652370929718,0.9301919937133789,0.092597097158432,-0.0027699493803083897,0.03245292603969574,0.9999554753303528,-0.09065739810466766,-0.0005033374764025211,-0.029322078451514244,0.9999573230743408,0.19021090865135193,0.38727235794067383,-0.0235882755368948,0.8747985363006592,-0.12043389678001404,0.3369998335838318,-0.053773432970047,0.917314887046814,0.295261025428772,0.71336829662323,0.13704653084278107,0.8445678949356079,-0.2160424292087555,0.7454040050506592,0.07784947007894516,0.9290319085121155
267,-0.035486456006765366,-0.5850456357002258,-0.2362230271100998,0.999187707901001,-0.011926189064979553,-0.6054505705833435,-0.22212889790534973,0.9966176152229309,-0.03720996156334877,-0.614619791507721,-0.2548322379589081,0.9991773366928101,0.05826357752084732,-0.6007379293441772,-0.13688483834266663,0.996614933013916,-0.07944486290216446,-0.570844829082489,-0.120281882584095,0.9981666207313538,0.16409781575202942,-0.46328166127204895,-0.004439660347998142,0.9997986555099487,-0.14264951646327972,-0.5265166759490967,0.05526653677225113,0.9998814463615417,0.21143320202827454,-0.30612167716026306,-0.060515161603689194,0.9161285161972046,-0.21962589025497437,-0.27405571937561035,-0.041275281459093094,0.9430118799209595,0.03944673761725426,-0.2601841986179352,-0.15247581899166107,0.9228858947753906,-0.09838605672121048,-0.24969932436943054,-0.20642994344234467,0.9350830316543579,0.09264785796403885,-0.0034339730627834797,0.03115048259496689,0.9999577403068542,-0.0907265692949295,0.0001466733228880912,-0.02804354578256607,0.9999596476554871,0.19903463125228882,0.3861241340637207,-0.021289732307195663,0.8839101791381836,-0.12109927088022232,0.3407212197780609,-0.05471569299697876,0.9237919449806213,0.31343069672584534,0.713941216468811,0.13364356756210327,0.8579131364822388,-0.19870513677597046,0.7482274174690247,0.08499360829591751,0.9347134828567505
268,-0.050574321299791336,-0.588046133518219,-0.2529010474681854,0.9992622137069702,-0.02651066519320011,-0.6092528700828552,-0.23993246257305145,0.9969334006309509,-0.05201820284128189,-0.618082582950592,-0.2707803249359131,0.9992467761039734,0.04816389083862305,-0.6034205555915833,-0.15912804007530212,0.996935248374939,-0.08912071585655212,-0.5714342594146729,-0.13350720703601837,0.9983005523681641,0.1541416496038437,-0.46411463618278503,-0.02375580370426178,0.9998159408569336,-0.1479581892490387,-0.5268833637237549,0.04014945775270462,0.9998887777328491,0.19641274213790894,-0.30807578563690186,-0.06859243661165237,0.9208648800849915,-0.23294371366500854,-0.284488707780838,-0.053889498114585876,0.9443320035934448,0.016730502247810364,-0.2559763491153717,-0.14669950306415558,0.9247152805328369,-0.11987263709306717,-0.24783340096473694,-0.21811358630657196,0.9332249164581299,0.09254557639360428,-0.00446343794465065,0.030622616410255432,0.9999597072601318,-0.09065227955579758,0.0011385182151570916,-0.027622247114777565,0.9999614357948303,0.20292283594608307,0.3825603425502777,-0.020164286717772484,0.8895776867866516,-0.1170482486486435,0.34112465381622314,-0.055941641330718994,0.9282665252685547,0.3178721070289612,0.7148301005363464,0.11169356852769852,0.8691307306289673,-0.18217557668685913,0.7471640110015869,0.084018774330616,0.9386857748031616
269,-0.060043126344680786,-0.5880724191665649,-0.2719111740589142,0.9993308782577515,-0.037476517260074615,-0.6094556450843811,-0.25913161039352417,0.9972244501113892,-0.06324102729558945,-0.6180735230445862,-0.28952428698539734,0.9993127584457397,0.03884180262684822,-0.604063093662262,-0.17826718091964722,0.9972293376922607,-0.09933887422084808,-0.5689661502838135,-0.15002794563770294,0.9984331130981445,0.14552336931228638,-0.46466121077537537,-0.04432925581932068,0.9998324513435364,-0.1553003191947937,-0.5238407850265503,0.028174079954624176,0.9998958110809326,0.17242689430713654,-0.3105878233909607,-0.0788012444972992,0.9254521727561951,-0.24515677988529205,-0.2845068871974945,-0.058774955570697784,0.9442199468612671,-0.014604013413190842,-0.25736624002456665,-0.14320805668830872,0.9271740317344666,-0.13685154914855957,-0.24420514702796936,-0.22150328755378723,0.9281122088432312,0.09258871525526047,-0.005354681517928839,0.029991647228598595,0.9999620318412781,-0.09072612226009369,0.001984795555472374,-0.027054745703935623,0.999963641166687,0.20583419501781464,0.3812173306941986,-0.018683945760130882,0.8949205279350281,-0.11726731806993484,0.340168833732605,-0.06396938860416412,0.9330868124961853,0.31821805238723755,0.7144535183906555,0.11403905600309372,0.8790145516395569,-0.18085700273513794,0.7459760904312134,0.08126499503850937,0.9426779747009277
270,-0.07844468206167221,-0.5881401300430298,-0.2807855010032654,0.9993904829025269,-0.05566895380616188,-0.610027015209198,-0.2694873809814453,0.9974801540374756,-0.0807538852095604,-0.618159294128418,-0.29832810163497925,0.9993677735328674,0.026693718507885933,-0.606058657169342,-0.19491180777549744,0.9974889159202576,-0.10746890306472778,-0.5674855709075928,-0.157957062125206,0.9985357522964478,0.13659946620464325,-0.46677276492118835,-0.06491222232580185,0.9998469948768616,-0.15938018262386322,-0.5216132402420044,0.0207063015550375,0.9999008774757385,0.14710737764835358,-0.3140362799167633,-0.1037038192152977,0.9286783337593079,-0.24589429795742035,-0.2826724946498871,-0.0596589669585228,0.9385251998901367,-0.03361401706933975,-0.2585095763206482,-0.14930173754692078,0.9270746111869812,-0.1413193792104721,-0.22648636996746063,-0.21766075491905212,0.9059509634971619,0.09269937127828598,-0.005814926698803902,0.028944682329893112,0.99996417760849,-0.09089069068431854,0.00241873343475163,-0.02614421769976616,0.9999656081199646,0.20572446286678314,0.3811897337436676,-0.018653441220521927,0.8982170820236206,-0.11717770248651505,0.33995363116264343,-0.06444843113422394,0.9369832277297974,0.32195165753364563,0.7138712406158447,0.11609601229429245,0.886854887008667,-0.18684574961662292,0.7453879714012146,0.07950165122747421,0.9460422992706299
271,-0.09312377870082855,-0.5904707312583923,-0.2743484675884247,0.9994409680366516,-0.0712704136967659,-0.6141514182090759,-0.26124659180641174,0.9977018237113953,-0.09658671915531158,-0.6203660368919373,-0.2939806878566742,0.9994123578071594,0.011532549746334553,-0.6132931113243103,-0.18057216703891754,0.9977186322212219,-0.12001809477806091,-0.5671564936637878,-0.15271741151809692,0.998612642288208,0.12519313395023346,-0.4712255001068115,-0.06022591143846512,0.9998591542243958,-0.1649639904499054,-0.5193844437599182,0.02230493538081646,0.9999018907546997,0.12431136518716812,-0.31827378273010254,-0.1197555735707283,0.931451141834259,-0.2370189130306244,-0.27903512120246887,-0.06535917520523071,0.928772509098053,-0.04033435881137848,-0.2516244947910309,-0.16935724020004272,0.9274848699569702,-0.14647598564624786,-0.2170567363500595,-0.2468070685863495,0.8875572681427002,0.09275239706039429,-0.006257358007133007,0.02719145454466343,0.9999659061431885,-0.09098710119724274,0.002823204267770052,-0.02430940605700016,0.999967098236084,0.20362937450408936,0.38117825984954834,-0.019142016768455505,0.9006925225257874,-0.11756210029125214,0.33973488211631775,-0.06510024517774582,0.9399710297584534,0.31649062037467957,0.713801383972168,0.11711402982473373,0.8934868574142456,-0.1918306201696396,0.7441206574440002,0.07850038260221481,0.9487273693084717
272,-0.1064400002360344,-0.5905262231826782,-0.25202587246894836,0.9994900822639465,-0.08439048379659653,-0.6145970225334167,-0.23774363100528717,0.9979107975959778,-0.11100394278764725,-0.6204190850257874,-0.2660389840602875,0.9994600415229797,-0.00044360439642332494,-0.6169684529304504,-0.16376712918281555,0.9979302883148193,-0.13610577583312988,-0.5670627355575562,-0.11872720718383789,0.9987110495567322,0.1133197471499443,-0.4766456186771393,-0.051857493817806244,0.9998703598976135,-0.17334486544132233,-0.5193873047828674,0.04453084245324135,0.9999061822891235,0.1093050166964531,-0.3211597204208374,-0.11699911206960678,0.9341394901275635,-0.23014211654663086,-0.27822840213775635,-0.053551070392131805,0.9233508706092834,-0.04884171485900879,-0.24585221707820892,-0.1766192466020584,0.9288285374641418,-0.1437232345342636,-0.20477557182312012,-0.23606829345226288,0.8850811719894409,0.09296457469463348,-0.006465887185186148,0.025278301909565926,0.999967634677887,-0.09122878313064575,0.002998813521116972,-0.022271379828453064,0.9999688267707825,0.2030276358127594,0.3810482621192932,-0.021953659132122993,0.9051721692085266,-0.12141063064336777,0.3395318388938904,-0.07063155621290207,0.9439135193824768,0.30415046215057373,0.7140023112297058,0.1171453446149826,0.9006755352020264,-0.2006378471851349,0.7449505925178528,0.05898258462548256,0.9522911310195923
273,-0.11802120506763458,-0.5905306339263916,-0.2495875060558319,0.9995337724685669,-0.09535723179578781,-0.6146633625030518,-0.23678924143314362,0.9981018304824829,-0.12032194435596466,-0.6204217672348022,-0.2630082666873932,0.9995018243789673,-0.0102811548858881,-0.6170324087142944,-0.1614815592765808,0.9981266260147095,-0.14061839878559113,-0.566739022731781,-0.11702476441860199,0.9987916946411133,0.10631825029850006,-0.480540931224823,-0.04849208891391754,0.9998819828033447,-0.17590852081775665,-0.5180553793907166,0.052421800792217255,0.9999086856842041,0.12957602739334106,-0.32233726978302,-0.11094597727060318,0.9388661980628967,-0.22583410143852234,-0.2750624418258667,-0.021030021831393242,0.9146591424942017,-0.03785668686032295,-0.24417507648468018,-0.15121802687644958,0.9331020712852478,-0.13172438740730286,-0.19833491742610931,-0.17826427519321442,0.8732274770736694,0.0929909199476242,-0.0066221728920936584,0.023854315280914307,0.9999695420265198,-0.09124931693077087,0.00316664413549006,-0.020899776369333267,0.9999701976776123,0.20095212757587433,0.38088810443878174,-0.022691065445542336,0.9114099144935608,-0.13581116497516632,0.3338250517845154,-0.07539369910955429,0.948086142539978,0.2705359160900116,0.7145570516586304,0.11805744469165802,0.9082802534103394,-0.21002857387065887,0.7446075677871704,0.050527337938547134,0.9559234380722046
274,-0.10825350880622864,-0.5911148190498352,-0.24123495817184448,0.9995646476745605,-0.0857711136341095,-0.6154874563217163,-0.22877460718154907,0.9982515573501587,-0.11067093908786774,-0.6208875775337219,-0.25466087460517883,0.9995253086090088,-0.004859562031924725,-0.61812824010849,-0.1609802097082138,0.9982922673225403,-0.13441838324069977,-0.566364049911499,-0.11285576224327087,0.9988212585449219,0.11140245944261551,-0.4827466905117035,-0.048406921327114105,0.9998913407325745,-0.17259030044078827,-0.517598569393158,0.05599627643823624,0.9999061822891235,0.13898847997188568,-0.32380592823028564,-0.11426208168268204,0.9422964453697205,-0.21263298392295837,-0.2751675248146057,-0.0259525328874588,0.8979847431182861,-0.023993326351046562,-0.24328869581222534,-0.15159563720226288,0.9335801601409912,-0.1245485246181488,-0.20112544298171997,-0.1788514405488968,0.8539114594459534,0.09299521148204803,-0.006829563062638044,0.020337944850325584,0.9999713897705078,-0.09125131368637085,0.003407879965379834,-0.01745075173676014,0.9999717473983765,0.20024830102920532,0.382657915353775,-0.022796396166086197,0.9176391959190369,-0.14052793383598328,0.3336097002029419,-0.08198591321706772,0.9518781304359436,0.26276054978370667,0.7161484360694885,0.11859286576509476,0.9157812595367432,-0.21036109328269958,0.7452771067619324,0.04244985431432724,0.9594157934188843
275,-0.1009928435087204,-0.5909746289253235,-0.24115824699401855,0.9995747804641724,-0.07862020283937454,-0.6152068376541138,-0.22872115671634674,0.9983384609222412,-0.10311158746480942,-0.6206579208374023,-0.254818856716156,0.999517023563385,0.0001685677416389808,-0.6178261637687683,-0.16147826611995697,0.9984199404716492,-0.13028669357299805,-0.5659268498420715,-0.1145658865571022,0.9987784624099731,0.11472684890031815,-0.4870711863040924,-0.04980531334877014,0.99989914894104,-0.1703423708677292,-0.5174263119697571,0.055008288472890854,0.9999034404754639,0.1488693207502365,-0.33589476346969604,-0.11553961038589478,0.9454978704452515,-0.2097700983285904,-0.27308714389801025,-0.029068903997540474,0.8943967223167419,-0.016559863463044167,-0.2530319392681122,-0.15587471425533295,0.934567391872406,-0.11226987093687057,-0.20281748473644257,-0.18164342641830444,0.8478802442550659,0.09296096116304398,-0.006780873518437147,0.019156796857714653,0.9999728202819824,-0.09121758490800858,0.0033736946061253548,-0.016327572986483574,0.9999727606773376,0.1941378116607666,0.389093279838562,-0.023214105516672134,0.9239656329154968,-0.14964407682418823,0.3331216275691986,-0.07921180874109268,0.9556093215942383,0.24767841398715973,0.7268906235694885,0.1191093921661377,0.9229302406311035,-0.23189158737659454,0.7450366020202637,0.04332677274942398,0.962779700756073
276,-0.09542753547430038,-0.5861358046531677,-0.24464957416057587,0.9995770454406738,-0.07157541066408157,-0.6090185642242432,-0.23213423788547516,0.998390257358551,-0.09599790722131729,-0.6154191493988037,-0.25883761048316956,0.9994972944259644,0.009021736681461334,-0.61406010389328,-0.16261230409145355,0.9985136389732361,-0.12011747807264328,-0.5628733038902283,-0.11877921223640442,0.9987077713012695,0.12373222410678864,-0.48704347014427185,-0.04816272109746933,0.9999051690101624,-0.16745665669441223,-0.5164404511451721,0.054022274911403656,0.9998995065689087,0.18348994851112366,-0.3403749465942383,-0.11324518173933029,0.9475089311599731,-0.19495327770709991,-0.27129775285720825,-0.029220132157206535,0.8905227780342102,0.0046213469468057156,-0.2546722888946533,-0.1593858301639557,0.9331881403923035,-0.08513049781322479,-0.20325715839862823,-0.1721087098121643,0.8411271572113037,0.09305725246667862,-0.006507070269435644,0.018979234620928764,0.9999735355377197,-0.0913088247179985,0.0031501022167503834,-0.016212819144129753,0.999972939491272,0.19124457240104675,0.394773006439209,-0.024138474836945534,0.9290275573730469,-0.15087929368019104,0.3317324221134186,-0.07474403828382492,0.9584754109382629,0.2466745376586914,0.7347249388694763,0.11791284382343292,0.9289495348930359,-0.2406805455684662,0.7448382377624512,0.05787510424852371,0.9654589891433716
277,-0.06665458530187607,-0.5798653364181519,-0.2493509203195572,0.9995740056037903,-0.04503799229860306,-0.6012487411499023,-0.23497509956359863,0.9984006285667419,-0.07111555337905884,-0.6081728339195251,-0.2641071677207947,0.9994662404060364,0.026274483650922775,-0.6075172424316406,-0.16199134290218353,0.9985799193382263,-0.11140701919794083,-0.5570241212844849,-0.1252928376197815,0.9986000657081604,0.13784711062908173,-0.48678624629974365,-0.04249360412359238,0.9999104142189026,-0.16420993208885193,-0.5136644244194031,0.04842912778258324,0.9998965263366699,0.22760824859142303,-0.3422584533691406,-0.10962864011526108,0.948698103427887,-0.18353217840194702,-0.2685069143772125,-0.034470878541469574,0.8899552822113037,0.04731209948658943,-0.2563108205795288,-0.15830649435520172,0.9286532402038574,-0.062331460416316986,-0.20571012794971466,-0.1744823306798935,0.8396727442741394,0.09305965155363083,-0.006147954612970352,0.019107118248939514,0.999972939491272,-0.091312937438488,0.002834274433553219,-0.016331426799297333,0.999971866607666,0.1842503696680069,0.39633145928382874,-0.024117346853017807,0.9307886362075806,-0.15021441876888275,0.3315051794052124,-0.06737907975912094,0.9591134786605835,0.23205922544002533,0.7336004376411438,0.12534315884113312,0.9307043552398682,-0.2544945180416107,0.7446259260177612,0.0658319815993309,0.9665626883506775
278,-0.044387608766555786,-0.5793356895446777,-0.2531127333641052,0.9995697140693665,-0.022109629586338997,-0.6001135110855103,-0.23728470504283905,0.9983961582183838,-0.04828763008117676,-0.6076251268386841,-0.2683216631412506,0.9994372129440308,0.04441330209374428,-0.6040331721305847,-0.16132983565330505,0.9986259937286377,-0.09612983465194702,-0.5567680597305298,-0.13162179291248322,0.9985009431838989,0.1479211449623108,-0.48623329401016235,-0.03891739994287491,0.99991375207901,-0.15358705818653107,-0.5131653547286987,0.03559679538011551,0.9998936057090759,0.25668856501579285,-0.3439849317073822,-0.1060580313205719,0.9483723044395447,-0.16608786582946777,-0.2684440314769745,-0.050341296941041946,0.8935434818267822,0.10262251645326614,-0.25235000252723694,-0.15785890817642212,0.9212575554847717,-0.031622935086488724,-0.21278181672096252,-0.17516957223415375,0.8455521464347839,0.09285183995962143,-0.005650326609611511,0.019538041204214096,0.9999715089797974,-0.0911138653755188,0.0023505245335400105,-0.016738707199692726,0.9999701380729675,0.17844951152801514,0.3967655599117279,-0.03147485479712486,0.929623544216156,-0.1493571549654007,0.33141323924064636,-0.06579095870256424,0.9577833414077759,0.21131323277950287,0.7326791882514954,0.12479717284440994,0.9271387457847595,-0.26597726345062256,0.7447360157966614,0.06213606894016266,0.9662336111068726
279,-0.027661597356200218,-0.5752533674240112,-0.2617710828781128,0.9995417594909668,-0.004259824752807617,-0.5947593450546265,-0.24532729387283325,0.9982962608337402,-0.030437229201197624,-0.6037557721138,-0.27747824788093567,0.9993761777877808,0.06322292238473892,-0.5960456728935242,-0.1623784452676773,0.9986069202423096,-0.08035173267126083,-0.5554933547973633,-0.14078742265701294,0.9983429312705994,0.16439634561538696,-0.4808371365070343,-0.036259040236473083,0.9999149441719055,-0.14123068749904633,-0.5126848816871643,0.024376031011343002,0.9998931288719177,0.27629393339157104,-0.34039244055747986,-0.0981990247964859,0.9461060762405396,-0.1507650762796402,-0.26842939853668213,-0.056413304060697556,0.8983854651451111,0.12096482515335083,-0.246341735124588,-0.1574070006608963,0.9082686901092529,-0.009160686284303665,-0.21666830778121948,-0.17712412774562836,0.8530174493789673,0.09286992251873016,-0.004427275620400906,0.02002791315317154,0.9999704957008362,-0.09114068001508713,0.001155177247710526,-0.017189843580126762,0.9999694228172302,0.17042778432369232,0.3982694149017334,-0.03245805576443672,0.9275354743003845,-0.1492946743965149,0.3313532769680023,-0.0589834600687027,0.956622302532196,0.2058725357055664,0.7314682602882385,0.13094335794448853,0.9229429960250854,-0.27814725041389465,0.7434797883033752,0.0672762542963028,0.9661016464233398
280,-0.006481960881501436,-0.5706807374954224,-0.2695910334587097,0.9993510842323303,0.016350431367754936,-0.5890034437179565,-0.2534412145614624,0.9975576400756836,-0.008602363057434559,-0.5989134907722473,-0.28659844398498535,0.9990676045417786,0.08064516633749008,-0.5893308520317078,-0.1675979346036911,0.9982540011405945,-0.061952363699674606,-0.5540635585784912,-0.15324756503105164,0.997690737247467,0.18036191165447235,-0.47338682413101196,-0.03657383844256401,0.9999105930328369,-0.12445960938930511,-0.5126743912696838,0.014465508051216602,0.9998888969421387,0.2882661521434784,-0.32586732506752014,-0.09691392630338669,0.9422633051872253,-0.13422086834907532,-0.2669662833213806,-0.05809728056192398,0.9021006226539612,0.13051149249076843,-0.24611130356788635,-0.1569705605506897,0.8867900967597961,0.01432743575423956,-0.21978703141212463,-0.17542678117752075,0.8603386878967285,0.09260350465774536,-0.0026153763756155968,0.020106304436922073,0.9999619722366333,-0.09091860055923462,-0.0008169236243702471,-0.01726565696299076,0.9999624490737915,0.1545061618089676,0.39908847212791443,-0.04269533231854439,0.9149399399757385,-0.14881768822669983,0.328330934047699,-0.04874322563409805,0.9428180456161499,0.17104366421699524,0.7321887016296387,0.11430547386407852,0.8983784317970276,-0.29065826535224915,0.7404876351356506,0.06846638023853302,0.955470085144043
281,0.013864335604012012,-0.5707589387893677,-0.27070528268814087,0.9993361234664917,0.0356479287147522,-0.5889273881912231,-0.2543712854385376,0.9975064992904663,0.011532984673976898,-0.598894476890564,-0.2884421944618225,0.9990347027778625,0.09574182331562042,-0.5877687335014343,-0.16843099892139435,0.9982620477676392,-0.04484004154801369,-0.5541093349456787,-0.15853986144065857,0.9976266622543335,0.19137774407863617,-0.46757611632347107,-0.03743674233555794,0.9999104142189026,-0.10791472345590591,-0.5132338404655457,0.004883200395852327,0.9998894333839417,0.286679744720459,-0.320260614156723,-0.09918724745512009,0.9413407444953918,-0.12051177024841309,-0.2672528922557831,-0.07197338342666626,0.9073398113250732,0.12541112303733826,-0.24885456264019012,-0.1586683839559555,0.8753876090049744,0.0328831784427166,-0.22124075889587402,-0.17583461105823517,0.8684148788452148,0.09226512908935547,-0.0013504039961844683,0.020370375365018845,0.9999578595161438,-0.09059444814920425,-0.0021346232388168573,-0.017658095806837082,0.9999589920043945,0.1510811150074005,0.39691591262817383,-0.051183488219976425,0.9085404872894287,-0.14846962690353394,0.327829509973526,-0.045172177255153656,0.9344311356544495,0.16894058883190155,0.729185163974762,0.09525458514690399,0.8815150856971741,-0.2871958017349243,0.7358049154281616,0.06899139285087585,0.9467905759811401
282,0.02717811055481434,-0.5687931776046753,-0.26291200518608093,0.9993242025375366,0.04944191128015518,-0.5866450071334839,-0.2474997192621231,0.9974895119667053,0.027013976126909256,-0.5973926186561584,-0.2833101451396942,0.9990028142929077,0.10586994886398315,-0.5851185321807861,-0.1616898477077484,0.9983000159263611,-0.02941564843058586,-0.5542576909065247,-0.1563044935464859,0.997558057308197,0.19635994732379913,-0.4634789526462555,-0.029154544696211815,0.9999147653579712,-0.09899267554283142,-0.5165289640426636,0.007720078341662884,0.9998922944068909,0.2831564247608185,-0.30885934829711914,-0.08747679740190506,0.9426635503768921,-0.11797823756933212,-0.267566055059433,-0.070854552090168,0.9110223054885864,0.12950322031974792,-0.250983864068985,-0.15684358775615692,0.8782393932342529,0.0364140123128891,-0.22156314551830292,-0.17359235882759094,0.8745334148406982,0.09207428246736526,-0.000629324116744101,0.021343955770134926,0.9999552965164185,-0.09037010371685028,-0.002804698422551155,-0.018682008609175682,0.999955952167511,0.14742693305015564,0.3963821530342102,-0.052306853234767914,0.9046023488044739,-0.14739075303077698,0.32620465755462646,-0.04623780772089958,0.9283856749534607,0.16220948100090027,0.7286711931228638,0.09676513820886612,0.8682704567909241,-0.28606629371643066,0.7314432263374329,0.06880680471658707,0.9404622316360474
283,0.04138942435383797,-0.5679978728294373,-0.2624053955078125,0.9993726015090942,0.06430955976247787,-0.5856629014015198,-0.24710245430469513,0.997674822807312,0.04077949747443199,-0.596833348274231,-0.28244343400001526,0.9990704655647278,0.11877188086509705,-0.5830203890800476,-0.15671582520008087,0.9984263181686401,-0.021514317020773888,-0.554603099822998,-0.1548442393541336,0.9977160096168518,0.20022551715373993,-0.4552062451839447,-0.01595635712146759,0.9999200701713562,-0.09081891179084778,-0.5203786492347717,0.009881782345473766,0.9998990893363953,0.27498307824134827,-0.284638375043869,-0.07085350900888443,0.9460542798042297,-0.11976901441812515,-0.26967495679855347,-0.07039301097393036,0.9173787832260132,0.13207662105560303,-0.2520282566547394,-0.15663006901741028,0.8876112103462219,0.03207539767026901,-0.2213667780160904,-0.17432133853435516,0.884108304977417,0.09200934320688248,-0.00010057825420517474,0.024315062910318375,0.999954879283905,-0.09027423709630966,-0.0032598322723060846,-0.02172163315117359,0.9999558925628662,0.1497209072113037,0.3964909315109253,-0.03824389725923538,0.9082040786743164,-0.14632876217365265,0.3271089196205139,-0.045991841703653336,0.9319992065429688,0.18242375552654266,0.7251039743423462,0.13239122927188873,0.8694822192192078,-0.2824709713459015,0.7319018840789795,0.07133838534355164,0.9427914619445801
284,0.05020643025636673,-0.5650045871734619,-0.24449492990970612,0.999427855014801,0.07447613775730133,-0.5826899409294128,-0.22807539999485016,0.9978814721107483,0.050385404378175735,-0.5947921872138977,-0.2654329836368561,0.9991507530212402,0.1286793351173401,-0.5793128609657288,-0.12985670566558838,0.9985643625259399,-0.01385351363569498,-0.5546771883964539,-0.1374513953924179,0.997907817363739,0.20328250527381897,-0.4470628499984741,0.011578591540455818,0.9999259114265442,-0.08499904721975327,-0.52230304479599,0.03377261012792587,0.9999067187309265,0.2701948583126068,-0.270540326833725,-0.040938254445791245,0.9493818879127502,-0.12386135011911392,-0.27122485637664795,-0.05103270709514618,0.9230483770370483,0.1310977041721344,-0.2525564134120941,-0.13737279176712036,0.8968316912651062,0.025970276445150375,-0.22166523337364197,-0.1676860749721527,0.8927575349807739,0.09192705154418945,0.0003546228108461946,0.025136083364486694,0.9999571442604065,-0.09014856815338135,-0.0035971435718238354,-0.02249889075756073,0.9999582767486572,0.15608243644237518,0.39769256114959717,-0.030399110168218613,0.9136877655982971,-0.1404399573802948,0.32706350088119507,-0.04670155048370361,0.9366564750671387,0.23047733306884766,0.7230472564697266,0.14303933084011078,0.8762574195861816,-0.27709507942199707,0.7321466207504272,0.07121893763542175,0.9468454122543335
285,0.05156198516488075,-0.5648857355117798,-0.24250325560569763,0.9994736909866333,0.07572045922279358,-0.5824344158172607,-0.22603917121887207,0.9980514049530029,0.052050333470106125,-0.5947370529174805,-0.2637237310409546,0.9992155432701111,0.1285802572965622,-0.5774179100990295,-0.1295185387134552,0.9986769556999207,-0.011690758168697357,-0.5549296736717224,-0.13706836104393005,0.9980611205101013,0.20320753753185272,-0.44363588094711304,0.010133936069905758,0.9999306201934814,-0.08599371463060379,-0.5243005156517029,0.03336123377084732,0.9999134540557861,0.26737722754478455,-0.2686920166015625,-0.042668793350458145,0.951727569103241,-0.12601622939109802,-0.2774719297885895,-0.05179297551512718,0.9285343885421753,0.12472925335168839,-0.25073206424713135,-0.1353607326745987,0.9037838578224182,0.019045481458306313,-0.22184501588344574,-0.16878847777843475,0.9007784724235535,0.09186781942844391,0.0004208829195704311,0.02688251994550228,0.9999582767486572,-0.09005794674158096,-0.0036445478908717632,-0.024295048788189888,0.9999595880508423,0.16867616772651672,0.3974624574184418,-0.027729840949177742,0.9172133803367615,-0.13514232635498047,0.3279961943626404,-0.04686348885297775,0.9398260712623596,0.26061367988586426,0.7217987179756165,0.14258386194705963,0.8812369108200073,-0.26448315382003784,0.734533429145813,0.07101791352033615,0.9493318796157837
286,0.051328640431165695,-0.5660770535469055,-0.23947767913341522,0.9995067119598389,0.07409965246915817,-0.5836642980575562,-0.22321322560310364,0.9981763362884521,0.0505589134991169,-0.5961996912956238,-0.26161518692970276,0.99925696849823,0.12334936857223511,-0.5780200362205505,-0.12802322208881378,0.9987642168998718,-0.015347457490861416,-0.5569472312927246,-0.13695195317268372,0.9981536865234375,0.20007789134979248,-0.4456161558628082,0.006350379902869463,0.9999348521232605,-0.09014619886875153,-0.5264995098114014,0.033850494772195816,0.9999178051948547,0.2600594758987427,-0.2729128897190094,-0.04658474773168564,0.9527996182441711,-0.16495667397975922,-0.2828592360019684,-0.055453620851039886,0.9318356513977051,0.11029145866632462,-0.24737098813056946,-0.13347068428993225,0.9080255627632141,-0.01479045208543539,-0.23097170889377594,-0.18487240374088287,0.905542254447937,0.09184332937002182,0.00012030015204800293,0.02691255882382393,0.9999593496322632,-0.09000780433416367,-0.003284003585577011,-0.024312861263751984,0.9999606609344482,0.17641009390354156,0.39276403188705444,-0.02494892105460167,0.9209777116775513,-0.1289805918931961,0.3289942443370819,-0.049789462238550186,0.9428011775016785,0.2822948694229126,0.7159982919692993,0.14024107158184052,0.8878304958343506,-0.24472761154174805,0.7378040552139282,0.07022262364625931,0.9522529244422913
287,0.043347056955099106,-0.5694425702095032,-0.23612666130065918,0.9995483160018921,0.06625722348690033,-0.5875369310379028,-0.21995650231838226,0.9983298182487488,0.04240112006664276,-0.5999101400375366,-0.25698813796043396,0.9993170499801636,0.11936499178409576,-0.5798072218894958,-0.12600834667682648,0.9988651275634766,-0.020086366683244705,-0.5605152249336243,-0.1286654770374298,0.998296320438385,0.19808036088943481,-0.4465479850769043,0.0053574456833302975,0.9999384880065918,-0.09272615611553192,-0.5293986201286316,0.042264264076948166,0.9999229311943054,0.2410852313041687,-0.2734445631504059,-0.04626230522990227,0.9533923864364624,-0.18180590867996216,-0.29281720519065857,-0.05216767638921738,0.9345688223838806,0.08022873848676682,-0.24431465566158295,-0.1211620569229126,0.9105094075202942,-0.04513169825077057,-0.23463785648345947,-0.18539251387119293,0.9097485542297363,0.09175168722867966,-4.387818626128137e-05,0.026382315903902054,0.99996018409729,-0.0898970440030098,-0.003101910464465618,-0.023786792531609535,0.9999618530273438,0.1788828819990158,0.38970667123794556,-0.023051027208566666,0.923366904258728,-0.12261047959327698,0.33186331391334534,-0.048257727175951004,0.9442533850669861,0.2959815263748169,0.7125879526138306,0.12488596141338348,0.8934475779533386,-0.23016376793384552,0.7401270866394043,0.07635685056447983,0.9539993405342102
288,0.04112302511930466,-0.574046790599823,-0.23747096955776215,0.99958735704422,0.06554468721151352,-0.5928938984870911,-0.22157779335975647,0.9984728097915649,0.04038165137171745,-0.6048519611358643,-0.2577695846557617,0.9993736147880554,0.11653056740760803,-0.5844084024429321,-0.1277860701084137,0.9989587068557739,-0.020748844370245934,-0.5656673312187195,-0.1289515495300293,0.9984272122383118,0.19693849980831146,-0.44741061329841614,0.003746697446331382,0.9999414086341858,-0.09428515285253525,-0.5351026058197021,0.041438519954681396,0.999927818775177,0.22916685044765472,-0.273738294839859,-0.048730816692113876,0.9541270732879639,-0.19814057648181915,-0.3076213598251343,-0.05471024662256241,0.9385470747947693,0.06474967300891876,-0.23293007910251617,-0.11654800176620483,0.9134214520454407,-0.08306512236595154,-0.23971767723560333,-0.2075609713792801,0.9163591861724854,0.09162493795156479,-0.00030636636074632406,0.02628779225051403,0.9999602437019348,-0.08974090963602066,-0.0028458931483328342,-0.023702790960669518,0.9999624490737915,0.18260328471660614,0.38712847232818604,-0.023285003378987312,0.9254317879676819,-0.11418034881353378,0.33882269263267517,-0.046868350356817245,0.9452788829803467,0.2901863753795624,0.7136600017547607,0.0973750427365303,0.899682879447937,-0.21279610693454742,0.7446467280387878,0.08048711717128754,0.9553739428520203
289,0.03010893054306507,-0.5786186456680298,-0.2379172295331955,0.9996237754821777,0.053795017302036285,-0.598591148853302,-0.22177636623382568,0.9986068606376648,0.02755245752632618,-0.6090925931930542,-0.2581475079059601,0.9994264841079712,0.11169163882732391,-0.5921533703804016,-0.1282588690519333,0.9990477561950684,-0.030248409137129784,-0.5685541033744812,-0.1285962611436844,0.9985520243644714,0.19620002806186676,-0.44915419816970825,0.0028434928972274065,0.9999447464942932,-0.09704156965017319,-0.5390239953994751,0.04128207266330719,0.9999321103096008,0.2196996510028839,-0.2757587730884552,-0.05034156143665314,0.9563375115394592,-0.21014918386936188,-0.31755608320236206,-0.05464748665690422,0.9421136379241943,0.04893403872847557,-0.23403199017047882,-0.11882560700178146,0.9191654324531555,-0.11136064678430557,-0.241900235414505,-0.2141771763563156,0.9220256805419922,0.09162846952676773,-0.000549233634956181,0.026320580393075943,0.9999606609344482,-0.08973230421543121,-0.002621277468279004,-0.023747578263282776,0.999963104724884,0.1846635639667511,0.3870413601398468,-0.01506267674267292,0.9284841418266296,-0.1114083081483841,0.3408178985118866,-0.04570567235350609,0.9476789236068726,0.29460763931274414,0.7165971994400024,0.09980230033397675,0.9066982865333557,-0.20259405672550201,0.7453467845916748,0.09027592837810516,0.9573329091072083
290,0.010426407679915428,-0.583360493183136,-0.23980629444122314,0.9996564388275146,0.03223142772912979,-0.604464054107666,-0.22452232241630554,0.9987273812294006,0.005758107174187899,-0.6134307384490967,-0.2595070004463196,0.999474048614502,0.09785410016775131,-0.6000690460205078,-0.13395388424396515,0.9991276264190674,-0.04725668579339981,-0.5702778697013855,-0.12877725064754486,0.9986611008644104,0.19286906719207764,-0.45351698994636536,-0.002724052406847477,0.9999481439590454,-0.10455534607172012,-0.5403183102607727,0.0408744178712368,0.9999361634254456,0.20440897345542908,-0.27698689699172974,-0.05264155566692352,0.958335816860199,-0.22101466357707977,-0.32082685828208923,-0.054357513785362244,0.94460129737854,0.02371910586953163,-0.23557259142398834,-0.1203119158744812,0.9234897494316101,-0.12515679001808167,-0.2417871057987213,-0.2126762866973877,0.9242033362388611,0.0916929841041565,-0.0008340964559465647,0.026960277929902077,0.9999619126319885,-0.08978795260190964,-0.0023505366407334805,-0.024421077221632004,0.9999645948410034,0.18509456515312195,0.38795149326324463,-0.008778666146099567,0.9304855465888977,-0.10704652220010757,0.3419332802295685,-0.04603404179215431,0.9500224590301514,0.2877083420753479,0.7211981415748596,0.11585261672735214,0.9122108817100525,-0.19751785695552826,0.7449707984924316,0.094452403485775,0.958911120891571
291,-0.007667419500648975,-0.5856921672821045,-0.24996361136436462,0.9996863603591919,0.012318579480051994,-0.6075319051742554,-0.23630011081695557,0.9988393783569336,-0.013717032968997955,-0.615231454372406,-0.269295871257782,0.9995176792144775,0.08120635896921158,-0.6043314933776855,-0.15021944046020508,0.9992028474807739,-0.06330012530088425,-0.5700984597206116,-0.13535387814044952,0.9987590909004211,0.1833484172821045,-0.4575878083705902,-0.01936182752251625,0.9999516606330872,-0.11512051522731781,-0.5401638150215149,0.037867527455091476,0.99993896484375,0.187576562166214,-0.28095921874046326,-0.05811934173107147,0.96055006980896,-0.22709837555885315,-0.3171977996826172,-0.05442557483911514,0.9456063508987427,0.0018605280201882124,-0.240153968334198,-0.11976829171180725,0.9282888174057007,-0.13299988210201263,-0.24157275259494781,-0.2137724906206131,0.9227110743522644,0.09183903783559799,-0.0014688390074297786,0.027138404548168182,0.9999634027481079,-0.08994027227163315,-0.0017132214270532131,-0.024608949199318886,0.9999659061431885,0.18994633853435516,0.3874230980873108,-0.00899476371705532,0.932637095451355,-0.1076400950551033,0.342081218957901,-0.04613582417368889,0.9520103931427002,0.28859958052635193,0.7219123244285583,0.11818492412567139,0.9176122546195984,-0.1935012936592102,0.7444745302200317,0.0981438085436821,0.9604830145835876
292,-0.03167196363210678,-0.585369884967804,-0.2687811553478241,0.9997119307518005,-0.009203685447573662,-0.6071208715438843,-0.25716057419776917,0.9989376664161682,-0.03503286838531494,-0.615065336227417,-0.2876642644405365,0.9995551109313965,0.06760035455226898,-0.6039378643035889,-0.1760338842868805,0.9992688298225403,-0.07532480359077454,-0.5692268013954163,-0.14804720878601074,0.9988425374031067,0.1740787923336029,-0.46011462807655334,-0.03900604695081711,0.9999542236328125,-0.12243903428316116,-0.5382013320922852,0.03154971823096275,0.9999411106109619,0.17695999145507812,-0.28360381722450256,-0.06875288486480713,0.9620941877365112,-0.2279404103755951,-0.3130672872066498,-0.05290105566382408,0.9455583691596985,-0.00806343276053667,-0.24170415103435516,-0.11914964765310287,0.9317447543144226,-0.13719391822814941,-0.22372139990329742,-0.2119465321302414,0.9195559620857239,0.0918981209397316,-0.001841025659814477,0.026770373806357384,0.9999655485153198,-0.09000640362501144,-0.0012866260949522257,-0.024256683886051178,0.9999678730964661,0.19259172677993774,0.38820260763168335,-0.008704683743417263,0.9367734789848328,-0.10806480050086975,0.3427499830722809,-0.046208880841732025,0.955231249332428,0.28741714358329773,0.7233311533927917,0.1217276081442833,0.9242190718650818,-0.19042590260505676,0.7446556091308594,0.09789672493934631,0.9633285403251648
293,-0.04577749967575073,-0.585134744644165,-0.26750561594963074,0.9997327327728271,-0.02367575094103813,-0.6068102121353149,-0.2550818920135498,0.9990187883377075,-0.05006461590528488,-0.6147942543029785,-0.2871847450733185,0.9995855689048767,0.054380517452955246,-0.6058727502822876,-0.1720052808523178,0.9993232488632202,-0.089073047041893,-0.5688601732254028,-0.14398986101150513,0.9989058971405029,0.16373880207538605,-0.46554285287857056,-0.03675922006368637,0.9999563694000244,-0.13391068577766418,-0.5358166694641113,0.0346151739358902,0.9999421238899231,0.1651017665863037,-0.28844574093818665,-0.071628637611866,0.9623830914497375,-0.22755610942840576,-0.29911282658576965,-0.05210435763001442,0.9424562454223633,-0.014991363510489464,-0.2406003177165985,-0.11987871676683426,0.9329795241355896,-0.1403835415840149,-0.21624626219272614,-0.21858973801136017,0.9130313396453857,0.09209328889846802,-0.0023059381637722254,0.026730317622423172,0.9999675154685974,-0.09021177142858505,-0.0008286631782539189,-0.02417679876089096,0.9999696612358093,0.1931760460138321,0.3882920742034912,-0.008477402850985527,0.939780592918396,-0.10864601284265518,0.3432379961013794,-0.05069706588983536,0.9581148624420166,0.2854042053222656,0.725618302822113,0.1270548701286316,0.9299218654632568,-0.19520403444766998,0.7448053359985352,0.09357926994562149,0.9658649563789368
294,-0.06433150172233582,-0.5847622156143188,-0.26541921496391296,0.9997513294219971,-0.042237669229507446,-0.6065270900726318,-0.25351014733314514,0.999092698097229,-0.06883584707975388,-0.6146860718727112,-0.2839924395084381,0.9996129870414734,0.0357993058860302,-0.6080206036567688,-0.17037233710289001,0.999374270439148,-0.1068233922123909,-0.568355143070221,-0.13850191235542297,0.9989661574363708,0.1463208943605423,-0.4709693193435669,-0.03632693737745285,0.9999584555625916,-0.14781342446804047,-0.5335332751274109,0.03994674235582352,0.9999421834945679,0.1513737291097641,-0.29287269711494446,-0.083015576004982,0.9632969498634338,-0.230819433927536,-0.2904549837112427,-0.048612017184495926,0.938977837562561,-0.021866463124752045,-0.23748846352100372,-0.13837529718875885,0.9355751872062683,-0.14625458419322968,-0.21470427513122559,-0.21731600165367126,0.9088626503944397,0.09220244735479355,-0.0026879534125328064,0.026128625497221947,0.9999691843986511,-0.0903160497546196,-0.000458284979686141,-0.023458968847990036,0.9999711513519287,0.18786172568798065,0.3883422315120697,-0.007263006642460823,0.9432724118232727,-0.12235140800476074,0.3418419659137726,-0.05686395987868309,0.9612131714820862,0.2636341452598572,0.7259860634803772,0.13501860201358795,0.9356788992881775,-0.21067330241203308,0.7429111003875732,0.07881803810596466,0.968604564666748
295,-0.08235948532819748,-0.5846005082130432,-0.26445576548576355,0.9997661113739014,-0.06005968153476715,-0.6063470840454102,-0.2528942823410034,0.9991539120674133,-0.08516599237918854,-0.6145193576812744,-0.28287243843078613,0.9996346235275269,0.020817402750253677,-0.6082032918930054,-0.17466455698013306,0.9994180202484131,-0.11507950723171234,-0.5664363503456116,-0.13882066309452057,0.9990063905715942,0.13718214631080627,-0.47301384806632996,-0.04476689174771309,0.999960720539093,-0.15244781970977783,-0.5286867618560791,0.04115142300724983,0.999942421913147,0.1599789261817932,-0.2961626350879669,-0.08497592061758041,0.9646849036216736,-0.227278932929039,-0.28359004855155945,-0.04178423061966896,0.9345690608024597,-0.019172536209225655,-0.23688015341758728,-0.1320589929819107,0.9380149841308594,-0.14193196594715118,-0.21284811198711395,-0.2131907045841217,0.9032846093177795,0.09212061762809753,-0.002932589966803789,0.024495132267475128,0.9999704360961914,-0.09022840112447739,-0.00023891380988061428,-0.021811695769429207,0.9999721646308899,0.18040604889392853,0.38837286829948425,-0.00761386239901185,0.9457047581672668,-0.13931557536125183,0.33832746744155884,-0.06592336297035217,0.9637160301208496,0.2423551082611084,0.7304572463035583,0.13444678485393524,0.940392255783081,-0.22196358442306519,0.7431206703186035,0.05398384481668472,0.9708836078643799
296,-0.08243043720722198,-0.5844053626060486,-0.2640363872051239,0.9997797012329102,-0.06046092137694359,-0.6062784790992737,-0.252533495426178,0.9992082118988037,-0.08531013131141663,-0.6143491268157959,-0.2823414206504822,0.9996547102928162,0.018039990216493607,-0.6082462072372437,-0.17592783272266388,0.9994568228721619,-0.11646878719329834,-0.5641937851905823,-0.14025826752185822,0.99904465675354,0.13542039692401886,-0.47470930218696594,-0.04992949217557907,0.9999630451202393,-0.15249229967594147,-0.5244430303573608,0.040997203439474106,0.9999431371688843,0.1643349826335907,-0.30451500415802,-0.09070644527673721,0.9658757448196411,-0.21288153529167175,-0.281523734331131,-0.039515912532806396,0.926347553730011,-0.011371037922799587,-0.23841899633407593,-0.13215410709381104,0.9387478828430176,-0.13973884284496307,-0.20749597251415253,-0.20311947166919708,0.8903418779373169,0.09212072193622589,-0.003046933328732848,0.02391764335334301,0.9999717473983765,-0.09022693336009979,-0.000167694830452092,-0.02123003825545311,0.9999732971191406,0.17618556320667267,0.3887954652309418,-0.007184147834777832,0.9464793801307678,-0.15129496157169342,0.33041927218437195,-0.08081284910440445,0.9658164978027344,0.23356856405735016,0.7315769195556641,0.14163349568843842,0.9431039690971375,-0.24359573423862457,0.7428343296051025,0.015813324600458145,0.9727597832679749
297,-0.0754990503191948,-0.5842559933662415,-0.26180875301361084,0.9997842311859131,-0.0538003109395504,-0.6061571836471558,-0.2509896755218506,0.9992358684539795,-0.07799676060676575,-0.6142669320106506,-0.28038790822029114,0.9996604323387146,0.02041030302643776,-0.6081312298774719,-0.17431342601776123,0.9994844794273376,-0.11120019108057022,-0.5630074739456177,-0.14032648503780365,0.9990566372871399,0.13728035986423492,-0.4759625196456909,-0.05086450278759003,0.9999649524688721,-0.15252970159053802,-0.5229467153549194,0.04078679904341698,0.9999431371688843,0.16636550426483154,-0.3101511001586914,-0.09856334328651428,0.9674222469329834,-0.20393700897693634,-0.2800544798374176,-0.03879120573401451,0.9254188537597656,-0.008458330295979977,-0.2419312298297882,-0.14448940753936768,0.9413191080093384,-0.12012863159179688,-0.2060246616601944,-0.19657279551029205,0.8902688026428223,0.09212855249643326,-0.0030641299672424793,0.022182876244187355,0.9999731779098511,-0.090231753885746,-0.0001528800348751247,-0.019486568868160248,0.9999744296073914,0.1758415400981903,0.3903864026069641,-0.012990881688892841,0.950046956539154,-0.16227032244205475,0.329581618309021,-0.07913421839475632,0.9683545827865601,0.2289336770772934,0.7330350279808044,0.14133320748806,0.9474989175796509,-0.2633284330368042,0.7428091168403625,0.02843424864113331,0.9749122858047485
298,-0.0697350725531578,-0.5827583074569702,-0.26320451498031616,0.9997742176055908,-0.047920893877744675,-0.6045812368392944,-0.2521597146987915,0.9992160201072693,-0.07227346301078796,-0.6124778389930725,-0.2817763686180115,0.9996387362480164,0.025047315284609795,-0.6077724695205688,-0.1761324405670166,0.9994872212409973,-0.10752775520086288,-0.5609353184700012,-0.1446194052696228,0.9989904165267944,0.13934041559696198,-0.4779263734817505,-0.054678916931152344,0.999966025352478,-0.15236321091651917,-0.5213066935539246,0.03763607144355774,0.9999390244483948,0.18703746795654297,-0.32205381989479065,-0.10425230860710144,0.9678453207015991,-0.1974368393421173,-0.2792631983757019,-0.043044302612543106,0.9192639589309692,0.017664669081568718,-0.24202647805213928,-0.15328434109687805,0.9412623047828674,-0.10646062344312668,-0.20674745738506317,-0.20211583375930786,0.882898211479187,0.09213202446699142,-0.0030817852821201086,0.020569954067468643,0.9999735951423645,-0.09023630619049072,-0.00013918943295720965,-0.017739225178956985,0.9999743700027466,0.16822856664657593,0.391155481338501,-0.013624067418277264,0.9517243504524231,-0.1667986959218979,0.32428377866744995,-0.07798925042152405,0.9698169827461243,0.2268935739994049,0.7323861718177795,0.14516787230968475,0.9500246047973633,-0.2749130427837372,0.7409734129905701,0.034431878477334976,0.9764296412467957
299,-0.06818860024213791,-0.5814675092697144,-0.27233800292015076,0.9997525811195374,-0.045637574046850204,-0.6026423573493958,-0.25891709327697754,0.9991360306739807,-0.07124488800764084,-0.6107954382896423,-0.2899719476699829,0.9996013045310974,0.026166429743170738,-0.605415940284729,-0.17757141590118408,0.9994446039199829,-0.10540589690208435,-0.5592404007911682,-0.15299901366233826,0.9988828301429749,0.14018401503562927,-0.4776501953601837,-0.053782932460308075,0.9999651908874512,-0.15219849348068237,-0.5189719200134277,0.02882055938243866,0.9999372363090515,0.21477778255939484,-0.32168838381767273,-0.10359616577625275,0.9664403200149536,-0.194794163107872,-0.2759827673435211,-0.05035995692014694,0.9186910390853882,0.0449020192027092,-0.24178194999694824,-0.15702654421329498,0.9364469647407532,-0.09417697787284851,-0.20722077786922455,-0.20654091238975525,0.8858455419540405,0.09215711802244186,-0.003049415536224842,0.020567012950778008,0.9999725818634033,-0.09027411788702011,-0.00019833627447951585,-0.017711764201521873,0.9999735951423645,0.16703468561172485,0.39228489995002747,-0.01325278915464878,0.9497042298316956,-0.16773922741413116,0.3206702172756195,-0.07707010209560394,0.9701685309410095,0.2186078280210495,0.7317484617233276,0.15625469386577606,0.9492244124412537,-0.287943035364151,0.7390531897544861,0.03689398989081383,0.9772880673408508
300,-0.05468622222542763,-0.5813232660293579,-0.2717946469783783,0.9997182488441467,-0.03155532851815224,-0.6021196246147156,-0.25739210844039917,0.9990013837814331,-0.05787026137113571,-0.6105731129646301,-0.28945329785346985,0.9995384812355042,0.034815337508916855,-0.6039800047874451,-0.17123472690582275,0.9993703961372375,-0.10120972990989685,-0.559229850769043,-0.1527601033449173,0.9986932873725891,0.1435265839099884,-0.4775491952896118,-0.04506434127688408,0.9999632835388184,-0.1514245867729187,-0.5188402533531189,0.02884046733379364,0.9999343156814575,0.23858590424060822,-0.32139095664024353,-0.09757697582244873,0.9639767408370972,-0.18974174559116364,-0.2755865752696991,-0.050293851643800735,0.9187601208686829,0.0721810907125473,-0.24121466279029846,-0.1564597189426422,0.927065372467041,-0.07846437394618988,-0.21347248554229736,-0.19757336378097534,0.8864820003509521,0.09194792807102203,-0.0028554450254887342,0.020624006167054176,0.9999712109565735,-0.09009392559528351,-0.00039522728184238076,-0.01774463802576065,0.999972403049469,0.15406861901283264,0.3945818543434143,-0.01857326179742813,0.9458706378936768,-0.16477347910404205,0.3211461901664734,-0.07572329789400101,0.9685043096542358,0.17672672867774963,0.7317025065422058,0.15403878688812256,0.9442369937896729,-0.29764267802238464,0.7391444444656372,0.0374235175549984,0.9770896434783936
